molecule_chembl_id,canonical_smiles,standard_type,standard_relation,standard_value,standard_units,pchembl_value,activity_comment,assay_type,document_chembl_id,target_chembl_id
CHEMBL160347,COc1cc(Br)c2oc(C3CCNCC3)cc2c1,Inhibition,,,%,,Not Determined,B,CHEMBL1151505,CHEMBL220
CHEMBL160347,COc1cc(Br)c2oc(C3CCNCC3)cc2c1,Inhibition,,,%,,Not Determined,B,CHEMBL1151505,CHEMBL220
CHEMBL160347,COc1cc(Br)c2oc(C3CCNCC3)cc2c1,Inhibition,,,%,,Not Determined,B,CHEMBL1151505,CHEMBL220
CHEMBL160347,COc1cc(Br)c2oc(C3CCNCC3)cc2c1,Inhibition,,,%,,Not Determined,B,CHEMBL1151505,CHEMBL220
CHEMBL160836,CC/N=C1/CCc2c1n(C)c1ccc(OC(=O)NC)c(Br)c21,Inhibition,=,15.1,%,,,B,CHEMBL1151505,CHEMBL220
CHEMBL160836,CC/N=C1/CCc2c1n(C)c1ccc(OC(=O)NC)c(Br)c21,Inhibition,=,19.4,%,,,B,CHEMBL1151505,CHEMBL220
CHEMBL160836,CC/N=C1/CCc2c1n(C)c1ccc(OC(=O)NC)c(Br)c21,Inhibition,=,30.9,%,,,B,CHEMBL1151505,CHEMBL220
CHEMBL160836,CC/N=C1/CCc2c1n(C)c1ccc(OC(=O)NC)c(Br)c21,Inhibition,=,0.2,%,,,B,CHEMBL1151505,CHEMBL220
CHEMBL433041,CCCCCCCNC(=O)Oc1ccc2c(c1)[C@]1(C)CCN(C)[C@@H]1N2C,Inhibition,=,33.2,%,,,B,CHEMBL1151505,CHEMBL220
CHEMBL433041,CCCCCCCNC(=O)Oc1ccc2c(c1)[C@]1(C)CCN(C)[C@@H]1N2C,Inhibition,=,52.3,%,,,B,CHEMBL1151505,CHEMBL220
CHEMBL433041,CCCCCCCNC(=O)Oc1ccc2c(c1)[C@]1(C)CCN(C)[C@@H]1N2C,Inhibition,=,72.9,%,,,B,CHEMBL1151505,CHEMBL220
CHEMBL433041,CCCCCCCNC(=O)Oc1ccc2c(c1)[C@]1(C)CCN(C)[C@@H]1N2C,Inhibition,=,20.8,%,,,B,CHEMBL1151505,CHEMBL220
CHEMBL158946,C/N=C1/CCc2c1n(C)c1ccc(OC(=O)N(C)C)c(Br)c21,Inhibition,,,%,,,B,CHEMBL1151505,CHEMBL220
CHEMBL158946,C/N=C1/CCc2c1n(C)c1ccc(OC(=O)N(C)C)c(Br)c21,Inhibition,,,%,,,B,CHEMBL1151505,CHEMBL220
CHEMBL158946,C/N=C1/CCc2c1n(C)c1ccc(OC(=O)N(C)C)c(Br)c21,Inhibition,,,%,,,B,CHEMBL1151505,CHEMBL220
CHEMBL158946,C/N=C1/CCc2c1n(C)c1ccc(OC(=O)N(C)C)c(Br)c21,Inhibition,,,%,,,B,CHEMBL1151505,CHEMBL220
CHEMBL84,CC[C@@]1(O)C(=O)OCc2c1cc1n(c2=O)Cc2cc3c(CN(C)C)c(O)ccc3nc2-1,Inhibition,=,20.0,%,,,B,CHEMBL1134474,CHEMBL220
CHEMBL65,CC[C@@]1(O)C(=O)OCc2c1cc1n(c2=O)Cc2cc3ccccc3nc2-1,Inhibition,=,23.0,%,,,B,CHEMBL1134474,CHEMBL220
CHEMBL288053,CCc1c2c(nc3ccc4c(c13)N(C)CCO4)-c1cc3c(c(=O)n1C2)COC(=O)[C@]3(O)CC,Inhibition,=,19.0,%,,,B,CHEMBL1134474,CHEMBL220
CHEMBL290652,CC[C@@]1(O)C(=O)OCc2c1cc1n(c2=O)Cc2cc3c4c(cc(CN5CCOCC5)c3nc2-1)OCCN4,Inhibition,,,%,,Not Determined,B,CHEMBL1134474,CHEMBL220
CHEMBL296862,CC[C@@]1(O)C(=O)OCc2c1cc1n(c2=O)Cc2cc3c4c(ccc3nc2-1)OCCN4CC#N,Inhibition,=,20.0,%,,,B,CHEMBL1134474,CHEMBL220
CHEMBL297040,CC[C@@]1(O)C(=O)OCc2c1cc1n(c2=O)Cc2cc3c4c(cc(CN(C)C)c3nc2-1)OCCN4,Inhibition,,,%,,Not Determined,B,CHEMBL1134474,CHEMBL220
CHEMBL837,CCc1c2c(nc3ccc(O)cc13)-c1cc3c(c(=O)n1C2)COC(=O)[C@]3(O)CC,Inhibition,=,13.0,%,,,B,CHEMBL1134474,CHEMBL220
CHEMBL44044,CC[C@@]1(O)C(=O)OCc2c1cc1n(c2=O)Cc2cc3c4c(ccc3nc2-1)OCCN4,Inhibition,=,13.0,%,,,B,CHEMBL1134474,CHEMBL220
CHEMBL289665,CCc1c2c(nc3ccc4c(c13)NCCO4)-c1cc3c(c(=O)n1C2)COC(=O)[C@]3(O)CC,Inhibition,=,12.0,%,,,B,CHEMBL1134474,CHEMBL220
CHEMBL445883,CCN1CCOc2ccc3nc4c(cc3c21)Cn1c-4cc2c(c1=O)COC(=O)[C@]2(O)CC,Inhibition,=,9.0,%,,,B,CHEMBL1134474,CHEMBL220
CHEMBL297811,CC[C@@]1(O)C(=O)OCc2c1cc1n(c2=O)Cc2cc3c4c(ccc3nc2-1)OCCN4C,Inhibition,=,14.0,%,,,B,CHEMBL1134474,CHEMBL220
CHEMBL41652,CC[C@@]1(O)C(=O)OCc2c1cc1n(c2=O)Cc2cc3c4c(ccc3nc2-1)OCCN4CCN,Inhibition,=,17.0,%,,,B,CHEMBL1134474,CHEMBL220
CHEMBL294784,C/C=C1\C2C=C(C)CC1(OC(C)=O)c1ccc(O)nc1C2,Inhibition,=,6.36,%,,,B,CHEMBL1133307,CHEMBL220
CHEMBL292299,C/C=C1\C2C=C(C)CC1(O)c1ccc(O)nc1C2,Inhibition,=,50.0,%,,,B,CHEMBL1133307,CHEMBL220
CHEMBL293254,C/C=C1\C2C=C(C)CC1(F)c1ccc(O)nc1C2,Inhibition,=,50.0,%,,,B,CHEMBL1133307,CHEMBL220
CHEMBL325338,CCC1=CC2Cc3nc4ccccc4c(N)c3C(C1)C2,Inhibition,,,%,,No data,B,CHEMBL1133449,CHEMBL220
CHEMBL109870,CC1=CC2Cc3nc4cc(C)ccc4c(N)c3C(C1)C2,Inhibition,,,%,,No data,B,CHEMBL1133449,CHEMBL220
CHEMBL322106,CCC1=CC2Cc3nc4cccc(C)c4c(N)c3C(C1)C2,Inhibition,,,%,,No data,B,CHEMBL1133449,CHEMBL220
CHEMBL322281,CC1=CC2Cc3nc4ccccc4c(N)c3C(C1)C2,Inhibition,,,%,,No data,B,CHEMBL1133449,CHEMBL220
CHEMBL322343,CCC1=CC2Cc3nc4cc(C)ccc4c(N)c3C(C1)C2,Inhibition,,,%,,No data,B,CHEMBL1133449,CHEMBL220
CHEMBL340427,CNC(=O)Oc1cccc(CN(C)CCCOc2ccc3c(=O)c4ccccc4oc3c2)c1,Inhibition,<,10.0,%,,,F,CHEMBL1140306,CHEMBL220
CHEMBL189957,CNC(=O)Oc1cccc(CN(C)CCCCCCCOc2ccc3c(=O)c4ccccc4oc3c2)c1,Inhibition,<,10.0,%,,,F,CHEMBL1140306,CHEMBL220
CHEMBL191416,CNC(=O)Oc1cccc(CN(C)CCCOc2ccc3c(c2)O/C(=C\c2cc(OC)c(OC)c(OC)c2)C3=O)c1,Inhibition,=,29.2,%,,,F,CHEMBL1140306,CHEMBL220
CHEMBL190060,CNC(=O)Oc1cccc(CN(C)CCCOc2ccc3c(c2)O/C(=C\c2cccc4ccccc24)C3=O)c1,Inhibition,=,37.2,%,,,F,CHEMBL1140306,CHEMBL220
CHEMBL191386,CNC(=O)Oc1cccc(CN(C)CCCOc2ccc3c(c2)O/C(=C\c2ccc4ccccc4c2)C3=O)c1,Inhibition,=,35.0,%,,,F,CHEMBL1140306,CHEMBL220
CHEMBL190528,CNC(=O)Oc1cccc(CN(C)CCCCCCCOc2ccc3c(c2)O/C(=C\c2cc(OC)c(OC)c(OC)c2)C3=O)c1,Inhibition,=,41.0,%,,,F,CHEMBL1140306,CHEMBL220
CHEMBL364545,CNC(=O)Oc1cccc(CN(C)CCCCCCCOc2ccc3c(c2)O/C(=C\c2cccc4ccccc24)C3=O)c1,Inhibition,=,66.7,%,,,F,CHEMBL1140306,CHEMBL220
CHEMBL365678,CCC(=O)Oc1cccc(CN(C)CCCCCCCOc2ccc3c(c2)O/C(=C\c2ccc4ccccc4c2)C3=O)c1,Inhibition,=,53.3,%,,,F,CHEMBL1140306,CHEMBL220
CHEMBL191314,CNC(=O)Oc1cccc(CN(C)CCCCCCCOc2ccc3c(c2)O/C(=C\c2c4ccccc4cc4ccccc24)C3=O)c1,Inhibition,=,65.3,%,,,F,CHEMBL1140306,CHEMBL220
CHEMBL370961,CNC(=O)Oc1cccc(CN(C)CCCCCCCOc2ccc3c(c2)O/C(=C\c2ccccc2)C3=O)c1,Inhibition,=,43.3,%,,,F,CHEMBL1140306,CHEMBL220
CHEMBL372710,CNC(=O)Oc1cccc(CN(C)CCCCCCCOc2ccc3c(c2)O/C(=C\c2ccc(Cl)c(Cl)c2)C3=O)c1,Inhibition,=,49.1,%,,,F,CHEMBL1140306,CHEMBL220
CHEMBL364678,CNC(=O)Oc1cccc(CN(C)CCCCCCCOc2ccc3c(c2)O/C(=C\c2cc(Cl)cc(Cl)c2)C3=O)c1,Inhibition,=,47.6,%,,,F,CHEMBL1140306,CHEMBL220
CHEMBL191461,CNC(=O)Oc1cccc(CN(C)CCCCCCCOc2ccc3c(c2)C/C(=C\c2cc(OC)c(OC)c(OC)c2)C3=O)c1,Inhibition,=,32.8,%,,,F,CHEMBL1140306,CHEMBL220
CHEMBL363588,CNC(=O)Oc1cccc(CN(C)CCCCCCCOc2ccc3c(c2)OC/C(=C\c2cc(OC)c(OC)c(OC)c2)C3=O)c1,Inhibition,=,45.3,%,,,F,CHEMBL1140306,CHEMBL220
CHEMBL365136,CNC(=O)Oc1cccc(CN(C)CCCCCCCOc2ccc3c(c2)CC/C(=C\c2cc(OC)c(OC)c(OC)c2)C3=O)c1,Inhibition,=,33.3,%,,,F,CHEMBL1140306,CHEMBL220
CHEMBL371798,CN(CCCCCCCOc1ccc2c(c1)O/C(=C\c1cccc3ccccc13)C2=O)Cc1cccc(O)c1,Inhibition,=,49.5,%,,,F,CHEMBL1140306,CHEMBL220
CHEMBL189797,CNC(=O)Oc1cccc(CN(C)CCCCCCCOc2ccc3c(c2)OCC3=O)c1,Inhibition,=,17.5,%,,,F,CHEMBL1140306,CHEMBL220
CHEMBL94,CNC(=O)Oc1ccc2c(c1)[C@]1(C)CCN(C)[C@@H]1N2C,Inhibition,=,30.0,%,,,F,CHEMBL1140306,CHEMBL220
CHEMBL205431,COc1ccc(C(O)C2NCCc3cc(OC)c(OC)cc32)cc1OC,Inhibition,=,45.9,%,,,B,CHEMBL1146949,CHEMBL220
CHEMBL19224,COc1ccc(Cc2nccc3cc(OC)c(OC)cc23)cc1OC,Inhibition,=,88.2,%,,,B,CHEMBL1146949,CHEMBL220
CHEMBL205040,COc1ccc(C(=O)c2nccc3cc(OC)c(OC)cc23)cc1OC,Inhibition,=,38.6,%,,,B,CHEMBL1146949,CHEMBL220
CHEMBL207932,COc1cc2ccnc(C(=O)c3ccccc3)c2cc1OC,Inhibition,=,8.4,%,,,B,CHEMBL1146949,CHEMBL220
CHEMBL207931,COc1ccc(C(O)c2nccc3cc(OC)c(OC)cc23)cc1OC,Inhibition,=,88.7,%,,,B,CHEMBL1146949,CHEMBL220
CHEMBL208132,COc1cc2ccnc(C(O)c3ccccc3OC)c2cc1OC,Inhibition,=,67.8,%,,,B,CHEMBL1146949,CHEMBL220
CHEMBL206259,COc1ccccc1C(O)c1nccc2ccccc12,Inhibition,=,14.7,%,,,B,CHEMBL1146949,CHEMBL220
CHEMBL206925,COc1ccc(C(O)c2nccc3ccccc23)cc1,Inhibition,=,11.4,%,,,B,CHEMBL1146949,CHEMBL220
CHEMBL383242,COc1ccc(CC2=[N+](C)CCc3cc(OC)c(OC)cc32)cc1OC,Inhibition,=,90.2,%,,,B,CHEMBL1146949,CHEMBL220
CHEMBL206505,COc1ccc2c(c1OC)-c1c(OC)c(OC)cc3c1C(C2)N(C)CC3,Inhibition,=,34.5,%,,,B,CHEMBL1146949,CHEMBL220
CHEMBL383038,COC(=O)N1CCc2c(cc(OC)c(OC)c2OC)C1Cc1ccc(OC)c(OC)c1,Inhibition,=,13.4,%,,,B,CHEMBL1146949,CHEMBL220
CHEMBL539941,COc1ccc(CC2c3cc(OC)c(OC)c(OC)c3CCN2C=O)cc1OC,Inhibition,=,17.7,%,,,B,CHEMBL1146949,CHEMBL220
CHEMBL205317,COc1cc2c(c(OC)c1OC)CCN(C=O)C2Cc1ccc2c(c1)OCO2,Inhibition,=,14.5,%,,,B,CHEMBL1146949,CHEMBL220
CHEMBL204891,COc1cc2c(cc1OC)C(Cc1ccc3c(c1)OCO3)N(C=O)CC2,Inhibition,=,13.2,%,,,B,CHEMBL1146949,CHEMBL220
CHEMBL205855,COc1cc2c(cc1OC)C(Cc1ccc3c(c1)OCO3)N(C)CC2,Inhibition,=,38.4,%,,,B,CHEMBL1146949,CHEMBL220
CHEMBL1407,COc1ccc(CC2c3cc(OC)c(OC)cc3CCN2C)cc1OC,Inhibition,=,46.6,%,,,B,CHEMBL1146949,CHEMBL220
CHEMBL205431,COc1ccc(C(O)C2NCCc3cc(OC)c(OC)cc32)cc1OC,Inhibition,=,11.4,%,,,B,CHEMBL1146949,CHEMBL220
CHEMBL19224,COc1ccc(Cc2nccc3cc(OC)c(OC)cc23)cc1OC,Inhibition,=,46.4,%,,,B,CHEMBL1146949,CHEMBL220
CHEMBL205040,COc1ccc(C(=O)c2nccc3cc(OC)c(OC)cc23)cc1OC,Inhibition,=,2.3,%,,,B,CHEMBL1146949,CHEMBL220
CHEMBL207932,COc1cc2ccnc(C(=O)c3ccccc3)c2cc1OC,Inhibition,=,4.6,%,,,B,CHEMBL1146949,CHEMBL220
CHEMBL207931,COc1ccc(C(O)c2nccc3cc(OC)c(OC)cc23)cc1OC,Inhibition,=,45.5,%,,,B,CHEMBL1146949,CHEMBL220
CHEMBL208132,COc1cc2ccnc(C(O)c3ccccc3OC)c2cc1OC,Inhibition,=,53.5,%,,,B,CHEMBL1146949,CHEMBL220
CHEMBL206259,COc1ccccc1C(O)c1nccc2ccccc12,Inhibition,=,-4.0,%,,,B,CHEMBL1146949,CHEMBL220
CHEMBL206925,COc1ccc(C(O)c2nccc3ccccc23)cc1,Inhibition,=,3.5,%,,,B,CHEMBL1146949,CHEMBL220
CHEMBL383242,COc1ccc(CC2=[N+](C)CCc3cc(OC)c(OC)cc32)cc1OC,Inhibition,=,52.4,%,,,B,CHEMBL1146949,CHEMBL220
CHEMBL206505,COc1ccc2c(c1OC)-c1c(OC)c(OC)cc3c1C(C2)N(C)CC3,Inhibition,=,9.3,%,,,B,CHEMBL1146949,CHEMBL220
CHEMBL383038,COC(=O)N1CCc2c(cc(OC)c(OC)c2OC)C1Cc1ccc(OC)c(OC)c1,Inhibition,=,4.2,%,,,B,CHEMBL1146949,CHEMBL220
CHEMBL539941,COc1ccc(CC2c3cc(OC)c(OC)c(OC)c3CCN2C=O)cc1OC,Inhibition,=,2.4,%,,,B,CHEMBL1146949,CHEMBL220
CHEMBL205317,COc1cc2c(c(OC)c1OC)CCN(C=O)C2Cc1ccc2c(c1)OCO2,Inhibition,=,4.5,%,,,B,CHEMBL1146949,CHEMBL220
CHEMBL204891,COc1cc2c(cc1OC)C(Cc1ccc3c(c1)OCO3)N(C=O)CC2,Inhibition,=,2.5,%,,,B,CHEMBL1146949,CHEMBL220
CHEMBL205855,COc1cc2c(cc1OC)C(Cc1ccc3c(c1)OCO3)N(C)CC2,Inhibition,=,9.6,%,,,B,CHEMBL1146949,CHEMBL220
CHEMBL1407,COc1ccc(CC2c3cc(OC)c(OC)cc3CCN2C)cc1OC,Inhibition,=,9.2,%,,,B,CHEMBL1146949,CHEMBL220
CHEMBL208310,COC(=O)N1CCc2c(OC)c(OC)c(OC)c3c2C1Cc1cc(OC)c(OC)cc1-3,Inhibition,=,15.9,%,,,B,CHEMBL1146949,CHEMBL220
CHEMBL208310,COC(=O)N1CCc2c(OC)c(OC)c(OC)c3c2C1Cc1cc(OC)c(OC)cc1-3,Inhibition,=,7.3,%,,,B,CHEMBL1146949,CHEMBL220
CHEMBL208132,COc1cc2ccnc(C(O)c3ccccc3OC)c2cc1OC,Inhibition,=,0.0,%,,,B,CHEMBL1146949,CHEMBL220
CHEMBL214268,O=C(N[C@H]1CN2CCC1CC2)c1cc2ccoc2cn1,Inhibition,<,10.0,%,,,B,CHEMBL1138064,CHEMBL220
CHEMBL225024,COc1cc2ccc(=O)oc2cc1O[C@@H]1O[C@H](CO)[C@@H](O)[C@H](O)[C@H]1O,Inhibition,=,30.1,%,,,B,CHEMBL1149251,CHEMBL220
CHEMBL500996,COc1ccccc1CNCCCCCCNCCCCCCCCNCCCCCCNCc1ccccc1OC.Cl.Cl.Cl.Cl,Inhibition,,,%,,Not Determined,B,CHEMBL1149275,CHEMBL220
CHEMBL222856,COc1ccccc1CN(C)CCCCCC(=O)N(C)CCCCCCCCN(C)C(=O)CCCCCN(C)Cc1ccccc1OC.O=C(O)C(=O)O,Inhibition,<,5.0,%,,,B,CHEMBL1149275,CHEMBL220
CHEMBL385130,CCN(CCCCCC(=O)N(C)CCCCCCCCN(C)C(=O)CCCCCN(CC)Cc1ccccc1OC)Cc1ccccc1OC.O=C(O)C(=O)O,Inhibition,<,5.0,%,,,B,CHEMBL1149275,CHEMBL220
CHEMBL222904,CCN(CCCCCC(=O)N1CCC(C2CCN(C(=O)CCCCCN(CC)Cc3ccccc3OC)CC2)CC1)Cc1ccccc1OC.O=C(O)C(=O)O,Inhibition,=,41.0,%,,,B,CHEMBL1149275,CHEMBL220
CHEMBL222946,CCN(CCCCCC(=O)N1CCC(CC2CCN(C(=O)CCCCCN(CC)Cc3ccccc3OC)CC2)CC1)Cc1ccccc1OC.O=C(O)C(=O)O,Inhibition,,,%,,Not Determined,B,CHEMBL1149275,CHEMBL220
CHEMBL387394,CCN(CCCCCC(=O)N1CCC(CCC2CCN(C(=O)CCCCCN(CC)Cc3ccccc3OC)CC2)CC1)Cc1ccccc1OC.O=C(O)C(=O)O,Inhibition,=,15.0,%,,,B,CHEMBL1149275,CHEMBL220
CHEMBL222378,CCN(CCCCCC(=O)N1CCC(CCCC2CCN(C(=O)CCCCCN(CC)Cc3ccccc3OC)CC2)CC1)Cc1ccccc1OC.O=C(O)C(=O)O,Inhibition,,,%,,Not Determined,B,CHEMBL1149275,CHEMBL220
CHEMBL222340,CCN(CCCCCC(=O)Nc1ccc(-c2ccc(NC(=O)CCCCCN(CC)Cc3ccccc3OC)cc2)cc1)Cc1ccccc1OC.O=C(O)C(=O)O,Inhibition,=,35.0,%,,,B,CHEMBL1149275,CHEMBL220
CHEMBL222818,CCN(CCCCCC(=O)Nc1ccc(Cc2ccc(NC(=O)CCCCCN(CC)Cc3ccccc3OC)cc2)cc1)Cc1ccccc1OC.O=C(O)C(=O)O,Inhibition,,,%,,Not Determined,B,CHEMBL1149275,CHEMBL220
CHEMBL95,Nc1c2c(nc3ccccc13)CCCC2,Inhibition,,,%,,Not Determined,B,CHEMBL1149275,CHEMBL220
CHEMBL611732,CCN(CCCCCCNc1ccc(CCc2ccc(NCCCCCCN(CC)Cc3ccccc3OC)cc2)cc1)Cc1ccccc1OC,Inhibition,,,%,,Not Determined,B,CHEMBL1149275,CHEMBL220
CHEMBL222037,CCN(CCCCCCNc1ccc(Cc2ccc(NCCCCCCN(CC)Cc3ccccc3OC)cc2)cc1)Cc1ccccc1OC,Inhibition,,,%,,Not Determined,B,CHEMBL1149275,CHEMBL220
CHEMBL222044,CCN(CCCCCCNc1ccc(-c2ccc(NCCCCCCN(CC)Cc3ccccc3OC)cc2)cc1)Cc1ccccc1OC,Inhibition,,,%,,Not Determined,B,CHEMBL1149275,CHEMBL220
CHEMBL222043,CC[N+](C)(CCCCCC(=O)Nc1ccc(CCc2ccc(NC(=O)CCCCC[N+](C)(CC)Cc3ccccc3OC)cc2)cc1)Cc1ccccc1OC.[I-].[I-],Inhibition,,,%,,Not Determined,B,CHEMBL1149275,CHEMBL220
CHEMBL221992,CC[N+](C)(CCCCCC(=O)N1CCC(CCCC2CCN(C(=O)CCCCC[N+](C)(CC)Cc3ccccc3OC)CC2)CC1)Cc1ccccc1OC.[I-].[I-],Inhibition,,,%,,Not Determined,B,CHEMBL1149275,CHEMBL220
CHEMBL19949,CC[N+](C)(CCCCCC(=O)N1CCC(CCC2CCN(C(=O)CCCCC[N+](C)(CC)Cc3ccccc3OC)CC2)CC1)Cc1ccccc1OC.[I-].[I-],Inhibition,,,%,,Not Determined,B,CHEMBL1149275,CHEMBL220
CHEMBL222875,CCN(CCCCCC(=O)Nc1ccc(CCc2ccc(NC(=O)CCCCCN(CC)Cc3ccccc3OC)cc2)cc1)Cc1ccccc1OC.O=C(O)C(=O)O,Inhibition,,,%,,Not Determined,B,CHEMBL1149275,CHEMBL220
CHEMBL502,COc1cc2c(cc1OC)C(=O)C(CC1CCN(Cc3ccccc3)CC1)C2,Inhibition,=,22.0,%,,,B,CHEMBL1149275,CHEMBL220
CHEMBL94,CNC(=O)Oc1ccc2c(c1)[C@]1(C)CCN(C)[C@@H]1N2C,Inhibition,,,%,,Not Determined,B,CHEMBL1149275,CHEMBL220
CHEMBL225567,O=C(CCc1c[nH]c2ccccc12)NCCCCCCNc1c2c(nc3cc(Cl)ccc13)CCCC2,Inhibition,=,98.0,%,,,F,CHEMBL1139473,CHEMBL220
CHEMBL225567,O=C(CCc1c[nH]c2ccccc12)NCCCCCCNc1c2c(nc3cc(Cl)ccc13)CCCC2,Inhibition,=,49.0,%,,,F,CHEMBL1139473,CHEMBL220
CHEMBL225198,O=C(CCc1c[nH]c2ccccc12)NCCCCCCCNc1c2c(nc3cc(Cl)ccc13)CCCC2,Inhibition,=,96.0,%,,,F,CHEMBL1139473,CHEMBL220
CHEMBL225198,O=C(CCc1c[nH]c2ccccc12)NCCCCCCCNc1c2c(nc3cc(Cl)ccc13)CCCC2,Inhibition,=,65.0,%,,,F,CHEMBL1139473,CHEMBL220
CHEMBL223443,O=C(Cc1c[nH]c2ccccc12)NCCCCCCCNc1c2c(nc3cc(Cl)ccc13)CCCC2,Inhibition,=,84.0,%,,,F,CHEMBL1139473,CHEMBL220
CHEMBL223443,O=C(Cc1c[nH]c2ccccc12)NCCCCCCCNc1c2c(nc3cc(Cl)ccc13)CCCC2,Inhibition,=,63.0,%,,,F,CHEMBL1139473,CHEMBL220
CHEMBL225021,O=C(CCCc1c[nH]c2ccccc12)NCCCCCNc1c2c(nc3cc(Cl)ccc13)CCCC2,Inhibition,=,99.0,%,,,F,CHEMBL1139473,CHEMBL220
CHEMBL225021,O=C(CCCc1c[nH]c2ccccc12)NCCCCCNc1c2c(nc3cc(Cl)ccc13)CCCC2,Inhibition,=,63.0,%,,,F,CHEMBL1139473,CHEMBL220
CHEMBL225326,O=C(Cc1c[nH]c2ccc(Br)cc12)NCCCCCCCNc1c2c(nc3cc(Cl)ccc13)CCCC2,Inhibition,=,82.0,%,,,F,CHEMBL1139473,CHEMBL220
CHEMBL225326,O=C(Cc1c[nH]c2ccc(Br)cc12)NCCCCCCCNc1c2c(nc3cc(Cl)ccc13)CCCC2,Inhibition,=,62.0,%,,,F,CHEMBL1139473,CHEMBL220
CHEMBL95,Nc1c2c(nc3ccccc13)CCCC2,Inhibition,=,0.0,%,,,F,CHEMBL1139473,CHEMBL220
CHEMBL345124,CC[N+](C)(CC)CCC[n+]1c(-c2ccccc2)c2cc(N)ccc2c2ccc(N)cc21.[I-].[I-],Inhibition,=,46.0,%,,,F,CHEMBL1139473,CHEMBL220
CHEMBL1190,C[N+](C)(C)CCCCCCCCCC[N+](C)(C)C,Inhibition,=,0.0,%,,,F,CHEMBL1139473,CHEMBL220
CHEMBL502,COc1cc2c(cc1OC)C(=O)C(CC1CCN(Cc3ccccc3)CC1)C2,Inhibition,=,0.0,%,,,F,CHEMBL1139473,CHEMBL220
CHEMBL60745,CC[N+](C)(C)c1cccc(O)c1.[Br-],Inhibition,,,%,,Not Determined,F,CHEMBL1139473,CHEMBL220
CHEMBL94,CNC(=O)Oc1ccc2c(c1)[C@]1(C)CCN(C)[C@@H]1N2C,Inhibition,,,%,,Not Determined,F,CHEMBL1139473,CHEMBL220
CHEMBL75121,COc1cc2cc(-c3ccc(CN(C)Cc4ccccc4)cc3)c(=O)oc2cc1OC,Inhibition,=,35.0,%,,,B,CHEMBL1148720,CHEMBL220
CHEMBL244624,CN(Cc1ccccc1)Cc1ccc(-c2cc3cc(N)ccc3oc2=O)cc1,Inhibition,<,5.0,%,,,B,CHEMBL1148720,CHEMBL220
CHEMBL244619,CN(Cc1ccccc1)Cc1ccc(-c2cc3cc([N+](=O)[O-])ccc3oc2=O)cc1,Inhibition,<,5.0,%,,,B,CHEMBL1148720,CHEMBL220
CHEMBL396247,COc1cc2cc(-c3ccc(CN(CCO)Cc4ccccc4)cc3)c(=O)oc2cc1OC,Inhibition,=,6.0,%,,,B,CHEMBL1148720,CHEMBL220
CHEMBL244416,CCN(Cc1ccccc1)Cc1ccc(-c2cc3cc(OC)c(OC)cc3oc2=O)cc1,Inhibition,=,38.0,%,,,B,CHEMBL1148720,CHEMBL220
CHEMBL389825,COc1ccccc1CN(C)Cc1ccc(-c2cc3cc(OC)c(OC)cc3oc2=O)cc1,Inhibition,=,15.0,%,,,B,CHEMBL1148720,CHEMBL220
CHEMBL243532,COc1ccc2oc(=O)c(-c3ccc(CN(C)Cc4ccccc4)cc3)cc2c1,Inhibition,<,5.0,%,,,B,CHEMBL1148720,CHEMBL220
CHEMBL413793,COc1ccc2cc(-c3ccc(CN(C)Cc4ccccc4)cc3)c(=O)oc2c1,Inhibition,<,5.0,%,,,B,CHEMBL1148720,CHEMBL220
CHEMBL243310,COc1cc2cc(-c3cccc(CN(C)Cc4ccccc4)c3)c(=O)oc2cc1OC,Inhibition,=,25.0,%,,,B,CHEMBL1148720,CHEMBL220
CHEMBL557586,COc1ccccc1CN(C)CCCCCC(=O)N(C)CCCCCCCCN(C)C(=O)CCCCCN(C)Cc1ccccc1OC.Cl.Cl,Inhibition,<,5.0,%,,,B,CHEMBL1148814,CHEMBL220
CHEMBL243055,CCN(CCCCCCNC1=C(F)C(=O)C(NCCCCCCN(CC)Cc2ccccc2OC)=C(F)C1=O)Cc1ccccc1OC,Inhibition,,,%,,Not Determined,B,CHEMBL1148814,CHEMBL220
CHEMBL241960,CCN(CCCCCCNC1=CC(=O)C(NCCCCCCN(CC)Cc2ccncc2)=CC1=O)Cc1ccncc1,Inhibition,,,%,,Not Determined,B,CHEMBL1148814,CHEMBL220
CHEMBL241974,CCN(CCCCCCNC1=CC(=O)C(NCCCCCCN(CC)Cc2cccnc2)=CC1=O)Cc1cccnc1,Inhibition,,,%,,Not Determined,B,CHEMBL1148814,CHEMBL220
CHEMBL244762,CCN(CCCCCCNC1=CC(=O)C(NCCCCCCN(CC)Cc2ccccn2)=CC1=O)Cc1ccccn1,Inhibition,,,%,,Not Determined,B,CHEMBL1148814,CHEMBL220
CHEMBL390247,CCN(CCCCCCNC1=CC(=O)C(NCCCCCCN(CC)Cc2cccs2)=CC1=O)Cc1cccs1,Inhibition,,,%,,Not Determined,B,CHEMBL1148814,CHEMBL220
CHEMBL276444,CCN(CCCCCCNC1=CC(=O)C(NCCCCCCN(CC)Cc2ccco2)=CC1=O)Cc1ccco1,Inhibition,,,%,,Not Determined,B,CHEMBL1148814,CHEMBL220
CHEMBL395815,CCN(CCCCCCNC1=CC(=O)C(NCCCCCCN(CC)Cc2ccccc2[N+](=O)[O-])=CC1=O)Cc1ccccc1[N+](=O)[O-],Inhibition,=,34.6,%,,,B,CHEMBL1148814,CHEMBL220
CHEMBL243057,CCN(CCCCCCNC1=CC(=O)C(NCCCCCCN(CC)Cc2ccccc2Cl)=CC1=O)Cc1ccccc1Cl,Inhibition,,,%,,Not Determined,B,CHEMBL1148814,CHEMBL220
CHEMBL243274,CCN(CCCCCCNC1=CC(=O)C(NCCCCCCN(CC)Cc2ccccc2C)=CC1=O)Cc1ccccc1C,Inhibition,,,%,,Not Determined,B,CHEMBL1148814,CHEMBL220
CHEMBL394865,CCN(CCCCCCNC1=CC(=O)C(NCCCCCCN(CC)Cc2cccc(OC)c2)=CC1=O)Cc1cccc(OC)c1,Inhibition,,,%,,Not Determined,B,CHEMBL1148814,CHEMBL220
CHEMBL242661,CCN(CCCCCCNC1=CC(=O)C(NCCCCCCN(CC)Cc2ccc(OC)cc2)=CC1=O)Cc1ccc(OC)cc1,Inhibition,,,%,,Not Determined,B,CHEMBL1148814,CHEMBL220
CHEMBL218443,CCN(CCCCCCNC1=CC(=O)C(NCCCCCCN(CC)Cc2ccccc2)=CC1=O)Cc1ccccc1,Inhibition,,,%,,Not Determined,B,CHEMBL1148814,CHEMBL220
CHEMBL242836,COc1ccccc1CN(CCCCCCNC1=CC(=O)C(NCCCCCCN(Cc2ccccc2OC)C(C)C)=CC1=O)C(C)C,Inhibition,,,%,,Not Determined,B,CHEMBL1148814,CHEMBL220
CHEMBL242191,COc1ccccc1CN(C)CCCCCCNC1=CC(=O)C(NCCCCCCN(C)Cc2ccccc2OC)=CC1=O,Inhibition,,,%,,Not Determined,B,CHEMBL1148814,CHEMBL220
CHEMBL243044,COc1ccccc1CNCCCCCCNC1=CC(=O)C(NCCCCCCNCc2ccccc2OC)=CC1=O,Inhibition,=,90.0,%,,,B,CHEMBL1148814,CHEMBL220
CHEMBL242190,CCN(Cc1ccccc1OC)C(=O)CCCCCNC1=CC(=O)C(NCCCCCC(=O)N(CC)Cc2ccccc2OC)=CC1=O,Inhibition,<,5.0,%,,,B,CHEMBL1148814,CHEMBL220
CHEMBL394348,CCN(CCCCCCNC1=CC(=O)C(NCCCCCCN(CC)CCc2ccccc2OC)=CC1=O)CCc1ccccc1OC,Inhibition,,,%,,Not Determined,B,CHEMBL1148814,CHEMBL220
CHEMBL243273,CCN(CCCCCCCNC1=CC(=O)C(NCCCCCCCN(CC)Cc2ccccc2OC)=CC1=O)Cc1ccccc1OC,Inhibition,,,%,,Not Determined,B,CHEMBL1148814,CHEMBL220
CHEMBL230702,CCN(CCCCCNC1=CC(=O)C(NCCCCCN(CC)Cc2ccccc2OC)=CC1=O)Cc1ccccc1OC,Inhibition,,,%,,Not Determined,B,CHEMBL1148814,CHEMBL220
CHEMBL243272,CCN(CCCCNC1=CC(=O)C(NCCCCN(CC)Cc2ccccc2OC)=CC1=O)Cc1ccccc1OC,Inhibition,,,%,,Not Determined,B,CHEMBL1148814,CHEMBL220
CHEMBL243271,CCN(CCCNC1=CC(=O)C(NCCCN(CC)Cc2ccccc2OC)=CC1=O)Cc1ccccc1OC,Inhibition,=,91.1,%,,,B,CHEMBL1148814,CHEMBL220
CHEMBL243270,CCN(CCNC1=CC(=O)C(NCCN(CC)Cc2ccccc2OC)=CC1=O)Cc1ccccc1OC,Inhibition,,,%,,Not Determined,B,CHEMBL1148814,CHEMBL220
CHEMBL230434,CCN(CCCCCCNc1ccc(NCCCCCCN(CC)Cc2ccccc2OC)cc1)Cc1ccccc1OC,Inhibition,=,72.4,%,,,B,CHEMBL1148814,CHEMBL220
CHEMBL396050,CCN(CCCCCCNC1=C(c2ccccc2)C(=O)C(NCCCCCCN(CC)Cc2ccccc2OC)=C(c2ccccc2)C1=O)Cc1ccccc1OC,Inhibition,=,45.6,%,,,B,CHEMBL1148814,CHEMBL220
CHEMBL243269,CCN(CCCCCCNC1=C(C)C(=O)C(NCCCCCCN(CC)Cc2ccccc2OC)=C(C)C1=O)Cc1ccccc1OC,Inhibition,,,%,,Not Determined,B,CHEMBL1148814,CHEMBL220
CHEMBL243062,CCN(CCCCCCNC1=C(Br)C(=O)C(NCCCCCCN(CC)Cc2ccccc2OC)=C(Br)C1=O)Cc1ccccc1OC,Inhibition,=,84.2,%,,,B,CHEMBL1148814,CHEMBL220
CHEMBL243056,CCN(CCCCCCNC1=C(Cl)C(=O)C(NCCCCCCN(CC)Cc2ccccc2OC)=C(Cl)C1=O)Cc1ccccc1OC,Inhibition,,,%,,Not Determined,B,CHEMBL1148814,CHEMBL220
CHEMBL659,COc1ccc2c3c1O[C@H]1C[C@@H](O)C=C[C@@]31CCN(C)C2,Inhibition,=,17.9,%,,,B,CHEMBL1148814,CHEMBL220
CHEMBL636,CCN(C)C(=O)Oc1cccc([C@H](C)N(C)C)c1,Inhibition,<,5.0,%,,,B,CHEMBL1148814,CHEMBL220
CHEMBL429694,Nc1c(/N=N/c2ccc(-c3ccc(/N=N/c4cc(S(=O)(=O)[O-])c5ccccc5c4N)cc3)cc2)cc(S(=O)(=O)[O-])c2ccccc12.[Na+].[Na+],Inhibition,,,%,,Not Determined,B,CHEMBL1148814,CHEMBL220
CHEMBL314437,CCC1(c2cccc(O)c2)CCCCN(C)C1,Inhibition,,,%,,Not Determined,B,CHEMBL1142412,CHEMBL220
CHEMBL314437,CCC1(c2cccc(O)c2)CCCCN(C)C1,Inhibition,=,0.0,%,,,B,CHEMBL1142412,CHEMBL220
CHEMBL345124,CC[N+](C)(CC)CCC[n+]1c(-c2ccccc2)c2cc(N)ccc2c2ccc(N)cc21.[I-].[I-],Inhibition,=,85.6,%,,,B,CHEMBL1142412,CHEMBL220
CHEMBL345124,CC[N+](C)(CC)CCC[n+]1c(-c2ccccc2)c2cc(N)ccc2c2ccc(N)cc21.[I-].[I-],Inhibition,=,98.6,%,,,B,CHEMBL1142412,CHEMBL220
CHEMBL259523,CC[C@@]1(c2cccc(O)c2)CCCCN(CCCCCCCCCCN2CCCC[C@@](CC)(c3cccc(O)c3)C2)C1,Inhibition,=,95.8,%,,,B,CHEMBL1142412,CHEMBL220
CHEMBL406645,CC[C@@]1(c2cccc(O)c2)CCCCN(CCCCCCCCCN2CCCC[C@@](CC)(c3cccc(O)c3)C2)C1,Inhibition,=,90.8,%,,,B,CHEMBL1142412,CHEMBL220
CHEMBL410915,CC[C@@]1(c2cccc(O)c2)CCCCN(CCCCCCCCN2CCCC[C@@](CC)(c3cccc(O)c3)C2)C1,Inhibition,=,0.0,%,,,B,CHEMBL1142412,CHEMBL220
CHEMBL259523,CC[C@@]1(c2cccc(O)c2)CCCCN(CCCCCCCCCCN2CCCC[C@@](CC)(c3cccc(O)c3)C2)C1,Inhibition,=,98.4,%,,,B,CHEMBL1142412,CHEMBL220
CHEMBL406645,CC[C@@]1(c2cccc(O)c2)CCCCN(CCCCCCCCCN2CCCC[C@@](CC)(c3cccc(O)c3)C2)C1,Inhibition,=,99.2,%,,,B,CHEMBL1142412,CHEMBL220
CHEMBL410915,CC[C@@]1(c2cccc(O)c2)CCCCN(CCCCCCCCN2CCCC[C@@](CC)(c3cccc(O)c3)C2)C1,Inhibition,=,15.2,%,,,B,CHEMBL1142412,CHEMBL220
CHEMBL466340,COc1ccc(O)c2c(=O)c3c(O)cc(O[C@@H]4O[C@H](CO)[C@@H](O)[C@H](O)[C@H]4O)c(OC)c3oc12,Inhibition,=,17.6,%,,,B,CHEMBL1149880,CHEMBL220
CHEMBL659,COc1ccc2c3c1O[C@H]1C[C@@H](O)C=C[C@@]31CCN(C)C2,Inhibition,=,96.82,%,,,B,CHEMBL1149880,CHEMBL220
CHEMBL185776,COc1cc(O)c2c(=O)c3c(O)ccc(O)c3oc2c1,Inhibition,=,21.9,%,,,B,CHEMBL1149880,CHEMBL220
CHEMBL466542,O=c1c2c(O)c(-c3cc(O)c4oc5cc(O)cc(O)c5c(=O)c4c3O)c(O)cc2oc2c(O)ccc(O)c12,Inhibition,=,20.9,%,,,B,CHEMBL1149880,CHEMBL220
CHEMBL512072,O=c1c2c(O)cc(O)cc2oc2c(O)ccc(O[C@@H]3O[C@H](CO)[C@@H](O)[C@H](O)[C@H]3O)c12,Inhibition,=,4.4,%,,,B,CHEMBL1149880,CHEMBL220
CHEMBL468396,COc1cc(O)c2c(=O)c3c(O[C@@H]4O[C@H](CO)[C@@H](O)[C@H](O)[C@H]4O)ccc(O)c3oc2c1,Inhibition,=,9.8,%,,,B,CHEMBL1149880,CHEMBL220
CHEMBL468395,COc1c(O)ccc2c(=O)c3c(OC4O[C@H](CO)[C@@H](O)[C@H](O)[C@H]4O)cc(O)c(OC)c3oc12,Inhibition,=,1.5,%,,,B,CHEMBL1149880,CHEMBL220
CHEMBL468010,COc1cc(O)c2c(=O)c3cc(O[C@@H]4O[C@H](CO)[C@@H](O)[C@H](O)[C@H]4O)ccc3oc2c1OC,Inhibition,=,28.2,%,,,B,CHEMBL1149880,CHEMBL220
CHEMBL466536,COc1cc(O)c2c(=O)c3c(O)c(O[C@@H]4O[C@H](CO)[C@@H](O)[C@H](O)[C@H]4O)ccc3oc2c1OC,Inhibition,=,43.7,%,,,B,CHEMBL1149880,CHEMBL220
CHEMBL447295,COc1ccc(O[C@@H]2O[C@H](CO)[C@@H](O)[C@H](O)[C@H]2O)c2c(=O)c3c(O)c(-c4cc(O)c5oc6cc(O)cc(O)c6c(=O)c5c4O)c(O)cc3oc12,Inhibition,=,12.3,%,,,B,CHEMBL1149880,CHEMBL220
CHEMBL184574,O=c1c2c(O)cc(O)cc2oc2c(O)ccc(O)c12,Inhibition,=,17.5,%,,,B,CHEMBL1149880,CHEMBL220
CHEMBL498315,C=C1CC[C@@H](OC)C(O)=C1C(=O)C1(C)NC(=O)CC[C@H](N)C(=O)O1,Inhibition,=,7.0,%,,,B,CHEMBL1156660,CHEMBL220
CHEMBL526843,CO[C@@H]1CC[C@](C)(O)C(C(=O)C2(C)NC(=O)CC[C@H](N)C(=O)O2)=C1O,Inhibition,=,20.0,%,,,B,CHEMBL1156660,CHEMBL220
CHEMBL526648,CC(=O)c1ccc(N2CCN(C(=O)c3cc(S(C)(=O)=O)ccc3N3CCOCC3)CC2)c(F)c1,Inhibition,<,20.0,%,,,B,CHEMBL1141693,CHEMBL220
CHEMBL395280,C/C=C1\[C@H]2C=C(C)C[C@]1(N)c1ccc(=O)[nH]c1C2,Inhibition,=,50.0,%,,,B,CHEMBL1150116,CHEMBL220
CHEMBL510841,C[C@H]1CC(=O)N2CCCC3=C(C1)C(=O)O[C@H]3CCC2,Inhibition,=,27.0,%,,,B,CHEMBL1150116,CHEMBL220
CHEMBL3216422,COc1cc2c(cc1OC)C(=O)C(CC1CCN(CCNc3c4c(nc5cc(Cl)ccc35)CCCC4)CC1)C2.Cl.Cl.Cl,Inhibition,=,79.4,%,,,B,CHEMBL1150773,CHEMBL220
CHEMBL1678,COc1cc2c(cc1OC)C(=O)C(CC1CCN(Cc3ccccc3)CC1)C2.Cl,Inhibition,=,26.0,%,,,B,CHEMBL1150773,CHEMBL220
CHEMBL486698,Cl.Nc1c2c(nc3cc(Cl)ccc13)CCCC2,Inhibition,=,12.4,%,,,B,CHEMBL1150773,CHEMBL220
CHEMBL1677,Cl.Nc1c2c(nc3ccccc13)CCCC2,Inhibition,=,12.6,%,,,B,CHEMBL1150773,CHEMBL220
CHEMBL3216655,COc1cc2c(cc1OC)C(=O)C(CC1CCN(CCCNc3c4c(nc5cc(Cl)ccc35)CCCC4)CC1)C2.Cl.Cl.Cl,Inhibition,=,57.0,%,,,B,CHEMBL1150773,CHEMBL220
CHEMBL3216422,COc1cc2c(cc1OC)C(=O)C(CC1CCN(CCNc3c4c(nc5cc(Cl)ccc35)CCCC4)CC1)C2.Cl.Cl.Cl,Inhibition,=,37.6,%,,,B,CHEMBL1150773,CHEMBL220
CHEMBL1678,COc1cc2c(cc1OC)C(=O)C(CC1CCN(Cc3ccccc3)CC1)C2.Cl,Inhibition,=,22.0,%,,,B,CHEMBL1150773,CHEMBL220
CHEMBL486699,COc1cc2c(cc1OC)CC(CC1CCN(Cc3ccccc3)CC1)C2.Cl,Inhibition,=,17.5,%,,,B,CHEMBL1150773,CHEMBL220
CHEMBL486698,Cl.Nc1c2c(nc3cc(Cl)ccc13)CCCC2,Inhibition,=,8.5,%,,,B,CHEMBL1150773,CHEMBL220
CHEMBL1677,Cl.Nc1c2c(nc3ccccc13)CCCC2,Inhibition,=,7.0,%,,,B,CHEMBL1150773,CHEMBL220
CHEMBL3217103,COc1cc2c(cc1OC)CC(CC1CCN(CCCNc3c4c(nc5cc(Cl)ccc35)CCCC4)CC1)C2.Cl.Cl.Cl,Inhibition,=,63.5,%,,,B,CHEMBL1150773,CHEMBL220
CHEMBL3216210,COc1cc2c(cc1OC)CC(CC1CCN(CCNc3c4c(nc5cc(Cl)ccc35)CCCC4)CC1)C2.Cl.Cl.Cl,Inhibition,=,61.6,%,,,B,CHEMBL1150773,CHEMBL220
CHEMBL3216209,COc1cc2c(cc1OC)CC(CC1CCN(CCCNc3c4c(nc5ccccc35)CCCC4)CC1)C2.Cl.Cl,Inhibition,=,65.9,%,,,B,CHEMBL1150773,CHEMBL220
CHEMBL3216208,COc1cc2c(cc1OC)CC(CC1CCN(CCNc3c4c(nc5ccccc35)CCCC4)CC1)C2.Cl.Cl,Inhibition,=,60.0,%,,,B,CHEMBL1150773,CHEMBL220
CHEMBL3216655,COc1cc2c(cc1OC)C(=O)C(CC1CCN(CCCNc3c4c(nc5cc(Cl)ccc35)CCCC4)CC1)C2.Cl.Cl.Cl,Inhibition,=,46.1,%,,,B,CHEMBL1150773,CHEMBL220
CHEMBL450553,CCN(CCCCCCN1C(=O)c2ccc3c4c(ccc(c24)C1=O)C(=O)N(CCCCCCN(CC)Cc1ccccc1OC)C3=O)Cc1ccccc1OC,Inhibition,>,90.0,%,,,B,CHEMBL1152287,CHEMBL220
CHEMBL507903,CCN(CCCCCCn1c(=O)c2cc3c(=O)n(CCCCCCN(CC)Cc4ccccc4OC)c(=O)c3cc2c1=O)Cc1ccccc1OC,Inhibition,=,51.1,%,,,B,CHEMBL1152287,CHEMBL220
CHEMBL507304,CCN(CCCCCCN1C(=O)c2ccc(-c3ccc4c(c3)C(=O)N(CCCCCCN(CC)Cc3ccccc3OC)C4=O)cc2C1=O)Cc1ccccc1OC,Inhibition,=,70.2,%,,,B,CHEMBL1152287,CHEMBL220
CHEMBL449941,CCN(CCCCCCN1CCN(CCCCCCN(CC)Cc2ccccc2OC)C1=O)Cc1ccccc1OC,Inhibition,=,53.8,%,,,B,CHEMBL1152287,CHEMBL220
CHEMBL452339,CCN(CCCCCCn1c(=O)c(=O)n(CCCCCCN(CC)Cc2ccccc2OC)c2ccccc21)Cc1ccccc1OC,Inhibition,=,70.8,%,,,B,CHEMBL1152287,CHEMBL220
CHEMBL449467,CCN(CCCCCCN1CC(=O)N(CCCCCCN(CC)Cc2ccccc2OC)CC1=O)Cc1ccccc1OC,Inhibition,=,61.4,%,,,B,CHEMBL1152287,CHEMBL220
CHEMBL450990,CCN(CCCCCCN1CCN(CCCCCCN(CC)Cc2ccccc2OC)C(=O)C1=O)Cc1ccccc1OC,Inhibition,=,47.5,%,,,B,CHEMBL1152287,CHEMBL220
CHEMBL507885,CCN(CCCCCC(=O)N1Cc2ccc3c4c(ccc(c24)C1)CN(C(=O)CCCCCN(CC)Cc1ccccc1OC)C3)Cc1ccccc1OC,Inhibition,=,42.1,%,,,B,CHEMBL1152287,CHEMBL220
CHEMBL499722,CCN(CCCCCC(=O)N[C@H]1CC[C@H](NC(=O)CCCCCN(CC)Cc2ccccc2OC)CC1)Cc1ccccc1OC,Inhibition,=,25.6,%,,,B,CHEMBL1152287,CHEMBL220
CHEMBL502877,CCN(CCCCCC(=O)N1CCN(C(=O)CCCCCN(CC)Cc2ccccc2OC)CC1)Cc1ccccc1OC,Inhibition,=,38.9,%,,,B,CHEMBL1152287,CHEMBL220
CHEMBL254016,CCN(CCCCCC(=O)N1CCC(C2CCN(C(=O)CCCCCN(CC)Cc3ccccc3OC)CC2)CC1)Cc1ccccc1OC,Inhibition,=,41.2,%,,,B,CHEMBL1152287,CHEMBL220
CHEMBL173309,CCN(CCCCCC(=O)N(C)CCCCCCCCN(C)C(=O)CCCCCN(CC)Cc1ccccc1OC)Cc1ccccc1OC,Inhibition,<,5.0,%,,,B,CHEMBL1152287,CHEMBL220
CHEMBL11805,COc1ccccc1CN(C)CCCCCC(=O)N(C)CCCCCCCCN(C)C(=O)CCCCCN(C)Cc1ccccc1OC,Inhibition,<,5.0,%,,,B,CHEMBL1152287,CHEMBL220
CHEMBL488590,CCN(CCCCCCN1C(=O)c2cccc3cccc(c23)C1=O)Cc1ccccc1OC,Inhibition,=,19.5,%,,,B,CHEMBL1152287,CHEMBL220
CHEMBL502,COc1cc2c(cc1OC)C(=O)C(CC1CCN(Cc3ccccc3)CC1)C2,Inhibition,=,22.0,%,,,B,CHEMBL1152287,CHEMBL220
CHEMBL659,COc1ccc2c3c1O[C@H]1C[C@@H](O)C=C[C@@]31CCN(C)C2,Inhibition,=,17.9,%,,,B,CHEMBL1152287,CHEMBL220
CHEMBL345124,CC[N+](C)(CC)CCC[n+]1c(-c2ccccc2)c2cc(N)ccc2c2ccc(N)cc21.[I-].[I-],Inhibition,=,82.0,%,,,B,CHEMBL1152287,CHEMBL220
CHEMBL500162,N#C/C(=C\c1cc(O)c(O)c([N+](=O)[O-])c1)C(=O)Nc1ccccc1Cl,Inhibition,=,0.95,%,,,B,CHEMBL1153950,CHEMBL220
CHEMBL469803,N#C/C(=C\c1cc(O)c(O)c([N+](=O)[O-])c1)C(=O)Nc1cccc(Cl)c1,Inhibition,=,4.37,%,,,B,CHEMBL1153950,CHEMBL220
CHEMBL470621,COc1ccc(NC(=O)/C(C#N)=C/c2cc(O)c(O)c([N+](=O)[O-])c2)cc1,Inhibition,=,4.64,%,,,B,CHEMBL1153950,CHEMBL220
CHEMBL502504,Cc1cccc(NC(=O)/C(C#N)=C/c2cc(O)c(O)c([N+](=O)[O-])c2)c1,Inhibition,=,2.73,%,,,B,CHEMBL1153950,CHEMBL220
CHEMBL511462,N#C/C(=C\c1cc(O)c(O)c([N+](=O)[O-])c1)C(=O)N(c1ccccc1)c1ccccc1,Inhibition,=,7.38,%,,,B,CHEMBL1153950,CHEMBL220
CHEMBL498811,COc1c(O)ccc(/C=C(\C#N)C(=O)Nc2cccc(Cl)c2)c1[N+](=O)[O-],Inhibition,=,2.19,%,,,B,CHEMBL1153950,CHEMBL220
CHEMBL499080,COc1cc(/C=C(\C#N)C(=O)Nc2cccc(Cl)c2)cc([N+](=O)[O-])c1O,Inhibition,=,1.64,%,,,B,CHEMBL1153950,CHEMBL220
CHEMBL525388,N#C/C(=C\c1cc(O)c(O)c([N+](=O)[O-])c1)C(=O)N1CCCCC1,Inhibition,=,0.27,%,,,B,CHEMBL1153950,CHEMBL220
CHEMBL499081,N#C/C(=C\c1cc(O)c(O)c([N+](=O)[O-])c1)C(=O)N1CCOCC1,Inhibition,=,3.0,%,,,B,CHEMBL1153950,CHEMBL220
CHEMBL499082,N#C/C(=C\c1cc(O)c(O)c([N+](=O)[O-])c1)C(N)=O,Inhibition,=,1.09,%,,,B,CHEMBL1153950,CHEMBL220
CHEMBL374184,CCOC(=O)C1=C(C)Nc2nc3c(c(N)c2C1c1ccc(OC)cc1)CCCC3,Inhibition,=,30.7,%,,,B,CHEMBL1138487,CHEMBL220
CHEMBL484440,COc1ccc(-c2c(C)c(C)cc3ccc(O)cc23)cc1,Inhibition,=,67.6,%,,,B,CHEMBL1150650,CHEMBL220
CHEMBL484440,COc1ccc(-c2c(C)c(C)cc3ccc(O)cc23)cc1,Inhibition,=,5.1,%,,,B,CHEMBL1150650,CHEMBL220
CHEMBL450915,COc1ccc(CCC(=O)c2c(OC)cc(O)c([C@@H](c3ccc(O)cc3)[C@@H](C)[C@H](C)Cc3ccc(O)cc3)c2O)cc1,Inhibition,=,10.6,%,,,B,CHEMBL1150650,CHEMBL220
CHEMBL450915,COc1ccc(CCC(=O)c2c(OC)cc(O)c([C@@H](c3ccc(O)cc3)[C@@H](C)[C@H](C)Cc3ccc(O)cc3)c2O)cc1,Inhibition,=,77.4,%,,,B,CHEMBL1150650,CHEMBL220
CHEMBL659,COc1ccc2c3c1O[C@H]1C[C@@H](O)C=C[C@@]31CCN(C)C2,Inhibition,=,99.7,%,,,B,CHEMBL1150650,CHEMBL220
CHEMBL659,COc1ccc2c3c1O[C@H]1C[C@@H](O)C=C[C@@]31CCN(C)C2,Inhibition,=,97.66,%,,,B,CHEMBL1158060,CHEMBL220
CHEMBL478666,Clc1ccc2c(NCCCNCCCOc3cccc4[nH]c5ccccc5c34)c3c(nc2c1)CCCC3,Inhibition,=,57.7,%,,,B,CHEMBL1155822,CHEMBL220
CHEMBL191758,NCCCNc1c2c(nc3cc(Cl)ccc13)CCCC2,Inhibition,=,25.2,%,,,B,CHEMBL1155822,CHEMBL220
CHEMBL474268,Clc1ccc2c(NCCCNCCCCCCOc3cccc4[nH]c5ccccc5c34)c3c(nc2c1)CCCC3,Inhibition,=,61.7,%,,,B,CHEMBL1155822,CHEMBL220
CHEMBL473866,Clc1ccc2c(NCCCNCCCCCOc3cccc4[nH]c5ccccc5c34)c3c(nc2c1)CCCC3,Inhibition,=,63.2,%,,,B,CHEMBL1155822,CHEMBL220
CHEMBL95,Nc1c2c(nc3ccccc13)CCCC2,Inhibition,=,7.0,%,,,B,CHEMBL1155822,CHEMBL220
CHEMBL478667,Clc1ccc2c(NCCCNCCCCOc3cccc4[nH]c5ccccc5c34)c3c(nc2c1)CCCC3,Inhibition,=,61.0,%,,,B,CHEMBL1155822,CHEMBL220
CHEMBL481690,c1ccc2[nH]c(Oc3ccc(OCCCN4CCCCC4)cc3)nc2c1,Inhibition,<,10.0,%,,,B,CHEMBL1155111,CHEMBL220
CHEMBL3216429,Cl.Cl.Cl.Cl.O=C(NCCCCCCNc1c2c(nc3cc(Cl)ccc13)CCCC2)c1ccc2nc(-c3ccc(Cl)cc3)c3c(c2c1)OCCC3,Inhibition,=,27.2,%,,,B,CHEMBL1152433,CHEMBL220
CHEMBL3215572,Cl.Cl.Cl.Cl.O=C(NCCCCCCCNc1c2c(nc3cc(Cl)ccc13)CCCC2)c1ccc2nc(-c3ccc(Cl)cc3)c3c(c2c1)OCCC3,Inhibition,=,22.9,%,,,B,CHEMBL1152433,CHEMBL220
CHEMBL3215768,Cl.Cl.Cl.Cl.O=C(NCCCCCCCCNc1c2c(nc3cc(Cl)ccc13)CCCC2)c1ccc2nc(-c3ccc(Cl)cc3)c3c(c2c1)OCCC3,Inhibition,=,28.6,%,,,B,CHEMBL1152433,CHEMBL220
CHEMBL3215769,Cl.Cl.Cl.Cl.O=C(NCCCCCCCCCNc1c2c(nc3cc(Cl)ccc13)CCCC2)c1ccc2nc(-c3ccc(Cl)cc3)c3c(c2c1)OCCC3,Inhibition,,,%,,Not Determined,B,CHEMBL1152433,CHEMBL220
CHEMBL3215770,Cl.Cl.Cl.Cl.O=C(NCCCCCCCCCCNc1c2c(nc3cc(Cl)ccc13)CCCC2)c1ccc2nc(-c3ccc(Cl)cc3)c3c(c2c1)OCCC3,Inhibition,=,27.9,%,,,B,CHEMBL1152433,CHEMBL220
CHEMBL3216018,Cl.Cl.Cl.O=C(CCc1ccc2nc(-c3ccccc3)c3c(c2c1)OCCC3)NCCCCNc1c2c(nc3cc(Cl)ccc13)CCCC2,Inhibition,=,34.4,%,,,B,CHEMBL1152433,CHEMBL220
CHEMBL2448076,Cl.Cl.O=C(CCc1ccc2nc(-c3ccccc3)c3c(c2c1)OCCC3)NCCCCCNc1c2c(nc3cc(Cl)ccc13)CCCC2,Inhibition,=,37.9,%,,,B,CHEMBL1152433,CHEMBL220
CHEMBL3215573,Cl.Cl.Cl.O=C(CCc1ccc2nc(-c3ccccc3)c3c(c2c1)OCCC3)NCCCCCCNc1c2c(nc3cc(Cl)ccc13)CCCC2,Inhibition,=,38.9,%,,,B,CHEMBL1152433,CHEMBL220
CHEMBL3216221,Cl.Cl.Cl.O=C(CCc1ccc2nc(-c3ccccc3)c3c(c2c1)OCCC3)NCCCCCCCNc1c2c(nc3cc(Cl)ccc13)CCCC2,Inhibition,=,45.9,%,,,B,CHEMBL1152433,CHEMBL220
CHEMBL3215574,Cl.Cl.Cl.O=C(CCc1ccc2nc(-c3ccccc3)c3c(c2c1)OCCC3)NCCCCCCCCNc1c2c(nc3cc(Cl)ccc13)CCCC2,Inhibition,=,45.7,%,,,B,CHEMBL1152433,CHEMBL220
CHEMBL554901,COC(=O)CCc1ccc2nc(-c3ccccc3)c3c(c2c1)OCCC3.Cl,Inhibition,=,10.5,%,,,B,CHEMBL1152433,CHEMBL220
CHEMBL345124,CC[N+](C)(CC)CCC[n+]1c(-c2ccccc2)c2cc(N)ccc2c2ccc(N)cc21.[I-].[I-],Inhibition,=,82.0,%,,,B,CHEMBL1152433,CHEMBL220
CHEMBL570764,O=C(NCc1ccccc1)O[C@H]1CO[C@H]2[C@@H]1OC[C@H]2OC(=O)c1ccccc1O,Inhibition,=,52.0,%,,,B,CHEMBL1156822,CHEMBL220
CHEMBL23838,CCOP(=O)(OCC)Oc1ccc([N+](=O)[O-])cc1,Inhibition,=,100.0,%,,,B,CHEMBL1157721,CHEMBL220
CHEMBL23838,CCOP(=O)(OCC)Oc1ccc([N+](=O)[O-])cc1,Inhibition,=,100.0,%,,,B,CHEMBL1157721,CHEMBL220
CHEMBL590154,NC(=O)c1cc[n+](-c2ccc(-[n+]3ccc(/C=N/O)cc3)s2)cc1.[Cl-].[Cl-],Inhibition,=,0.0,%,,,B,CHEMBL1157721,CHEMBL220
CHEMBL590154,NC(=O)c1cc[n+](-c2ccc(-[n+]3ccc(/C=N/O)cc3)s2)cc1.[Cl-].[Cl-],Inhibition,=,15.0,%,,,B,CHEMBL1157721,CHEMBL220
CHEMBL590154,NC(=O)c1cc[n+](-c2ccc(-[n+]3ccc(/C=N/O)cc3)s2)cc1.[Cl-].[Cl-],Inhibition,=,82.0,%,,,B,CHEMBL1157721,CHEMBL220
CHEMBL589662,O/N=C/c1cc[n+](-c2ccc(-[n+]3ccc(/C=N/O)cc3)o2)cc1.[Br-].[Br-],Inhibition,=,0.0,%,,,B,CHEMBL1157721,CHEMBL220
CHEMBL589662,O/N=C/c1cc[n+](-c2ccc(-[n+]3ccc(/C=N/O)cc3)o2)cc1.[Br-].[Br-],Inhibition,=,16.0,%,,,B,CHEMBL1157721,CHEMBL220
CHEMBL589662,O/N=C/c1cc[n+](-c2ccc(-[n+]3ccc(/C=N/O)cc3)o2)cc1.[Br-].[Br-],Inhibition,=,78.0,%,,,B,CHEMBL1157721,CHEMBL220
CHEMBL600464,O/N=C/c1cc[n+](-c2ccc(-[n+]3ccc(/C=N/O)cc3)s2)cc1.[Cl-].[Cl-],Inhibition,=,0.0,%,,,B,CHEMBL1157721,CHEMBL220
CHEMBL600464,O/N=C/c1cc[n+](-c2ccc(-[n+]3ccc(/C=N/O)cc3)s2)cc1.[Cl-].[Cl-],Inhibition,=,31.0,%,,,B,CHEMBL1157721,CHEMBL220
CHEMBL600464,O/N=C/c1cc[n+](-c2ccc(-[n+]3ccc(/C=N/O)cc3)s2)cc1.[Cl-].[Cl-],Inhibition,=,85.0,%,,,B,CHEMBL1157721,CHEMBL220
CHEMBL604454,O/N=C/c1cccc[n+]1-c1ccc(-[n+]2ccccc2/C=N/O)s1.[Cl-].[Cl-],Inhibition,=,0.0,%,,,B,CHEMBL1157721,CHEMBL220
CHEMBL604454,O/N=C/c1cccc[n+]1-c1ccc(-[n+]2ccccc2/C=N/O)s1.[Cl-].[Cl-],Inhibition,=,0.0,%,,,B,CHEMBL1157721,CHEMBL220
CHEMBL604454,O/N=C/c1cccc[n+]1-c1ccc(-[n+]2ccccc2/C=N/O)s1.[Cl-].[Cl-],Inhibition,=,42.0,%,,,B,CHEMBL1157721,CHEMBL220
CHEMBL590824,CS(=O)(=O)[O-].CS(=O)(=O)[O-].O/N=C/c1cc[n+](COC[n+]2ccc(/C=N/O)cc2)cc1,Inhibition,=,0.0,%,,,B,CHEMBL1157721,CHEMBL220
CHEMBL590824,CS(=O)(=O)[O-].CS(=O)(=O)[O-].O/N=C/c1cc[n+](COC[n+]2ccc(/C=N/O)cc2)cc1,Inhibition,=,5.0,%,,,B,CHEMBL1157721,CHEMBL220
CHEMBL590824,CS(=O)(=O)[O-].CS(=O)(=O)[O-].O/N=C/c1cc[n+](COC[n+]2ccc(/C=N/O)cc2)cc1,Inhibition,=,16.0,%,,,B,CHEMBL1157721,CHEMBL220
CHEMBL426113,O/N=C/c1cc[n+](CCC[n+]2ccc(/C=N/O)cc2)cc1.[Br-].[Br-],Inhibition,=,0.0,%,,,B,CHEMBL1157721,CHEMBL220
CHEMBL426113,O/N=C/c1cc[n+](CCC[n+]2ccc(/C=N/O)cc2)cc1.[Br-].[Br-],Inhibition,=,13.0,%,,,B,CHEMBL1157721,CHEMBL220
CHEMBL426113,O/N=C/c1cc[n+](CCC[n+]2ccc(/C=N/O)cc2)cc1.[Br-].[Br-],Inhibition,=,23.0,%,,,B,CHEMBL1157721,CHEMBL220
CHEMBL23838,CCOP(=O)(OCC)Oc1ccc([N+](=O)[O-])cc1,Inhibition,=,100.0,%,,,B,CHEMBL1157721,CHEMBL220
CHEMBL610779,COc1ccc2c(c1)C(=O)/C(=C/c1ccc(CN(C)Cc3ccccc3)cc1)C2,Inhibition,<,5.0,%,,,B,CHEMBL1157624,CHEMBL220
CHEMBL599057,CCN(CC)CCCCCOc1ccc2c(c1)C(=O)/C(=C/c1ccc(CN(C)Cc3ccccc3)cc1)C2,Inhibition,=,29.7,%,,,B,CHEMBL1157624,CHEMBL220
CHEMBL603256,CN(Cc1ccccc1)Cc1ccc(/C=C2\Cc3ccc(OCCCCCN4CCCCC4)cc3C2=O)cc1,Inhibition,=,46.8,%,,,B,CHEMBL1157624,CHEMBL220
CHEMBL597188,CCN(CC)CCCCCOc1ccc2c(c1)CC/C(=C\c1ccc(CN(C)Cc3ccccc3)cc1)C2=O,Inhibition,=,42.9,%,,,B,CHEMBL1157624,CHEMBL220
CHEMBL599644,CN(Cc1ccccc1)Cc1ccc(/C=C2\CCc3cc(OCCCCCN4CCCCC4)ccc3C2=O)cc1,Inhibition,=,48.3,%,,,B,CHEMBL1157624,CHEMBL220
CHEMBL502,COc1cc2c(cc1OC)C(=O)C(CC1CCN(Cc3ccccc3)CC1)C2,Inhibition,=,22.0,%,,,B,CHEMBL1157624,CHEMBL220
CHEMBL75121,COc1cc2cc(-c3ccc(CN(C)Cc4ccccc4)cc3)c(=O)oc2cc1OC,Inhibition,=,35.0,%,,,B,CHEMBL1157624,CHEMBL220
CHEMBL605824,CC(C)N(CCNC(=O)N1c2ccccc2Sc2ccccc21)C(C)C,Inhibition,,,%,,,B,CHEMBL1157634,CHEMBL220
CHEMBL605824,CC(C)N(CCNC(=O)N1c2ccccc2Sc2ccccc21)C(C)C,Inhibition,,,%,,,B,CHEMBL1157634,CHEMBL220
CHEMBL1076732,[Br-].[Br-].c1cc[n+](C[n+]2ccccc2)cc1,Inhibition,,,%,,,B,CHEMBL1154957,CHEMBL220
CHEMBL1086603,[Br-].[Br-].c1cc[n+](CC[n+]2ccccc2)cc1,Inhibition,,,%,,,B,CHEMBL1154957,CHEMBL220
CHEMBL1088017,[Br-].[Br-].c1cc[n+](CCC[n+]2ccccc2)cc1,Inhibition,,,%,,,B,CHEMBL1154957,CHEMBL220
CHEMBL102757,[Br-].[Br-].c1cc[n+](CCCCCCCCCCCC[n+]2ccccc2)cc1,Inhibition,,,%,,,B,CHEMBL1154957,CHEMBL220
CHEMBL1213296,O=C1c2ccccc2-c2nc3ncnn3c(-c3ccccc3Cl)c21,Inhibition,,,%,,,B,CHEMBL1212809,CHEMBL220
CHEMBL1224785,CC1(C)[C@@H]2CC[C@@]3(C)O[C@@H]3CC/C(C=O)=C\[C@@H]21,Inhibition,=,25.9,%,,,B,CHEMBL1221406,CHEMBL220
CHEMBL95,Nc1c2c(nc3ccccc13)CCCC2,Inhibition,=,49.0,%,,,B,CHEMBL1221406,CHEMBL220
CHEMBL1224786,CC(=O)OC[C@@]12CC[C@@H]3[C@H](/C=C(/C=O)CC[C@H]1O2)C3(C)C,Inhibition,,,%,,,B,CHEMBL1221406,CHEMBL220
CHEMBL1224787,CC1(C)[C@@H]2CC[C@@]3(C=O)O[C@@H]3CC/C(C=O)=C\[C@@H]21,Inhibition,,,%,,,B,CHEMBL1221406,CHEMBL220
CHEMBL1224788,CC(=O)O[C@H]1C[C@@]2(C)O[C@@H]2CC/C(C=O)=C\[C@H]2[C@@H]1C2(C)C,Inhibition,,,%,,,B,CHEMBL1221406,CHEMBL220
CHEMBL1224789,C/C1=C\CC/C(C=O)=C\[C@H]2[C@@H](C[C@H]1O)C2(C)C,Inhibition,,,%,,,B,CHEMBL1221406,CHEMBL220
CHEMBL1224795,CC(=O)OC/C1=C\CC/C(C=O)=C\[C@@H]2[C@@H](CC1)C2(C)C,Inhibition,,,%,,,B,CHEMBL1221406,CHEMBL220
CHEMBL1224796,C/C1=C\CC/C(C(=O)O)=C/[C@@H]2[C@H](CC1)C2(C)C,Inhibition,,,%,,,B,CHEMBL1221406,CHEMBL220
CHEMBL1224797,CC(=O)O[C@H]1C/C(C)=C/CC/C(C(=O)O)=C/[C@@H]2[C@H]1C2(C)C,Inhibition,,,%,,,B,CHEMBL1221406,CHEMBL220
CHEMBL1224798,C=C1CC[C@H]2[C@@H](/C=C(\C(=O)O)CC[C@@H]1O)C2(C)C,Inhibition,,,%,,,B,CHEMBL1221406,CHEMBL220
CHEMBL1258864,CC(C)=C[C@H]1C[C@]2(C)[C@H](CC[C@@]3(C)[C@H]2CC[C@H]2CC(=O)c4ccccc4NC(=O)[C@@]23C)O1,Inhibition,=,13.7,%,,,B,CHEMBL1255534,CHEMBL220
CHEMBL1258865,CC(C)=C[C@H]1C[C@@]2(C)[C@@H]3CC[C@H]4CC5(O)c6ccccc6N5C(=O)[C@@H]4[C@@]3(C)CC[C@@H]2O1,Inhibition,=,4.0,%,,,B,CHEMBL1255534,CHEMBL220
CHEMBL1258978,CC(C)(O)/C=C/C[C@]1(C)[C@@H](O)CC[C@@]2(C)[C@H]1CC[C@H]1Cc3c([nH]c4ccccc34)[C@@]12C,Inhibition,=,7.3,%,,,B,CHEMBL1255534,CHEMBL220
CHEMBL1258979,CC(C)=C[C@H]1C[C@]2(C)[C@H](CC[C@@]3(C)[C@H]2CC[C@H]2Cc4c([nH]c5ccccc45)[C@@]23C)O1,Inhibition,=,-7.6,%,,,B,CHEMBL1255534,CHEMBL220
CHEMBL1257246,CC(C)=CCC[C@]1(C)[C@@H](O)CC[C@@]2(C)[C@H]1CC[C@H]1Cc3c([nH]c4ccccc34)[C@@]12C,Inhibition,=,16.4,%,,,B,CHEMBL1255534,CHEMBL220
CHEMBL1257247,C=C1[C@H](Cc2c[nH]c3ccccc23)CC[C@H]2[C@](C)(CCC=C(C)C)[C@@H](O)CC[C@]12C,Inhibition,=,-11.4,%,,,B,CHEMBL1255534,CHEMBL220
CHEMBL395280,C/C=C1\[C@H]2C=C(C)C[C@]1(N)c1ccc(=O)[nH]c1C2,Inhibition,=,98.0,%,,,B,CHEMBL1255534,CHEMBL220
CHEMBL1257643,CCCCCCCCCCNc1c2c(nc3ccc(OC)cc13)CCCC2.Cl,Inhibition,,,%,,,B,CHEMBL1255181,CHEMBL220
CHEMBL1257526,CCCCCCCCCCCNc1c2c(nc3ccc(OC)cc13)CCCC2.Cl,Inhibition,,,%,,,B,CHEMBL1255181,CHEMBL220
CHEMBL1257297,CCCCCCCCCCCCCCCNc1c2c(nc3ccc(OC)cc13)CCCC2.Cl,Inhibition,,,%,,,B,CHEMBL1255181,CHEMBL220
CHEMBL1644726,COc1nc2nc3c(c(N)c2cc1C#N)CCCC3,Inhibition,,,%,,,F,CHEMBL1641430,CHEMBL220
CHEMBL1644726,COc1nc2nc3c(c(N)c2cc1C#N)CCCC3,Inhibition,,,%,,,F,CHEMBL1641430,CHEMBL220
CHEMBL1650844,OCC1(N2CCC(n3c(N4CC5CNCC5C4)nc4ccccc43)CC2)CCCCCCC1,Inhibition,<,10.0,%,,,B,CHEMBL1649335,CHEMBL220
CHEMBL1668335,CC(C)=CC(=O)C[C@](C)(O)c1ccc(C(=O)O)cc1,Inhibition,=,41.9,%,,,B,CHEMBL1667723,CHEMBL220
CHEMBL1668336,C/C(=C\C(=O)C[C@H](C)c1ccc(C(=O)O)cc1)CO,Inhibition,=,31.0,%,,,B,CHEMBL1667723,CHEMBL220
CHEMBL1668337,C/C(=C\C(=O)C[C@](C)(O)c1ccc(C(=O)O)cc1)CO,Inhibition,=,34.3,%,,,B,CHEMBL1667723,CHEMBL220
CHEMBL1668338,Cc1coc(C[C@](C)(O)c2ccc(C(=O)O)cc2)c1,Inhibition,=,33.6,%,,,B,CHEMBL1667723,CHEMBL220
CHEMBL1668339,CC(C)(O)CC(=O)CC(C)(O)c1ccc(C(=O)O)cc1,Inhibition,=,37.6,%,,,B,CHEMBL1667723,CHEMBL220
CHEMBL1241348,C=C[C@@H]1C[C@]1(NC(=O)[C@@H]1C[C@@H](Oc2cc(-c3csc(NC(=O)C(C)C)n3)nc3c(Br)c(OC)ccc23)CN1C(=O)[C@@H](NC(=O)OC1CCCC1)C(C)(C)C)C(=O)O,Inhibition,=,20.0,%,,,B,CHEMBL1671761,CHEMBL220
CHEMBL571987,CCc1nn(CCO)c(CC)c1Oc1cc(C#N)cc(C#N)c1,Inhibition,,,%,,,B,CHEMBL1687773,CHEMBL220
CHEMBL1762002,[Br-].[Br-].c1ccc2c(c1)ccc[n+]2Cc1ccc(C[n+]2cccc3ccccc32)cc1,Inhibition,,,%,,,B,CHEMBL1759923,CHEMBL220
CHEMBL1085780,c1ccc(CNc2ccnc(N3CCCC3)n2)cc1,Inhibition,,,%,,,B,CHEMBL1764969,CHEMBL220
CHEMBL1086014,c1ccc(CNc2ccnc(N3CCSCC3)n2)cc1,Inhibition,,,%,,,B,CHEMBL1764969,CHEMBL220
CHEMBL1084808,CN1CCN(c2nccc(NCc3ccccc3)n2)CC1,Inhibition,=,59.0,%,,,B,CHEMBL1764969,CHEMBL220
CHEMBL1766017,CC(C)(C)OC(=O)N1CCN(c2nccc(NCc3ccccc3)n2)CC1,Inhibition,=,26.7,%,,,B,CHEMBL1764969,CHEMBL220
CHEMBL1766147,[O-][S+]1CCN(c2nccc(NCc3ccccc3)n2)CC1,Inhibition,=,55.9,%,,,B,CHEMBL1764969,CHEMBL220
CHEMBL1766148,O=S1(=O)CCN(c2nccc(NCc3ccccc3)n2)CC1,Inhibition,=,44.1,%,,,B,CHEMBL1764969,CHEMBL220
CHEMBL1082979,c1ccc(CCNc2ccnc(N3CCSCC3)n2)cc1,Inhibition,,,%,,,B,CHEMBL1764969,CHEMBL220
CHEMBL1084212,c1ccc2c(CNc3ccnc(N4CCSCC4)n3)cccc2c1,Inhibition,=,38.0,%,,,B,CHEMBL1764969,CHEMBL220
CHEMBL1678,COc1cc2c(cc1OC)C(=O)C(CC1CCN(Cc3ccccc3)CC1)C2.Cl,Inhibition,=,17.4,%,,,B,CHEMBL1764969,CHEMBL220
CHEMBL345124,CC[N+](C)(CC)CCC[n+]1c(-c2ccccc2)c2cc(N)ccc2c2ccc(N)cc21.[I-].[I-],Inhibition,=,84.9,%,,,B,CHEMBL1764969,CHEMBL220
CHEMBL1773478,CCN(CC)CC(=O)Nc1ccc(C(=O)c2ccc(CN(C)Cc3ccccc3)cc2)cc1,Inhibition,,,%,,Not Determined,B,CHEMBL1773070,CHEMBL220
CHEMBL1773479,CN(Cc1ccccc1)Cc1ccc(C(=O)c2ccc(NC(=O)CN3CCCCC3)cc2)cc1,Inhibition,,,%,,Not Determined,B,CHEMBL1773070,CHEMBL220
CHEMBL1773480,CN(Cc1ccccc1)Cc1ccc(C(=O)c2ccc(NC(=O)CN3CCOCC3)cc2)cc1,Inhibition,,,%,,Not Determined,B,CHEMBL1773070,CHEMBL220
CHEMBL1773481,CN(Cc1ccccc1)Cc1ccc(C(=O)c2ccc(NC(=O)CCCCN3CCCCC3)cc2)cc1,Inhibition,,,%,,Not Determined,B,CHEMBL1773070,CHEMBL220
CHEMBL1773482,CCN(CC)CCCOc1ccc(C(=O)c2ccc(CN(C)Cc3ccccc3)cc2)cc1,Inhibition,=,34.3,%,,,B,CHEMBL1773070,CHEMBL220
CHEMBL1773483,CN(Cc1ccccc1)Cc1ccc(C(=O)c2ccc(OCCCN3CCCCC3)cc2)cc1,Inhibition,=,28.1,%,,,B,CHEMBL1773070,CHEMBL220
CHEMBL1773484,CN(Cc1ccccc1)Cc1ccc(C(=O)c2ccc(OCCCN3CCOCC3)cc2)cc1,Inhibition,,,%,,Not Determined,B,CHEMBL1773070,CHEMBL220
CHEMBL1773485,CN(Cc1ccccc1)Cc1ccc(C(=O)c2ccc(OCCCN3CCC(n4c(=O)[nH]c5ccccc54)CC3)cc2)cc1,Inhibition,=,30.5,%,,,B,CHEMBL1773070,CHEMBL220
CHEMBL1773486,CCN(CC)CCCCCOc1ccc(C(=O)c2ccc(CN(C)Cc3ccccc3)cc2)cc1,Inhibition,,,%,,Not Determined,B,CHEMBL1773070,CHEMBL220
CHEMBL1773487,CN(Cc1ccccc1)Cc1ccc(C(=O)c2ccc(OCCCCCN3CCCCC3)cc2)cc1,Inhibition,,,%,,Not Determined,B,CHEMBL1773070,CHEMBL220
CHEMBL1773488,CCN(CC)CCCCCCOc1ccc(C(=O)c2ccc(CN(C)Cc3ccccc3)cc2)cc1,Inhibition,=,35.7,%,,,B,CHEMBL1773070,CHEMBL220
CHEMBL1773489,CN(Cc1ccccc1)Cc1ccc(C(=O)c2ccc(OCCCCCCN3CCCCC3)cc2)cc1,Inhibition,=,40.0,%,,,B,CHEMBL1773070,CHEMBL220
CHEMBL1773490,CCN(CC)CCCCCCCOc1ccc(C(=O)c2ccc(CN(C)Cc3ccccc3)cc2)cc1,Inhibition,,,%,,Not Determined,B,CHEMBL1773070,CHEMBL220
CHEMBL1773491,CN(Cc1ccccc1)Cc1ccc(C(=O)c2ccc(OCCCCCCCN3CCCCC3)cc2)cc1,Inhibition,,,%,,Not Determined,B,CHEMBL1773070,CHEMBL220
CHEMBL1773492,CCN(CC)CCc1ccc(Oc2ccc(C(=O)c3ccc(CN(C)Cc4ccccc4)cc3)cc2)cc1,Inhibition,,,%,,Not Determined,B,CHEMBL1773070,CHEMBL220
CHEMBL514966,COc1ccc(C(=O)c2ccc(CN(C)Cc3ccccc3)cc2)cc1,Inhibition,,,%,,Not Determined,B,CHEMBL1773070,CHEMBL220
CHEMBL490507,COc1ccc(C(=O)c2ccc(CN(C)Cc3ccccc3)cc2)cc1OC,Inhibition,=,4.0,%,,,B,CHEMBL1773070,CHEMBL220
CHEMBL502,COc1cc2c(cc1OC)C(=O)C(CC1CCN(Cc3ccccc3)CC1)C2,Inhibition,=,22.0,%,,,B,CHEMBL1773070,CHEMBL220
CHEMBL345124,CC[N+](C)(CC)CCC[n+]1c(-c2ccccc2)c2cc(N)ccc2c2ccc(N)cc21.[I-].[I-],Inhibition,=,82.0,%,,,B,CHEMBL1773070,CHEMBL220
CHEMBL392577,O=C(c1c2ccccc2cc2ccccc12)N1c2ccccc2Sc2ccccc21,Inhibition,,,%,,,B,CHEMBL1781988,CHEMBL220
CHEMBL392577,O=C(c1c2ccccc2cc2ccccc12)N1c2ccccc2Sc2ccccc21,Inhibition,,,%,,,B,CHEMBL1781988,CHEMBL220
CHEMBL1782730,CCN(CC)C(C)C(=O)N1c2ccccc2Sc2ccccc21.Cl,Inhibition,,,%,,,B,CHEMBL1781988,CHEMBL220
CHEMBL1782730,CCN(CC)C(C)C(=O)N1c2ccccc2Sc2ccccc21.Cl,Inhibition,,,%,,,B,CHEMBL1781988,CHEMBL220
CHEMBL1783514,COc1cccc(CN(C)[C@@H](C)[C@H]2[C@H](O)C[C@@]3(C)[C@@H]4CC[C@H]5[C@]6(C)CSC(C(C)C)=N[C@H]6CC[C@@]56C[C@@]46C(=O)C[C@]23C)c1,Inhibition,=,69.0,%,,,B,CHEMBL1781893,CHEMBL220
CHEMBL1783517,CC(C)C1=N[C@H]2CC[C@]34C[C@]35C(=O)C[C@]3(C)[C@@H]([C@H](C)N(C)Cc6cccc(C(F)(F)F)c6)[C@H](O)C[C@@]3(C)[C@@H]5CC[C@H]4[C@]2(C)CS1,Inhibition,=,56.0,%,,,B,CHEMBL1781893,CHEMBL220
CHEMBL1783499,CC(C)C1=N[C@H]2CC[C@]34C[C@]35C(=O)C[C@]3(C)[C@@H]([C@H](C)N(C)CCCN6C(=O)c7ccccc7C6=O)[C@H](O)C[C@@]3(C)[C@@H]5CC[C@H]4[C@]2(C)CS1,Inhibition,=,42.0,%,,,B,CHEMBL1781893,CHEMBL220
CHEMBL345124,CC[N+](C)(CC)CCC[n+]1c(-c2ccccc2)c2cc(N)ccc2c2ccc(N)cc21.[I-].[I-],Inhibition,=,82.0,%,,,B,CHEMBL1781893,CHEMBL220
CHEMBL95,Nc1c2c(nc3ccccc13)CCCC2,Inhibition,=,7.0,%,,,B,CHEMBL1781893,CHEMBL220
CHEMBL1819171,c1ccc2c(NCCCCCCCCN3CCOCC3)c3c(nc2c1)CCCC3,Inhibition,=,27.7,%,,,B,CHEMBL1817594,CHEMBL220
CHEMBL1819175,c1ccc2c(c1)Cc1c-2nc2ccccc2c1NCCCCCCCNc1c2c(nc3ccccc13)CCCC2,Inhibition,=,44.7,%,,,B,CHEMBL1817594,CHEMBL220
CHEMBL1819176,Clc1ccc2c(NCCCCCCCNc3c4c(nc5ccccc35)-c3ccccc3C4)c3c(nc2c1)CCCC3,Inhibition,=,46.1,%,,,B,CHEMBL1817594,CHEMBL220
CHEMBL1819177,Clc1ccc2c(NCCCCCCCNc3c4c(nc5cc(Cl)ccc35)-c3ccccc3C4)c3c(nc2c1)CCCC3,Inhibition,=,30.5,%,,,B,CHEMBL1817594,CHEMBL220
CHEMBL1819180,c1ccc2c(c1)Cc1c-2nc2ccccc2c1NCCCCCCCNc1c2c(nc3ccccc13)-c1ccccc1C2,Inhibition,=,30.2,%,,,B,CHEMBL1817594,CHEMBL220
CHEMBL95,Nc1c2c(nc3ccccc13)CCCC2,Inhibition,<,5.0,%,,,B,CHEMBL1817594,CHEMBL220
CHEMBL32823,c1ccc2c(NCCCCCCCNc3c4c(nc5ccccc35)CCCC4)c3c(nc2c1)CCCC3,Inhibition,=,68.0,%,,,B,CHEMBL1817594,CHEMBL220
CHEMBL1084213,CN1CCN(c2nccc(NCc3cccc4ccccc34)n2)CC1,Inhibition,,,%,,,B,CHEMBL1833829,CHEMBL220
CHEMBL1766151,CC1CCN(c2nccc(NCc3cccc4ccccc34)n2)CC1,Inhibition,,,%,,,B,CHEMBL1833829,CHEMBL220
CHEMBL1834060,CC(C)N1CCN(c2nccc(NCc3cccc4ccccc34)n2)CC1,Inhibition,=,17.1,%,,,B,CHEMBL1833829,CHEMBL220
CHEMBL1834062,CCCN1CCN(c2nccc(NCc3cccc4ccccc34)n2)CC1,Inhibition,=,22.0,%,,,B,CHEMBL1833829,CHEMBL220
CHEMBL1834063,c1ccc2c(CNc3ccnc(N4CCN(C5CCCCC5)CC4)n3)cccc2c1,Inhibition,=,30.8,%,,,B,CHEMBL1833829,CHEMBL220
CHEMBL1834061,CC(C)C1CCN(c2nccc(NCc3cccc4ccccc34)n2)CC1,Inhibition,,,%,,,B,CHEMBL1833829,CHEMBL220
CHEMBL1834064,CC(=O)N1CCN(c2nccc(NCc3cccc4ccccc34)n2)CC1,Inhibition,,,%,,,B,CHEMBL1833829,CHEMBL220
CHEMBL1834065,CC(C)(C)OC(=O)N1CCN(c2nccc(NCc3cccc4ccccc34)n2)CC1,Inhibition,,,%,,,B,CHEMBL1833829,CHEMBL220
CHEMBL1834066,c1ccc2c(CNc3ccnc(N4CCNCC4)n3)cccc2c1,Inhibition,,,%,,,B,CHEMBL1833829,CHEMBL220
CHEMBL1834068,COCCN1CCN(c2nccc(NCc3cccc4ccccc34)n2)CC1,Inhibition,,,%,,,B,CHEMBL1833829,CHEMBL220
CHEMBL1834077,c1ccc(C(Nc2ccnc(N3CCNCC3)n2)c2ccccc2)cc1,Inhibition,,,%,,,B,CHEMBL1833829,CHEMBL220
CHEMBL1555,Br.COc1ccc2c3c1O[C@H]1C[C@@H](O)C=C[C@@]31CCN(C)C2,Inhibition,,,%,,Not Determined,B,CHEMBL1833829,CHEMBL220
CHEMBL1834067,OCCN1CCN(c2nccc(NCc3cccc4ccccc34)n2)CC1,Inhibition,=,13.4,%,,,B,CHEMBL1833829,CHEMBL220
CHEMBL1834069,CN1CCN(c2nccc(NC(c3ccccc3)c3ccccc3)n2)CC1,Inhibition,=,24.1,%,,,B,CHEMBL1833829,CHEMBL220
CHEMBL1834070,CC1CCN(c2nccc(NC(c3ccccc3)c3ccccc3)n2)CC1,Inhibition,=,14.8,%,,,B,CHEMBL1833829,CHEMBL220
CHEMBL1834071,CC(C)N1CCN(c2nccc(NC(c3ccccc3)c3ccccc3)n2)CC1,Inhibition,=,20.8,%,,,B,CHEMBL1833829,CHEMBL220
CHEMBL1834072,CC(C)C1CCN(c2nccc(NC(c3ccccc3)c3ccccc3)n2)CC1,Inhibition,=,31.8,%,,,B,CHEMBL1833829,CHEMBL220
CHEMBL1834073,CCCN1CCN(c2nccc(NC(c3ccccc3)c3ccccc3)n2)CC1,Inhibition,=,23.1,%,,,B,CHEMBL1833829,CHEMBL220
CHEMBL1834074,c1ccc(C(Nc2ccnc(N3CCN(C4CCCCC4)CC3)n2)c2ccccc2)cc1,Inhibition,=,32.0,%,,,B,CHEMBL1833829,CHEMBL220
CHEMBL1834075,CC(=O)N1CCN(c2nccc(NC(c3ccccc3)c3ccccc3)n2)CC1,Inhibition,=,10.3,%,,,B,CHEMBL1833829,CHEMBL220
CHEMBL1834076,CC(C)(C)OC(=O)N1CCN(c2nccc(NC(c3ccccc3)c3ccccc3)n2)CC1,Inhibition,=,13.6,%,,,B,CHEMBL1833829,CHEMBL220
CHEMBL1834078,OCCN1CCN(c2nccc(NC(c3ccccc3)c3ccccc3)n2)CC1,Inhibition,=,18.8,%,,,B,CHEMBL1833829,CHEMBL220
CHEMBL1834079,COCCN1CCN(c2nccc(NC(c3ccccc3)c3ccccc3)n2)CC1,Inhibition,=,10.4,%,,,B,CHEMBL1833829,CHEMBL220
CHEMBL345124,CC[N+](C)(CC)CCC[n+]1c(-c2ccccc2)c2cc(N)ccc2c2ccc(N)cc21.[I-].[I-],Inhibition,=,82.1,%,,,B,CHEMBL1833829,CHEMBL220
CHEMBL1678,COc1cc2c(cc1OC)C(=O)C(CC1CCN(Cc3ccccc3)CC1)C2.Cl,Inhibition,=,17.0,%,,,B,CHEMBL1833829,CHEMBL220
CHEMBL345124,CC[N+](C)(CC)CCC[n+]1c(-c2ccccc2)c2cc(N)ccc2c2ccc(N)cc21.[I-].[I-],Inhibition,=,54.1,%,,,B,CHEMBL1833820,CHEMBL220
CHEMBL470981,COc1cc(CCCO)cc2cc(-c3ccc4c(c3)OCO4)oc12,Inhibition,=,61.6,%,,,B,CHEMBL1833820,CHEMBL220
CHEMBL1667984,COc1cc(CCCOC(C)=O)cc2cc(-c3ccc4c(c3)OCO4)oc12,Inhibition,=,64.6,%,,,B,CHEMBL1833820,CHEMBL220
CHEMBL1834810,CC[C@H](C)C(=O)OCCCc1cc(OC)c2oc(-c3ccc4c(c3)OCO4)cc2c1,Inhibition,=,70.5,%,,,B,CHEMBL1833820,CHEMBL220
CHEMBL1834806,CCCCC/C=C\C/C=C\CCCCCCCC(=O)OCCCc1cc(OC)c2oc(-c3ccc4c(c3)OCO4)cc2c1,Inhibition,=,77.6,%,,,B,CHEMBL1833820,CHEMBL220
CHEMBL1834877,COc1cc(CCCOC(=O)Nc2ccccc2)cc2cc(-c3ccc4c(c3)OCO4)oc12,Inhibition,=,86.5,%,,,B,CHEMBL1833820,CHEMBL220
CHEMBL1834812,CC(=O)OCCCc1ccc2oc(-c3ccc4c(c3)OCO4)cc2c1,Inhibition,,,%,,,B,CHEMBL1833820,CHEMBL220
CHEMBL1834813,CCC(=O)OCCCc1cc(OC)c2oc(-c3ccc4c(c3)OCO4)cc2c1,Inhibition,,,%,,,B,CHEMBL1833820,CHEMBL220
CHEMBL1667984,COc1cc(CCCOC(C)=O)cc2cc(-c3ccc4c(c3)OCO4)oc12,Inhibition,,,%,,,B,CHEMBL1833820,CHEMBL220
CHEMBL470982,OCCCc1ccc2oc(-c3ccc4c(c3)OCO4)cc2c1,Inhibition,,,%,,,B,CHEMBL1833820,CHEMBL220
CHEMBL470981,COc1cc(CCCO)cc2cc(-c3ccc4c(c3)OCO4)oc12,Inhibition,,,%,,,B,CHEMBL1833820,CHEMBL220
CHEMBL1834874,COc1cc(CCCOC(=O)CCCCCCCC=O)cc2cc(-c3ccc4c(c3)OCO4)oc12,Inhibition,,,%,,,B,CHEMBL1833820,CHEMBL220
CHEMBL1834875,O=CCCCCCCCC(=O)OCCCc1ccc2oc(-c3ccc4c(c3)OCO4)cc2c1,Inhibition,,,%,,,B,CHEMBL1833820,CHEMBL220
CHEMBL449127,COc1cc(CCC=O)cc2cc(-c3ccc4c(c3)OCO4)oc12,Inhibition,,,%,,,B,CHEMBL1833820,CHEMBL220
CHEMBL1667991,COc1cc(CCC(=O)O)cc2cc(-c3ccc4c(c3)OCO4)oc12,Inhibition,,,%,,,B,CHEMBL1833820,CHEMBL220
CHEMBL1834806,CCCCC/C=C\C/C=C\CCCCCCCC(=O)OCCCc1cc(OC)c2oc(-c3ccc4c(c3)OCO4)cc2c1,Inhibition,,,%,,,B,CHEMBL1833820,CHEMBL220
CHEMBL1834807,CCCCC/C=C\C/C=C\CCCCCCCC(=O)OCCCc1ccc2oc(-c3ccc4c(c3)OCO4)cc2c1,Inhibition,,,%,,,B,CHEMBL1833820,CHEMBL220
CHEMBL1834808,CCCCCCCC/C=C\CCCCCCCC(=O)OCCCc1cc(OC)c2oc(-c3ccc4c(c3)OCO4)cc2c1,Inhibition,,,%,,,B,CHEMBL1833820,CHEMBL220
CHEMBL1834809,CCCCCCCC/C=C\CCCCCCCC(=O)OCCCc1ccc2oc(-c3ccc4c(c3)OCO4)cc2c1,Inhibition,,,%,,,B,CHEMBL1833820,CHEMBL220
CHEMBL1834810,CC[C@H](C)C(=O)OCCCc1cc(OC)c2oc(-c3ccc4c(c3)OCO4)cc2c1,Inhibition,,,%,,,B,CHEMBL1833820,CHEMBL220
CHEMBL1834811,CC[C@H](C)C(=O)OCCCc1ccc2oc(-c3ccc4c(c3)OCO4)cc2c1,Inhibition,,,%,,,B,CHEMBL1833820,CHEMBL220
CHEMBL1834812,CC(=O)OCCCc1ccc2oc(-c3ccc4c(c3)OCO4)cc2c1,Inhibition,,,%,,,B,CHEMBL1833820,CHEMBL220
CHEMBL1834813,CCC(=O)OCCCc1cc(OC)c2oc(-c3ccc4c(c3)OCO4)cc2c1,Inhibition,,,%,,,B,CHEMBL1833820,CHEMBL220
CHEMBL1834814,COc1cc(CCCOC(=O)C(C)C)cc2cc(-c3ccc4c(c3)OCO4)oc12,Inhibition,,,%,,,B,CHEMBL1833820,CHEMBL220
CHEMBL1834815,CCCC(=O)OCCCc1cc(OC)c2oc(-c3ccc4c(c3)OCO4)cc2c1,Inhibition,,,%,,,B,CHEMBL1833820,CHEMBL220
CHEMBL1667984,COc1cc(CCCOC(C)=O)cc2cc(-c3ccc4c(c3)OCO4)oc12,Inhibition,,,%,,,B,CHEMBL1833820,CHEMBL220
CHEMBL470982,OCCCc1ccc2oc(-c3ccc4c(c3)OCO4)cc2c1,Inhibition,,,%,,,B,CHEMBL1833820,CHEMBL220
CHEMBL470981,COc1cc(CCCO)cc2cc(-c3ccc4c(c3)OCO4)oc12,Inhibition,,,%,,,B,CHEMBL1833820,CHEMBL220
CHEMBL1834874,COc1cc(CCCOC(=O)CCCCCCCC=O)cc2cc(-c3ccc4c(c3)OCO4)oc12,Inhibition,,,%,,,B,CHEMBL1833820,CHEMBL220
CHEMBL1834875,O=CCCCCCCCC(=O)OCCCc1ccc2oc(-c3ccc4c(c3)OCO4)cc2c1,Inhibition,,,%,,,B,CHEMBL1833820,CHEMBL220
CHEMBL449127,COc1cc(CCC=O)cc2cc(-c3ccc4c(c3)OCO4)oc12,Inhibition,,,%,,,B,CHEMBL1833820,CHEMBL220
CHEMBL1667991,COc1cc(CCC(=O)O)cc2cc(-c3ccc4c(c3)OCO4)oc12,Inhibition,,,%,,,B,CHEMBL1833820,CHEMBL220
CHEMBL1834876,COc1cc(CCCOC(=O)NC(C)(C)C)cc2cc(-c3ccc4c(c3)OCO4)oc12,Inhibition,,,%,,,B,CHEMBL1833820,CHEMBL220
CHEMBL1834877,COc1cc(CCCOC(=O)Nc2ccccc2)cc2cc(-c3ccc4c(c3)OCO4)oc12,Inhibition,,,%,,,B,CHEMBL1833820,CHEMBL220
CHEMBL194823,O=C(CCCCC1CCSS1)NCCCNc1c2c(nc3cc(Cl)ccc13)CCCC2,Inhibition,=,61.8,%,,,B,CHEMBL1909586,CHEMBL220
CHEMBL1912062,CCN(CCCCCCNC(=O)CCCCC1CCSS1)Cc1ccccc1OC,Inhibition,=,16.8,%,,,B,CHEMBL1909586,CHEMBL220
CHEMBL231160,CCN(CCCCCCNC1=CC(=O)C(NCCCCCCN(CC)Cc2ccccc2OC)=CC1=O)Cc1ccccc1OC,Inhibition,=,87.1,%,,,B,CHEMBL1909586,CHEMBL220
CHEMBL1922542,CC[C@H](C)[C@H](NC(=O)OC(C)(C)C)C(=O)N(Cc1ccc(OC)cc1OC)C(C)(C)C(=O)N[C@@H](C)Cn1cc(COP(C)(=O)OC(C(F)(F)F)C(F)(F)F)nn1,Inhibition,,,%,,,B,CHEMBL1921786,CHEMBL220
CHEMBL1922543,CC(C)[C@@H](Cn1cc(COP(C)(=O)OC(C(F)(F)F)C(F)(F)F)nn1)NC(=O)CN(Cc1ccccc1)C(=O)[C@H](C)NC(=O)OC(C)(C)C,Inhibition,,,%,,,B,CHEMBL1921786,CHEMBL220
CHEMBL1922544,CC[C@H](C)[C@@H](Cn1cc(COP(C)(=O)OC(C(F)(F)F)C(F)(F)F)nn1)NC(=O)CN(Cc1ccccc1)C(=O)C(F)(F)F,Inhibition,,,%,,,B,CHEMBL1921786,CHEMBL220
CHEMBL1922545,CC(C)(C(=O)NCCn1cc(COP(C)(=O)OC(C(F)(F)F)C(F)(F)F)nn1)N(Cc1ccccc1)C(=O)C(F)(F)F,Inhibition,,,%,,,B,CHEMBL1921786,CHEMBL220
CHEMBL1922546,C[C@@H](Cn1cc(COP(C)(=O)OC(C(F)(F)F)C(F)(F)F)nn1)NC(=O)CN(Cc1ccccc1)C(=O)C(F)(F)F,Inhibition,,,%,,,B,CHEMBL1921786,CHEMBL220
CHEMBL1922547,CC(C)[C@@H](Cn1cc(COP(C)(=O)OC(C(F)(F)F)C(F)(F)F)nn1)NC(=O)CN(Cc1ccccc1)C(=O)C(F)(F)F,Inhibition,,,%,,,B,CHEMBL1921786,CHEMBL220
CHEMBL1922548,COC(=O)C(OP(C)(=O)OCc1cn(C[C@@H](NC(=O)CN(Cc2ccccc2)C(=O)C(F)(F)F)C(C)C)nn1)C(F)(F)F,Inhibition,,,%,,,B,CHEMBL1921786,CHEMBL220
CHEMBL1922549,COC(=O)C(OP(C)(=O)OCc1cn(C[C@@H](NC(=O)CN(Cc2ccccc2)C(=O)[C@H](C)NC(=O)OC(C)(C)C)C(C)C)nn1)C(F)(F)F,Inhibition,,,%,,,B,CHEMBL1921786,CHEMBL220
CHEMBL95,Nc1c2c(nc3ccccc13)CCCC2,Inhibition,=,7.0,%,,,B,CHEMBL1926501,CHEMBL220
CHEMBL502,COc1cc2c(cc1OC)C(=O)C(CC1CCN(Cc3ccccc3)CC1)C2,Inhibition,=,22.0,%,,,B,CHEMBL1926501,CHEMBL220
CHEMBL1929421,C#CCN(C)Cc1cc2cc(OCCCC3CCN(Cc4ccccc4)CC3)ccc2n1C,Inhibition,=,32.4,%,,,B,CHEMBL1926501,CHEMBL220
CHEMBL231160,CCN(CCCCCCNC1=CC(=O)C(NCCCCCCN(CC)Cc2ccccc2OC)=CC1=O)Cc1ccccc1OC,Inhibition,=,87.1,%,,,B,CHEMBL1938257,CHEMBL220
CHEMBL1940612,CCN(CCCCCCNC1=CC(=O)c2ccccc2C1=O)Cc1ccccc1OC,Inhibition,=,69.1,%,,,B,CHEMBL1938257,CHEMBL220
CHEMBL1940613,CCN(CCCCCCNC1=CC(=O)c2ncccc2C1=O)Cc1ccccc1OC,Inhibition,=,41.3,%,,,B,CHEMBL1938257,CHEMBL220
CHEMBL1940614,CCN(CCCCCCNC1=CC(=O)C(C)=C(C)C1=O)Cc1ccccc1OC,Inhibition,=,60.6,%,,,B,CHEMBL1938257,CHEMBL220
CHEMBL1940615,CCN(CCCCCCNC1=CC(=O)C(OC)=CC1=O)Cc1ccccc1OC,Inhibition,,,%,,Not Determined,B,CHEMBL1938257,CHEMBL220
CHEMBL1940616,COc1ccccc1CNCCCCCCNC1=CC(=O)c2ccccc2C1=O,Inhibition,,,%,,Not Determined,B,CHEMBL1938257,CHEMBL220
CHEMBL1940617,NCCCCCCNC1=CC(=O)c2ccccc2C1=O,Inhibition,,,%,,Not Determined,B,CHEMBL1938257,CHEMBL220
CHEMBL1940618,COc1ccccc1CN1CCC(N2CCC(NC3=CC(=O)c4ccccc4C3=O)CC2)CC1,Inhibition,,,%,,Not Determined,B,CHEMBL1938257,CHEMBL220
CHEMBL1940619,COC1=CC(=O)C(N2CCC(C3CCN(Cc4ccccc4OC)CC3)CC2)=CC1=O,Inhibition,,,%,,Not Determined,B,CHEMBL1938257,CHEMBL220
CHEMBL345124,CC[N+](C)(CC)CCC[n+]1c(-c2ccccc2)c2cc(N)ccc2c2ccc(N)cc21.[I-].[I-],Inhibition,=,82.0,%,,,B,CHEMBL1955719,CHEMBL220
CHEMBL95,Nc1c2c(nc3ccccc13)CCCC2,Inhibition,=,7.0,%,,,B,CHEMBL1955719,CHEMBL220
CHEMBL2011402,COc1ccc([C@H]2Oc3cc(O)c(C/C=C(\C)CCC=C(C)C)c(O)c3C(=O)[C@@H]2O)cc1O,Inhibition,,,%,,Dose-dependent effect,B,CHEMBL2010757,CHEMBL220
CHEMBL459258,COc1cc([C@H]2Oc3cc(O)c(C/C=C(\C)CCC=C(C)C)c(O)c3C(=O)[C@@H]2O)ccc1O,Inhibition,,,%,,Dose-dependent effect,B,CHEMBL2010757,CHEMBL220
CHEMBL2011403,COc1c(O)cc(C2Oc3cc(O)c(C/C=C(\C)CCC=C(C)C)c(O)c3C(=O)[C@@H]2O)cc1O,Inhibition,,,%,,Dose-dependent effect,B,CHEMBL2010757,CHEMBL220
CHEMBL2011404,COc1ccc([C@@H]2CC(=O)c3c(cc(O)c(C/C=C(\C)CCC=C(C)C)c3O)O2)cc1O,Inhibition,,,%,,Dose-dependent effect,B,CHEMBL2010757,CHEMBL220
CHEMBL253152,COc1cc([C@@H]2CC(=O)c3c(cc(O)c(C/C=C(\C)CCC=C(C)C)c3O)O2)ccc1O,Inhibition,,,%,,Dose-dependent effect,B,CHEMBL2010757,CHEMBL220
CHEMBL2011405,COc1c(O)cc(C2CC(=O)c3c(cc(O)c(C/C=C(\C)CCC=C(C)C)c3O)O2)cc1O,Inhibition,,,%,,Dose-dependent effect,B,CHEMBL2010757,CHEMBL220
CHEMBL374130,CC(C)=CCC/C(C)=C/Cc1c(O)cc2c(c1O)C(=O)C[C@@H](c1ccc(O)cc1)O2,Inhibition,,,%,,Dose-dependent effect,B,CHEMBL2010757,CHEMBL220
CHEMBL223256,CC(C)=CCC/C(C)=C/Cc1c(O)cc2c(c1O)C(=O)C[C@@H](c1ccc(O)c(O)c1)O2,Inhibition,,,%,,Dose-dependent effect,B,CHEMBL2010757,CHEMBL220
CHEMBL223256,CC(C)=CCC/C(C)=C/Cc1c(O)cc2c(c1O)C(=O)C[C@@H](c1ccc(O)c(O)c1)O2,Inhibition,,,%,,tde,B,CHEMBL2010757,CHEMBL220
CHEMBL2011402,COc1ccc([C@H]2Oc3cc(O)c(C/C=C(\C)CCC=C(C)C)c(O)c3C(=O)[C@@H]2O)cc1O,Inhibition,,,%,,tde,B,CHEMBL2010757,CHEMBL220
CHEMBL459258,COc1cc([C@H]2Oc3cc(O)c(C/C=C(\C)CCC=C(C)C)c(O)c3C(=O)[C@@H]2O)ccc1O,Inhibition,,,%,,tde,B,CHEMBL2010757,CHEMBL220
CHEMBL2011403,COc1c(O)cc(C2Oc3cc(O)c(C/C=C(\C)CCC=C(C)C)c(O)c3C(=O)[C@@H]2O)cc1O,Inhibition,,,%,,tde,B,CHEMBL2010757,CHEMBL220
CHEMBL2011404,COc1ccc([C@@H]2CC(=O)c3c(cc(O)c(C/C=C(\C)CCC=C(C)C)c3O)O2)cc1O,Inhibition,,,%,,tde,B,CHEMBL2010757,CHEMBL220
CHEMBL253152,COc1cc([C@@H]2CC(=O)c3c(cc(O)c(C/C=C(\C)CCC=C(C)C)c3O)O2)ccc1O,Inhibition,,,%,,tde,B,CHEMBL2010757,CHEMBL220
CHEMBL2011405,COc1c(O)cc(C2CC(=O)c3c(cc(O)c(C/C=C(\C)CCC=C(C)C)c3O)O2)cc1O,Inhibition,,,%,,tde,B,CHEMBL2010757,CHEMBL220
CHEMBL374130,CC(C)=CCC/C(C)=C/Cc1c(O)cc2c(c1O)C(=O)C[C@@H](c1ccc(O)cc1)O2,Inhibition,,,%,,tde,B,CHEMBL2010757,CHEMBL220
CHEMBL2011483,CC1=CC2Cc3nc4cc(Cl)ccc4c(NCCCCCCNc4c5c(nc6ccccc46)CCCC5)c3C(C1)C2.Cl,Inhibition,=,44.4,%,,,B,CHEMBL2010698,CHEMBL220
CHEMBL3215882,CC1=CC2Cc3nc4cc(Cl)ccc4c(NCCCCCCCNc4c5c(nc6ccccc46)CCCC5)c3C(C1)C2.Cl.Cl.Cl,Inhibition,=,56.9,%,,,B,CHEMBL2010698,CHEMBL220
CHEMBL3216777,CC1=C[C@@H]2Cc3nc4cc(Cl)ccc4c(NCCCCCCCNc4c5c(nc6ccccc46)CCCC5)c3[C@H](C1)C2.Cl.Cl.Cl,Inhibition,=,66.4,%,,,B,CHEMBL2010698,CHEMBL220
CHEMBL3217208,CC1=C[C@H]2Cc3nc4cc(Cl)ccc4c(NCCCCCCCNc4c5c(nc6ccccc46)CCCC5)c3[C@@H](C1)C2.Cl.Cl.Cl,Inhibition,=,56.5,%,,,B,CHEMBL2010698,CHEMBL220
CHEMBL2011487,CC1=CC2Cc3nc4cc(Cl)ccc4c(NCCCN(C)CCCNc4c5c(nc6ccccc46)CCCC5)c3C(C1)C2.Cl,Inhibition,=,38.8,%,,,B,CHEMBL2010698,CHEMBL220
CHEMBL2011488,CC1=CC2Cc3nc4cc(Cl)ccc4c(NCCCCCCCCNc4c5c(nc6ccccc46)CCCC5)c3C(C1)C2.Cl,Inhibition,=,66.9,%,,,B,CHEMBL2010698,CHEMBL220
CHEMBL3216116,CC1=CC2Cc3nc4cc(Cl)ccc4c(NCCCCCCCCCNc4c5c(nc6ccccc46)CCCC5)c3C(C1)C2.Cl.Cl.Cl,Inhibition,=,57.8,%,,,B,CHEMBL2010698,CHEMBL220
CHEMBL3216554,CC1=CC2Cc3nc4cc(Cl)ccc4c(NCCCCCCCCCCNc4c5c(nc6ccccc46)CCCC5)c3C(C1)C2.Cl.Cl.Cl,Inhibition,=,54.1,%,,,B,CHEMBL2010698,CHEMBL220
CHEMBL2011491,CC1=CC2Cc3nc4cc(Cl)ccc4c(NCCCCCCNc4c5c(nc6cc(Cl)ccc46)CCCC5)c3C(C1)C2.Cl,Inhibition,=,30.0,%,,,B,CHEMBL2010698,CHEMBL220
CHEMBL3216555,CC1=CC2Cc3nc4cc(Cl)ccc4c(NCCCCCCCNc4c5c(nc6cc(Cl)ccc46)CCCC5)c3C(C1)C2.Cl.Cl.Cl.Cl,Inhibition,=,44.2,%,,,B,CHEMBL2010698,CHEMBL220
CHEMBL3216556,CC1=C[C@@H]2Cc3nc4cc(Cl)ccc4c(NCCCCCCCNc4c5c(nc6cc(Cl)ccc46)CCCC5)c3[C@H](C1)C2.Cl.Cl.Cl.Cl,Inhibition,=,42.7,%,,,B,CHEMBL2010698,CHEMBL220
CHEMBL3216557,CC1=C[C@H]2Cc3nc4cc(Cl)ccc4c(NCCCCCCCNc4c5c(nc6cc(Cl)ccc46)CCCC5)c3[C@@H](C1)C2.Cl.Cl.Cl.Cl,Inhibition,=,44.9,%,,,B,CHEMBL2010698,CHEMBL220
CHEMBL2011495,CC1=CC2Cc3nc4cc(Cl)ccc4c(NCCCN(C)CCCNc4c5c(nc6cc(Cl)ccc46)CCCC5)c3C(C1)C2.Cl,Inhibition,=,35.2,%,,,B,CHEMBL2010698,CHEMBL220
CHEMBL2011496,CC1=CC2Cc3nc4cc(Cl)ccc4c(NCCCCCCCCNc4c5c(nc6cc(Cl)ccc46)CCCC5)c3C(C1)C2.Cl,Inhibition,=,47.2,%,,,B,CHEMBL2010698,CHEMBL220
CHEMBL3216778,CC1=CC2Cc3nc4cc(Cl)ccc4c(NCCCCCCCCCNc4c5c(nc6cc(Cl)ccc46)CCCC5)c3C(C1)C2.Cl.Cl.Cl.Cl,Inhibition,=,23.5,%,,,B,CHEMBL2010698,CHEMBL220
CHEMBL3216779,CC1=CC2Cc3nc4cc(Cl)ccc4c(NCCCCCCCCCCNc4c5c(nc6cc(Cl)ccc46)CCCC5)c3C(C1)C2.Cl.Cl.Cl.Cl,Inhibition,=,23.4,%,,,B,CHEMBL2010698,CHEMBL220
CHEMBL536047,CC1=CC2Cc3nc4cc(Cl)ccc4c(N)c3C(C1)C2.Cl,Inhibition,=,17.1,%,,,B,CHEMBL2010698,CHEMBL220
CHEMBL1994202,CC1=C[C@@H]2Cc3nc4cc(Cl)ccc4c(N)c3[C@H](C1)C2.Cl,Inhibition,=,24.7,%,,,B,CHEMBL2010698,CHEMBL220
CHEMBL2011499,CC1=C[C@H]2Cc3nc4cc(Cl)ccc4c(N)c3[C@@H](C1)C2.Cl,Inhibition,=,9.1,%,,,B,CHEMBL2010698,CHEMBL220
CHEMBL95,Nc1c2c(nc3ccccc13)CCCC2,Inhibition,=,5.2,%,,,B,CHEMBL2010698,CHEMBL220
CHEMBL3216556,CC1=C[C@@H]2Cc3nc4cc(Cl)ccc4c(NCCCCCCCNc4c5c(nc6cc(Cl)ccc46)CCCC5)c3[C@H](C1)C2.Cl.Cl.Cl.Cl,Inhibition,,,%,,,B,CHEMBL2010698,CHEMBL220
CHEMBL345124,CC[N+](C)(CC)CCC[n+]1c(-c2ccccc2)c2cc(N)ccc2c2ccc(N)cc21.[I-].[I-],Inhibition,=,82.0,%,,,B,CHEMBL2010698,CHEMBL220
CHEMBL345124,CC[N+](C)(CC)CCC[n+]1c(-c2ccccc2)c2cc(N)ccc2c2ccc(N)cc21.[I-].[I-],Inhibition,=,78.0,%,,,B,CHEMBL2010698,CHEMBL220
CHEMBL8165,COc1ccc2[nH]cc(CCN)c2c1,Inhibition,=,14.68,%,,,B,CHEMBL2016507,CHEMBL220
CHEMBL39,NCCc1c[nH]c2ccc(O)cc12,Inhibition,=,28.97,%,,,B,CHEMBL2016507,CHEMBL220
CHEMBL12014,Cc1nccc2c1[nH]c1ccccc12,Inhibition,=,43.54,%,,,B,CHEMBL2016507,CHEMBL220
CHEMBL269538,COc1ccc2c(c1)[nH]c1c(C)nccc12,Inhibition,=,23.75,%,,,B,CHEMBL2016507,CHEMBL220
CHEMBL1535235,Cc1nccc2c1[nH]c1cc(O)ccc12.Cl.O,Inhibition,=,41.86,%,,,B,CHEMBL2016507,CHEMBL220
CHEMBL340807,COc1ccc2c3c([nH]c2c1)C(C)=NCC3,Inhibition,=,65.89,%,,,B,CHEMBL2016507,CHEMBL220
CHEMBL129177,CC1=NCCc2c1[nH]c1cc(O)ccc21,Inhibition,=,49.66,%,,,B,CHEMBL2016507,CHEMBL220
CHEMBL269236,c1ccc2c3c([nH]c2c1)CNCC3,Inhibition,=,46.71,%,,,B,CHEMBL2016507,CHEMBL220
CHEMBL266084,COc1ccc2[nH]c3c(c2c1)CCNC3,Inhibition,=,13.69,%,,,B,CHEMBL2016507,CHEMBL220
CHEMBL395157,COc1ccc2[nH]c3c(c2c1)CCNC3C(=O)O,Inhibition,=,13.67,%,,,B,CHEMBL2016507,CHEMBL220
CHEMBL15200,COc1ccc2ncccc2c1,Inhibition,=,4.33,%,,,B,CHEMBL2016507,CHEMBL220
CHEMBL2018160,COc1ccc2c(ccc[n+]2C)c1.[I-],Inhibition,=,61.67,%,,,B,CHEMBL2016507,CHEMBL220
CHEMBL2018161,COc1ccc2c(ccc[n+]2Cc2ccccc2)c1.[I-],Inhibition,=,94.33,%,,,B,CHEMBL2016507,CHEMBL220
CHEMBL2022933,C#CCN1CCc2nc3nc(N4CCCC4)c(C#N)cc3c(N)c2C1,Inhibition,=,30.6,%,,,B,CHEMBL2021889,CHEMBL220
CHEMBL95,Nc1c2c(nc3ccccc13)CCCC2,Inhibition,<,10.0,%,,,B,CHEMBL2021889,CHEMBL220
CHEMBL2047528,CN(CCCOc1ccc2ccc(=O)oc2c1)Cc1cccc(OC(=O)NCCCCCc2ccccc2)c1,Inhibition,,,%,,tde,B,CHEMBL2046402,CHEMBL220
CHEMBL2047529,CN(CCCOc1ccc2ccc(=O)oc2c1)Cc1cccc(OC(=O)NCCCCCCCN2CCOCC2)c1,Inhibition,,,%,,tde,B,CHEMBL2046402,CHEMBL220
CHEMBL2047530,CN(CCCOc1ccc2c(=O)c3cccnc3oc2c1)Cc1cccc(OC(=O)NCCCCCc2ccccc2)c1,Inhibition,,,%,,tde,B,CHEMBL2046402,CHEMBL220
CHEMBL2047531,CN(CCCOc1ccc2c(=O)c3cccnc3oc2c1)Cc1cccc(OC(=O)NCCCCCCCN2CCOCC2)c1,Inhibition,,,%,,tde,B,CHEMBL2046402,CHEMBL220
CHEMBL2047376,CC(C)C[C@@H](C=O)NC(=O)[C@H](CC(C)C)NC(=O)[C@@H](NC(=O)OCc1ccccc1)C(C)C,Inhibition,,,%,,Not Determined,B,CHEMBL2046278,CHEMBL220
CHEMBL345124,CC[N+](C)(CC)CCC[n+]1c(-c2ccccc2)c2cc(N)ccc2c2ccc(N)cc21.[I-].[I-],Inhibition,=,82.0,%,,,B,CHEMBL2046278,CHEMBL220
CHEMBL659,COc1ccc2c3c1O[C@H]1C[C@@H](O)C=C[C@@]31CCN(C)C2,Inhibition,,,%,,Not Determined,B,CHEMBL2046278,CHEMBL220
CHEMBL2047375,c1ccc(CN2CCC(Nc3nccc(NCc4ccc5c(c4)OCO5)n3)CC2)cc1,Inhibition,=,50.2,%,,,B,CHEMBL2046278,CHEMBL220
CHEMBL2047231,COc1cc(CNc2ccnc(NC3CCN(Cc4ccccc4)CC3)n2)cc(OC)c1OC,Inhibition,=,32.7,%,,,B,CHEMBL2046278,CHEMBL220
CHEMBL2047230,COc1ccc(CNc2ccnc(NC3CCN(Cc4ccccc4)CC3)n2)cc1OC,Inhibition,=,59.3,%,,,B,CHEMBL2046278,CHEMBL220
CHEMBL2047229,COc1ccc(CNc2ccnc(NC3CCN(Cc4ccccc4)CC3)n2)cc1,Inhibition,=,36.2,%,,,B,CHEMBL2046278,CHEMBL220
CHEMBL2047228,Cc1ccc(CNc2ccnc(NC3CCN(Cc4ccccc4)CC3)n2)cc1,Inhibition,=,45.1,%,,,B,CHEMBL2046278,CHEMBL220
CHEMBL2047227,Fc1ccc(CNc2ccnc(NC3CCN(Cc4ccccc4)CC3)n2)cc1,Inhibition,=,38.1,%,,,B,CHEMBL2046278,CHEMBL220
CHEMBL2047226,Brc1ccc(CNc2ccnc(NC3CCN(Cc4ccccc4)CC3)n2)cc1,Inhibition,=,53.9,%,,,B,CHEMBL2046278,CHEMBL220
CHEMBL2047225,Clc1ccc(CNc2ccnc(NC3CCN(Cc4ccccc4)CC3)n2)cc1,Inhibition,,,%,,,B,CHEMBL2046278,CHEMBL220
CHEMBL2047224,Clc1cccc(CNc2ccnc(NC3CCN(Cc4ccccc4)CC3)n2)c1,Inhibition,=,27.2,%,,,B,CHEMBL2046278,CHEMBL220
CHEMBL2047223,Clc1ccccc1CNc1ccnc(NC2CCN(Cc3ccccc3)CC2)n1,Inhibition,,,%,,,B,CHEMBL2046278,CHEMBL220
CHEMBL2160226,CNC(=O)Oc1cccc(CN(C)CCCCCCCOc2ccc(-c3oc4ccccc4c3C(=O)c3ccc(C)cc3)cc2)c1,Inhibition,,,%,,,B,CHEMBL2157903,CHEMBL220
CHEMBL2164777,CC(C)NCC(O)c1ccc(OC(=O)N(C)C)c(OC(=O)N(C)C)c1.Cl,Inhibition,,,%,,tde,B,CHEMBL2163243,CHEMBL220
CHEMBL2164776,CC(C)NCC(O)c1cc(OC(=O)N(C)C)cc(OC(=O)N(C)C)c1.Cl,Inhibition,,,%,,tde,B,CHEMBL2163243,CHEMBL220
CHEMBL2164371,O=C(NCc1ccc(OC(F)(F)F)cc1)C1c2ccccc2C(=O)N1C1CCOCC1,Inhibition,,,%,,,B,CHEMBL2163233,CHEMBL220
CHEMBL2164389,O=C(NCc1ccc(OC(F)(F)F)cc1)C1c2ccccc2C(=O)N1CCc1ccccn1,Inhibition,,,%,,,B,CHEMBL2163233,CHEMBL220
CHEMBL2179392,NCC12CCC3CC(CC3C1)C2,Inhibition,<,20.0,%,,,B,CHEMBL2176910,CHEMBL220
CHEMBL2179395,CN(C)C(CN)c1ccccc1Cl,Inhibition,<,20.0,%,,,B,CHEMBL2176910,CHEMBL220
CHEMBL2177127,CN1CCNC(c2ccccc2)C1,Inhibition,<,20.0,%,,,B,CHEMBL2176910,CHEMBL220
CHEMBL2206397,CCc1cccc(CC)c1Cc1ncc[nH]1,Inhibition,=,17.0,%,,,B,CHEMBL2203234,CHEMBL220
CHEMBL2235388,Cc1cc(CN(CCO)Cc2cc(C)n(C)n2)nn1C,Inhibition,,,%,,,B,CHEMBL3045895,CHEMBL220
CHEMBL1968195,Cc1cc(C)n(CN(Cn2nc(C)cc2C)C2CCCCC2)n1,Inhibition,,,%,,,B,CHEMBL3045895,CHEMBL220
CHEMBL2235389,Cc1cc(C)n(CN(CCO)Cn2nc(C)cc2C)n1,Inhibition,,,%,,,B,CHEMBL3045895,CHEMBL220
CHEMBL1828958,Cc1cc(C)n(CO)n1,Inhibition,,,%,,,B,CHEMBL3045895,CHEMBL220
CHEMBL21396,COc1ccc2c(OC)c3ccoc3nc2c1OC,Inhibition,,,%,,,B,CHEMBL3046928,CHEMBL220
CHEMBL400257,COc1c2[nH]c3occc3c(OC)c-2ccc1=O,Inhibition,=,51.9,%,,,B,CHEMBL3046928,CHEMBL220
CHEMBL607537,COc1cc2oc(=O)ccc2c(OC)c1OC,Inhibition,=,49.7,%,,,B,CHEMBL3046928,CHEMBL220
CHEMBL256497,COc1cc(=O)[nH]c2c(OC)cccc12,Inhibition,=,45.1,%,,,B,CHEMBL3046928,CHEMBL220
CHEMBL2236572,COc1cccc2c3c(c(=O)n(C)c12)[C@@H](O)[C@H](O)C(C)(C)O3,Inhibition,=,34.4,%,,,B,CHEMBL3046928,CHEMBL220
CHEMBL2236571,COc1c(C[C@H](C)C(C)(C)O)c(=O)n(C)c2ccccc12,Inhibition,=,19.4,%,,,B,CHEMBL3046928,CHEMBL220
CHEMBL2236570,COc1ccc(C(=O)[C@@H]2CO[C@H](c3ccc4c(c3)OCO4)[C@H]2CO)cc1OC,Inhibition,=,9.9,%,,,B,CHEMBL3046928,CHEMBL220
CHEMBL252925,COc1c2ccoc2nc2c(OC)cccc12,Inhibition,=,24.3,%,,,B,CHEMBL3046928,CHEMBL220
CHEMBL22533,COc1c2ccccc2nc2occc12,Inhibition,=,12.6,%,,,B,CHEMBL3046928,CHEMBL220
CHEMBL2236569,COc1cc2oc(=O)ccc2c(OC)c1C[C@@H](O)C(C)(C)O,Inhibition,=,33.9,%,,,B,CHEMBL3046928,CHEMBL220
CHEMBL21396,COc1ccc2c(OC)c3ccoc3nc2c1OC,Inhibition,=,91.3,%,,,B,CHEMBL3046928,CHEMBL220
CHEMBL2315715,CN1CC(=O)OB(/C=C/c2ccccc2)OC(=O)C1,Inhibition,,,%,,,B,CHEMBL2311255,CHEMBL220
CHEMBL2315714,CC1(C)OB(/C=C/c2cccc(C(F)(F)F)c2)OC1(C)C,Inhibition,,,%,,,B,CHEMBL2311255,CHEMBL220
CHEMBL2315713,CC1(C)OB(/C=C/c2ccc(F)cc2F)OC1(C)C,Inhibition,,,%,,,B,CHEMBL2311255,CHEMBL220
CHEMBL2315712,COc1cc(/C=C/B2OC(C)(C)C(C)(C)O2)cc(OC)c1,Inhibition,,,%,,,B,CHEMBL2311255,CHEMBL220
CHEMBL2315711,CC1(C)OB(/C=C/c2ccccc2)OC1(C)C,Inhibition,,,%,,,B,CHEMBL2311255,CHEMBL220
CHEMBL143654,OB(O)c1ccc(C(F)(F)F)cc1,Inhibition,,,%,,,B,CHEMBL2311255,CHEMBL220
CHEMBL21485,OB(O)c1ccccc1,Inhibition,,,%,,,B,CHEMBL2311255,CHEMBL220
CHEMBL2315710,CCCCC/C=C/B(O)O,Inhibition,,,%,,,B,CHEMBL2311255,CHEMBL220
CHEMBL2315709,OB(O)/C=C/C1CCCCC1,Inhibition,,,%,,,B,CHEMBL2311255,CHEMBL220
CHEMBL2315708,COc1cc(/C=C/B(O)O)cc(OC)c1,Inhibition,,,%,,,B,CHEMBL2311255,CHEMBL220
CHEMBL2315707,COc1ccc(/C=C/B(O)O)cc1,Inhibition,,,%,,,B,CHEMBL2311255,CHEMBL220
CHEMBL2315706,OB(O)/C=C/c1ccc(F)cc1,Inhibition,,,%,,,B,CHEMBL2311255,CHEMBL220
CHEMBL2315705,OB(O)/C=C/c1ccc(C(F)(F)F)cc1,Inhibition,,,%,,,B,CHEMBL2311255,CHEMBL220
CHEMBL559289,OB(O)/C=C/c1ccccc1,Inhibition,,,%,,,B,CHEMBL2311255,CHEMBL220
CHEMBL2323356,CCOc1ccc(/C=N/NC(=O)CN2CCC(Cc3ccccc3)CC2)cc1,Inhibition,,,%,,Dose-dependent effect,B,CHEMBL2321855,CHEMBL220
CHEMBL2381388,O=C(/C=C/c1ccccc1)c1cccc(CN2CCN(Cc3ccccc3)CC2)c1,Inhibition,,,%,,,B,CHEMBL2380294,CHEMBL220
CHEMBL2381389,CCN(CC)Cc1cccc(C(=O)/C=C/c2ccc3ccccc3c2)c1,Inhibition,,,%,,,B,CHEMBL2380294,CHEMBL220
CHEMBL2381390,CCN(CC)Cc1cccc(C(=O)/C=C/c2ccc(OC)c(OC)c2)c1,Inhibition,,,%,,,B,CHEMBL2380294,CHEMBL220
CHEMBL2381391,COc1ccc(/C=C/C(=O)c2cccc(CN3CCN(Cc4ccccc4)CC3)c2)cc1OC,Inhibition,,,%,,,B,CHEMBL2380294,CHEMBL220
CHEMBL2380323,CCN(CC)Cc1cccc(C(=O)/C=C/c2ccc(OC)cc2)c1,Inhibition,,,%,,,B,CHEMBL2380294,CHEMBL220
CHEMBL2381392,COc1ccc(/C=C/C(=O)c2cccc(CN3CCC(c4ccccc4)CC3)c2)cc1,Inhibition,,,%,,,B,CHEMBL2380294,CHEMBL220
CHEMBL2381393,COc1ccc(/C=C/C(=O)c2cccc(CN3CCN(Cc4ccccc4)CC3)c2)cc1,Inhibition,,,%,,,B,CHEMBL2380294,CHEMBL220
CHEMBL2381394,CCN(CC)Cc1cccc(C(=O)/C=C/c2cccc(OC)c2)c1,Inhibition,,,%,,,B,CHEMBL2380294,CHEMBL220
CHEMBL2381395,COc1cccc(/C=C/C(=O)c2cccc(CN3CCC(c4ccccc4)CC3)c2)c1,Inhibition,,,%,,,B,CHEMBL2380294,CHEMBL220
CHEMBL2381396,COc1cccc(/C=C/C(=O)c2cccc(CN3CCN(Cc4ccccc4)CC3)c2)c1,Inhibition,,,%,,,B,CHEMBL2380294,CHEMBL220
CHEMBL2381397,CCN(CC)Cc1cccc(C(=O)/C=C/c2ccc(F)cc2)c1,Inhibition,,,%,,,B,CHEMBL2380294,CHEMBL220
CHEMBL2381398,CCN(CC)Cc1cccc(C(=O)/C=C/c2ccc(Cl)cc2)c1,Inhibition,,,%,,,B,CHEMBL2380294,CHEMBL220
CHEMBL2381399,CCN(CC)Cc1cccc(C(=O)/C=C/c2ccc(Br)cc2)c1,Inhibition,,,%,,,B,CHEMBL2380294,CHEMBL220
CHEMBL2381400,CCN(CC)Cc1cccc(C(=O)/C=C/c2ccc(-c3ccccc3)cc2)c1,Inhibition,,,%,,,B,CHEMBL2380294,CHEMBL220
CHEMBL2381401,COc1ccc2cc(C(=O)CN3CCN(Cc4ccccc4)CC3)c(=O)oc2c1,Inhibition,=,57.0,%,,,B,CHEMBL2380294,CHEMBL220
CHEMBL2381402,COc1ccc2cc(C(=O)CN3CCC(c4ccccc4)CC3)c(=O)oc2c1,Inhibition,,,%,,,B,CHEMBL2380294,CHEMBL220
CHEMBL2381403,COc1ccc2cc(C(=O)CN3CCN(c4ccccc4)CC3)c(=O)oc2c1,Inhibition,,,%,,,B,CHEMBL2380294,CHEMBL220
CHEMBL2381383,COc1ccc2cc(C(=O)CN3CCN(c4ccccn4)CC3)c(=O)oc2c1,Inhibition,,,%,,,B,CHEMBL2380294,CHEMBL220
CHEMBL2381384,COc1ccc2cc(C(=O)CN3CCN(c4ncccn4)CC3)c(=O)oc2c1,Inhibition,,,%,,,B,CHEMBL2380294,CHEMBL220
CHEMBL2381385,COc1ccc2cc(C(=O)CN3CCOCC3)c(=O)oc2c1,Inhibition,,,%,,,B,CHEMBL2380294,CHEMBL220
CHEMBL2381386,COc1ccc2cc(C(=O)CN3CCC(Cc4ccccc4)CC3)c(=O)oc2c1,Inhibition,,,%,,,B,CHEMBL2380294,CHEMBL220
CHEMBL659,COc1ccc2c3c1O[C@H]1C[C@@H](O)C=C[C@@]31CCN(C)C2,Inhibition,,,%,,,B,CHEMBL2380294,CHEMBL220
CHEMBL2381387,CCN(CC)Cc1cccc(C(=O)/C=C/c2ccccc2)c1,Inhibition,,,%,,,B,CHEMBL2380294,CHEMBL220
CHEMBL2393067,CCN(CC)CCCCOc1ccc2c(=O)cc(-c3ccccc3)oc2c1C,Inhibition,,,%,,,B,CHEMBL2390956,CHEMBL220
CHEMBL94,CNC(=O)Oc1ccc2c(c1)[C@]1(C)CCN(C)[C@@H]1N2C,Inhibition,=,92.54,%,,,B,CHEMBL2424571,CHEMBL220
CHEMBL2425416,N#Cc1ccc(NC(=S)NNC=C2C(=O)NC(=O)NC2=O)cc1,Inhibition,=,11.37,%,,,B,CHEMBL2424571,CHEMBL220
CHEMBL2425415,COc1ccc(NC(=S)NNC=C2C(=O)NC(=S)NC2=O)cc1,Inhibition,=,59.08,%,,,B,CHEMBL2424571,CHEMBL220
CHEMBL2425414,O=C1NC(=S)NC(=O)C1=CNNC(=S)Nc1ccc(C(F)(F)F)cc1,Inhibition,=,75.56,%,,,B,CHEMBL2424571,CHEMBL220
CHEMBL2425412,O=C1NC(=S)NC(=O)C1=CNNC(=S)Nc1ccc(Br)cc1,Inhibition,=,80.39,%,,,B,CHEMBL2424571,CHEMBL220
CHEMBL2425410,O=C1NC(=S)NC(=O)C1=CNNC(=S)Nc1ccc(Cl)cc1,Inhibition,=,61.96,%,,,B,CHEMBL2424571,CHEMBL220
CHEMBL2425409,O=C1NC(=S)NC(=O)C1=CNNC(=S)Nc1ccc(F)cc1,Inhibition,=,86.93,%,,,B,CHEMBL2424571,CHEMBL220
CHEMBL2425408,O=C1NC(=S)NC(=O)C1=CNNC(=S)Nc1ccccc1,Inhibition,=,73.23,%,,,B,CHEMBL2424571,CHEMBL220
CHEMBL2425406,O=C1NC(=O)C(=CNNC(=O)Nc2ccccc2)C(=O)N1,Inhibition,=,39.61,%,,,B,CHEMBL2424571,CHEMBL220
CHEMBL2425407,O=C(NNC=C1C(=O)NC(=S)NC1=O)Nc1ccccc1,Inhibition,=,66.8,%,,,B,CHEMBL2424571,CHEMBL220
CHEMBL2425418,NC(=S)NNC=C1C(=O)NC(=O)NC1=O,Inhibition,=,65.75,%,,,B,CHEMBL2424571,CHEMBL220
CHEMBL2425417,CC(=O)NC=C1C(=O)NC(=O)NC1=O,Inhibition,=,77.65,%,,,B,CHEMBL2424571,CHEMBL220
CHEMBL2425413,O=C1NC(=O)C(=CNNC(=S)Nc2cccc(C(F)(F)F)c2)C(=O)N1,Inhibition,=,83.26,%,,,B,CHEMBL2424571,CHEMBL220
CHEMBL2425411,Cc1cccc(Cl)c1NC(=S)NNC=C1C(=O)NC(=O)NC1=O,Inhibition,=,49.41,%,,,B,CHEMBL2424571,CHEMBL220
CHEMBL3087674,CC(C)Cc1ccc(C(C)C(=O)NCCCNCCCNC2=CC(=O)C(NCCCNCCCNC(=O)C(C)c3ccc(CC(C)C)cc3)=CC2=O)cc1,Inhibition,=,26.3,%,,,B,CHEMBL3085683,CHEMBL220
CHEMBL51085,O=c1c2ccccc2[se]n1-c1ccccc1,Inhibition,,,%,,Not Determined,B,CHEMBL3085626,CHEMBL220
CHEMBL95,Nc1c2c(nc3ccccc13)CCCC2,Inhibition,=,10.3,%,,,B,CHEMBL3085626,CHEMBL220
CHEMBL502,COc1cc2c(cc1OC)C(=O)C(CC1CCN(Cc3ccccc3)CC1)C2,Inhibition,=,21.1,%,,,B,CHEMBL3085626,CHEMBL220
CHEMBL3086279,COc1cc2c(cc1OC)[Se](=O)N(CCC1CCN(Cc3ccccc3)CC1)C2=O,Inhibition,,,%,,Not Determined,B,CHEMBL3085626,CHEMBL220
CHEMBL3086278,COc1cc2[se]n(CCCCC3CCN(Cc4ccccc4)CC3)c(=O)c2cc1OC,Inhibition,=,46.3,%,,,B,CHEMBL3085626,CHEMBL220
CHEMBL3086277,COc1cc2[se]n(CCCC3CCN(Cc4ccccc4)CC3)c(=O)c2cc1OC,Inhibition,=,26.3,%,,,B,CHEMBL3085626,CHEMBL220
CHEMBL3086276,COc1cc2[se]n(CCC3CCN(Cc4ccccc4)CC3)c(=O)c2cc1OC,Inhibition,=,21.4,%,,,B,CHEMBL3085626,CHEMBL220
CHEMBL3086275,O=c1c2ccc(Cl)cc2[se]n1CCC1CCN(Cc2ccccc2)CC1,Inhibition,,,%,,Not Determined,B,CHEMBL3085626,CHEMBL220
CHEMBL3086274,O=c1c2ccc(F)cc2[se]n1CCC1CCN(Cc2ccccc2)CC1,Inhibition,,,%,,Not Determined,B,CHEMBL3085626,CHEMBL220
CHEMBL3086273,O=c1c2ccccc2[se]n1CCC1CCN(Cc2ccccc2)CC1,Inhibition,,,%,,Not Determined,B,CHEMBL3085626,CHEMBL220
CHEMBL3086272,COc1cc2[se]n(CC3CCN(Cc4ccccc4)CC3)c(=O)c2cc1OC,Inhibition,,,%,,Not Determined,B,CHEMBL3085626,CHEMBL220
CHEMBL3086271,O=c1c2ccc(Cl)cc2[se]n1CC1CCN(Cc2ccccc2)CC1,Inhibition,,,%,,Not Determined,B,CHEMBL3085626,CHEMBL220
CHEMBL3086270,O=c1c2ccc(F)cc2[se]n1CC1CCN(Cc2ccccc2)CC1,Inhibition,,,%,,Not Determined,B,CHEMBL3085626,CHEMBL220
CHEMBL3086269,O=c1c2ccccc2[se]n1CC1CCN(Cc2ccccc2)CC1,Inhibition,,,%,,Not Determined,B,CHEMBL3085626,CHEMBL220
CHEMBL3086268,COc1cc2[se]n(C3CCN(Cc4ccccc4)CC3)c(=O)c2cc1OC,Inhibition,,,%,,Not Determined,B,CHEMBL3085626,CHEMBL220
CHEMBL3086267,O=c1c2ccc(Cl)cc2[se]n1C1CCN(Cc2ccccc2)CC1,Inhibition,,,%,,Not Determined,B,CHEMBL3085626,CHEMBL220
CHEMBL3086266,O=c1c2ccc(F)cc2[se]n1C1CCN(Cc2ccccc2)CC1,Inhibition,,,%,,Not Determined,B,CHEMBL3085626,CHEMBL220
CHEMBL3086353,O=c1c2ccccc2[se]n1C1CCN(Cc2ccccc2)CC1,Inhibition,,,%,,Not Determined,B,CHEMBL3085626,CHEMBL220
CHEMBL3093174,COc1ccc(/C=C2\COc3cc(OCCCCCCNc4c5c(nc6ccccc46)CCCC5)ccc3C2=O)cc1,Inhibition,,,%,,,B,CHEMBL3091317,CHEMBL220
CHEMBL502,COc1cc2c(cc1OC)C(=O)C(CC1CCN(Cc3ccccc3)CC1)C2,Inhibition,=,22.0,%,,,B,CHEMBL3091317,CHEMBL220
CHEMBL3099500,CN(CCCCNc1c2c(nc3c(NC(=O)CNC(=O)CC[C@H](NC(=O)CNC(=O)OCc4ccccc4)C(=O)N[C@@H](Cc4ccccc4)C(=O)OCc4ccccc4)cccc13)CCCC2)CCCNc1c2c(nc3ccccc13)CCCC2,Inhibition,=,42.0,%,,,B,CHEMBL3098022,CHEMBL220
CHEMBL3099499,CN(CCCCNc1c2c(nc3ccccc13)CCCC2)CCCNc1c2c(nc3c(NC(=O)CNC(=O)CC[C@H](NC(=O)CNC(=O)OCc4ccccc4)C(=O)N[C@@H](Cc4ccccc4)C(=O)OCc4ccccc4)cccc13)CCCC2,Inhibition,=,42.0,%,,,B,CHEMBL3098022,CHEMBL220
CHEMBL3099498,O=C(CC[C@H](NC(=O)CNC(=O)OCc1ccccc1)C(=O)N[C@@H](Cc1ccccc1)C(=O)OCc1ccccc1)NCC(=O)Nc1cccc2c(NCCCCCCCCNc3c4c(nc5ccccc35)CCCC4)c3c(nc12)CCCC3,Inhibition,=,26.0,%,,,B,CHEMBL3098022,CHEMBL220
CHEMBL3099497,Nc1cccc2c(NCCCCCCCCNc3c4c(nc5ccccc35)CCCC4)c3c(nc12)CCCC3,Inhibition,,,%,,Not Determined,B,CHEMBL3098022,CHEMBL220
CHEMBL3099496,O=[N+]([O-])c1cccc2c(NCCCCCCCCNc3c4c(nc5ccccc35)CCCC4)c3c(nc12)CCCC3,Inhibition,,,%,,Not Determined,B,CHEMBL3098022,CHEMBL220
CHEMBL489454,CN(CCCCNc1c2c(nc3ccccc13)CCCC2)CCCNc1c2c(nc3ccccc13)CCCC2,Inhibition,=,50.0,%,,,B,CHEMBL3098022,CHEMBL220
CHEMBL129108,c1ccc2c(NCCCCCCCCSc3c4c(nc5ccccc35)CCCC4)c3c(nc2c1)CCCC3,Inhibition,,,%,,Not Determined,B,CHEMBL3098022,CHEMBL220
CHEMBL3099899,COc1ccc(CNC(=O)c2cc(-c3cc(Cl)cc(Cl)c3)cnc2-c2cccnc2)cc1OC,Inhibition,=,-12.0,%,,,B,CHEMBL3098111,CHEMBL220
CHEMBL3116284,c1ccc2c(COc3nn(CCN4CCCCC4)c4ccccc34)cccc2c1,Inhibition,,,%,,,B,CHEMBL3112400,CHEMBL220
CHEMBL3116282,CC(C)N(CCn1nc(OCc2cccc3ccccc23)c2ccccc21)C(C)C,Inhibition,,,%,,,B,CHEMBL3112400,CHEMBL220
CHEMBL3122167,CCNC(=O)c1ccc2nc(-c3ccc(Cl)cc3)c3c(c2c1)NCCC3,Inhibition,,,%,,,B,CHEMBL3120164,CHEMBL220
CHEMBL3122149,CCNC(=O)c1ccc2nc(-c3ccc(Cl)cc3)c3c(c2c1)N(Cc1ccccc1)CCC3,Inhibition,,,%,,,B,CHEMBL3120164,CHEMBL220
CHEMBL3122148,CCOC(=O)c1ccc2nc(-c3ccc(Cl)cc3)c3c(c2c1)N(Cc1ccc(OC)cc1)CCC3,Inhibition,=,10.2,%,,,B,CHEMBL3120164,CHEMBL220
CHEMBL3122147,CCOC(=O)c1ccc2nc(-c3ccc(Cl)cc3)c3c(c2c1)NCCC3,Inhibition,=,17.8,%,,,B,CHEMBL3120164,CHEMBL220
CHEMBL3122146,CCOC(=O)c1ccc2nc(-c3ccc(C(=O)OC)cc3)c3c(c2c1)N(Cc1ccccc1)CCC3,Inhibition,=,15.7,%,,,B,CHEMBL3120164,CHEMBL220
CHEMBL3122172,CCOC(=O)c1ccc2nc(-c3ccc(Cl)cc3)c3c(c2c1)N(Cc1ccccc1)CCC3,Inhibition,=,10.0,%,,,B,CHEMBL3120164,CHEMBL220
CHEMBL3120185,CCOC(=O)c1ccc2nc(-c3ccc(C(=O)OC)cc3)c3c(c2c1)N(Cc1ccccc1)C(=O)CC3,Inhibition,=,13.8,%,,,B,CHEMBL3120164,CHEMBL220
CHEMBL502,COc1cc2c(cc1OC)C(=O)C(CC1CCN(Cc3ccccc3)CC1)C2,Inhibition,=,25.0,%,,,B,CHEMBL3124932,CHEMBL220
CHEMBL140,COc1cc(/C=C/C(=O)CC(=O)/C=C/c2ccc(O)c(OC)c2)ccc1O,Inhibition,,,%,,Not Determined,B,CHEMBL3124932,CHEMBL220
CHEMBL3127003,CCN(CCCCOc1ccc(-c2coc3cc(OCCCCN(CC)Cc4ccccc4OC)cc(O)c3c2=O)cc1)Cc1ccccc1OC,Inhibition,=,36.2,%,,,B,CHEMBL3124932,CHEMBL220
CHEMBL3126996,CCN(CCCCOc1ccc(-c2coc3cc(O)cc(O)c3c2=O)cc1)Cc1ccccc1OC,Inhibition,=,22.0,%,,,B,CHEMBL3124932,CHEMBL220
CHEMBL3127006,CCN(CCCCCCOc1cc(O)c2c(=O)c(-c3ccc(O)cc3)coc2c1)Cc1ccccc1,Inhibition,=,18.7,%,,,B,CHEMBL3124932,CHEMBL220
CHEMBL44,O=c1c(-c2ccc(O)cc2)coc2cc(O)cc(O)c12,Inhibition,<,5.0,%,,,B,CHEMBL3124932,CHEMBL220
CHEMBL345124,CC[N+](C)(CC)CCC[n+]1c(-c2ccccc2)c2cc(N)ccc2c2ccc(N)cc21.[I-].[I-],Inhibition,=,82.0,%,,,B,CHEMBL3132857,CHEMBL220
CHEMBL502,COc1cc2c(cc1OC)C(=O)C(CC1CCN(Cc3ccccc3)CC1)C2,Inhibition,=,22.0,%,,,B,CHEMBL3132857,CHEMBL220
CHEMBL3133437,O=C(CN1CCN(Cc2ccccc2F)CC1)NC1c2cnn(-c3ccccc3)c2-c2c(Br)sc(Br)c21,Inhibition,=,15.0,%,,,B,CHEMBL3132857,CHEMBL220
CHEMBL3133435,O=C(CN1CCN(Cc2ccccc2F)CC1)NC1c2cn[nH]c2-c2c(Br)sc(Br)c21,Inhibition,=,42.0,%,,,B,CHEMBL3132857,CHEMBL220
CHEMBL3133431,O=C(CN1CCN(Cc2ccccc2F)CC1)NC1c2ccsc2-c2c1cnn2-c1ccccc1,Inhibition,=,42.0,%,,,B,CHEMBL3132857,CHEMBL220
CHEMBL3133429,O=C(CN1CCN(Cc2ccccc2F)CC1)NC1c2cn[nH]c2-c2sccc21,Inhibition,=,42.0,%,,,B,CHEMBL3132857,CHEMBL220
CHEMBL3133428,O=C(CN1CCN(Cc2ccccc2)CC1)NC1c2ccsc2-c2c1cnn2-c1ccccc1,Inhibition,=,36.0,%,,,B,CHEMBL3132857,CHEMBL220
CHEMBL3133441,COc1cc2c(cc1OC)C(NC(=O)CN1CCN(Cc3ccccc3F)CC1)c1cn[nH]c1-2,Inhibition,=,50.0,%,,,B,CHEMBL3132857,CHEMBL220
CHEMBL3133438,COc1cc2c(cc1OC)C(NC(=O)CN1CCN(Cc3ccccc3)CC1)c1cn[nH]c1-2,Inhibition,=,49.0,%,,,B,CHEMBL3132857,CHEMBL220
CHEMBL98883,C=CCN1CC[C@]2(C)c3cc(O)ccc3C[C@@H]1[C@@H]2C,Inhibition,=,50.0,%,,,B,CHEMBL3217650,CHEMBL220
CHEMBL1760434,Nc1nc(C(F)(F)F)cc2c1[nH]c(=O)n2Cc1ccccc1,Inhibition,=,70.0,%,,,B,CHEMBL3217697,CHEMBL220
CHEMBL510349,O=c1oc2ccccc2cc1-c1ccccc1,Inhibition,,,%,,,B,CHEMBL3217547,CHEMBL220
CHEMBL1783714,Cc1ccc2oc(=O)c(-c3ccccc3)cc2c1,Inhibition,,,%,,,B,CHEMBL3217547,CHEMBL220
CHEMBL1835228,Cc1ccc(-c2cc3cc(C)ccc3oc2=O)cc1,Inhibition,,,%,,,B,CHEMBL3217547,CHEMBL220
CHEMBL252403,O=C(Nc1cc2ccccc2oc1=O)c1ccccc1,Inhibition,,,%,,,B,CHEMBL3217547,CHEMBL220
CHEMBL3220511,COc1ccc(C(=O)Nc2cc3ccccc3oc2=O)cc1OC,Inhibition,,,%,,,B,CHEMBL3217547,CHEMBL220
CHEMBL3220512,COc1cc(C(=O)Nc2cc3ccccc3oc2=O)cc(OC)c1OC,Inhibition,,,%,,,B,CHEMBL3217547,CHEMBL220
CHEMBL1426944,O=C(Nc1cc2ccccc2oc1=O)C1CCCCC1,Inhibition,,,%,,,B,CHEMBL3217547,CHEMBL220
CHEMBL63349,CC(=O)Nc1cc2ccccc2oc1=O,Inhibition,,,%,,,B,CHEMBL3217547,CHEMBL220
CHEMBL3220732,O=C(CBr)Nc1cc2ccccc2oc1=O,Inhibition,,,%,,,B,CHEMBL3217547,CHEMBL220
CHEMBL3220733,O=C(CCl)Nc1cc2ccccc2oc1=O,Inhibition,,,%,,,B,CHEMBL3217547,CHEMBL220
CHEMBL3237521,Cc1ccc(C(=O)c2ccc(O)c(F)c2)cc1,Inhibition,,,%,,,B,CHEMBL3232781,CHEMBL220
CHEMBL3237522,CN(Cc1ccc(C(=O)c2ccc(O)c(F)c2)cc1)Cc1cccc(O)c1,Inhibition,,,%,,,B,CHEMBL3232781,CHEMBL220
CHEMBL3237523,CN(CCO)Cc1ccc(C(=O)c2ccc(O)c(F)c2)cc1,Inhibition,,,%,,,B,CHEMBL3232781,CHEMBL220
CHEMBL3237524,O=C(c1ccc(CN2CCC(O)CC2)cc1)c1ccc(O)c(F)c1,Inhibition,,,%,,,B,CHEMBL3232781,CHEMBL220
CHEMBL3237525,O=C(c1ccc(CN2CCN(c3ccccc3)CC2)cc1)c1ccc(O)c(F)c1,Inhibition,,,%,,,B,CHEMBL3232781,CHEMBL220
CHEMBL3237526,O=C(c1ccc(CN2CCN(Cc3ccccc3)CC2)cc1)c1ccc(O)c(F)c1,Inhibition,,,%,,,B,CHEMBL3232781,CHEMBL220
CHEMBL3237528,CN1CCN(Cc2ccc(C(=O)c3ccc(O)c(F)c3)cc2)CC1,Inhibition,,,%,,,B,CHEMBL3232781,CHEMBL220
CHEMBL3237529,CN(C)CCN(C)Cc1ccc(C(=O)c2ccc(O)c(F)c2)cc1,Inhibition,,,%,,,B,CHEMBL3232781,CHEMBL220
CHEMBL3237530,CN(Cc1ccc(C(=O)c2ccc(O)c(F)c2)cc1)C1CCCCC1,Inhibition,,,%,,,B,CHEMBL3232781,CHEMBL220
CHEMBL3235364,C[C@H]1[C@@H]2[C@@H]3[C@@H]4C[C@@]1(O)OC(=O)[C@@]24CCCC3(C)C,Inhibition,=,28.08,%,,,B,CHEMBL3232729,CHEMBL220
CHEMBL3235365,C[C@H]1[C@@H]2[C@@H]3[C@@H]4C[C@@]1(O)OC[C@@]24CCCC3(C)C,Inhibition,=,25.9,%,,,B,CHEMBL3232729,CHEMBL220
CHEMBL659,COc1ccc2c3c1O[C@H]1C[C@@H](O)C=C[C@@]31CCN(C)C2,Inhibition,=,61.44,%,,,B,CHEMBL3232729,CHEMBL220
CHEMBL3235502,O=C(CCCOc1cccc2[nH]c3ccccc3c12)NCCCNc1c2c(nc3ccccc13)CCCC2,Inhibition,=,57.7,%,,,B,CHEMBL3232801,CHEMBL220
CHEMBL3235503,c1ccc2c(NCCSSCCNc3c4c(nc5ccccc35)CCCC4)c3c(nc2c1)CCCC3,Inhibition,=,52.6,%,,,B,CHEMBL3232801,CHEMBL220
CHEMBL2171309,COc1cc(/C=C/C(=O)NCCCCCCNc2c3c(nc4ccccc24)CCCC3)ccc1O,Inhibition,=,50.3,%,,,B,CHEMBL3232801,CHEMBL220
CHEMBL3233826,CC1=CC2Cc3nc4cc(Cl)ccc4c(NCCCCCNC(=O)c4cc(O)c5c(c4)C(=O)c4cccc(O)c4C5=O)c3C(C1)C2.Cl,Inhibition,=,45.0,%,,,B,CHEMBL3232829,CHEMBL220
CHEMBL3233827,CC1=CC2Cc3nc4cc(Cl)ccc4c(NCCCCCCNC(=O)c4cc(O)c5c(c4)C(=O)c4cccc(O)c4C5=O)c3C(C1)C2.Cl,Inhibition,=,50.5,%,,,B,CHEMBL3232829,CHEMBL220
CHEMBL3233828,CC1=CC2Cc3nc4cc(Cl)ccc4c(NCCCCCCCNC(=O)c4cc(O)c5c(c4)C(=O)c4cccc(O)c4C5=O)c3C(C1)C2.Cl,Inhibition,=,52.5,%,,,B,CHEMBL3232829,CHEMBL220
CHEMBL3233829,CC1=CC2Cc3nc4cc(Cl)ccc4c(NCCCCCCCCNC(=O)c4cc(O)c5c(c4)C(=O)c4cccc(O)c4C5=O)c3C(C1)C2.Cl,Inhibition,=,44.7,%,,,B,CHEMBL3232829,CHEMBL220
CHEMBL3233830,CC1=CC2Cc3nc4cc(Cl)ccc4c(NCCCCCCCCCNC(=O)c4cc(O)c5c(c4)C(=O)c4cccc(O)c4C5=O)c3C(C1)C2.Cl,Inhibition,=,48.7,%,,,B,CHEMBL3232829,CHEMBL220
CHEMBL3233831,CC1=C[C@H]2Cc3nc4cc(Cl)ccc4c(NCCCCCCCCCNC(=O)c4cc(O)c5c(c4)C(=O)c4cccc(O)c4C5=O)c3[C@@H](C1)C2.Cl,Inhibition,=,36.9,%,,,B,CHEMBL3232829,CHEMBL220
CHEMBL3233832,CC1=C[C@@H]2Cc3nc4cc(Cl)ccc4c(NCCCCCCCCCNC(=O)c4cc(O)c5c(c4)C(=O)c4cccc(O)c4C5=O)c3[C@H](C1)C2.Cl,Inhibition,=,38.1,%,,,B,CHEMBL3232829,CHEMBL220
CHEMBL3234038,CC1=CC2Cc3nc4cc(Cl)ccc4c(NCCCCCCCCCCNC(=O)c4cc(O)c5c(c4)C(=O)c4cccc(O)c4C5=O)c3C(C1)C2.Cl,Inhibition,=,29.2,%,,,B,CHEMBL3232829,CHEMBL220
CHEMBL3234039,CC1=CC2Cc3nc4cc(Cl)ccc4c(NCCCCCCCCCCCNC(=O)c4cc(O)c5c(c4)C(=O)c4cccc(O)c4C5=O)c3C(C1)C2.Cl,Inhibition,=,38.2,%,,,B,CHEMBL3232829,CHEMBL220
CHEMBL3234040,CC1=CC2Cc3nc4cc(Cl)ccc4c(NCc4ccc(CNC(=O)c5cc(O)c6c(c5)C(=O)c5cccc(O)c5C6=O)cc4)c3C(C1)C2.Cl,Inhibition,=,35.2,%,,,B,CHEMBL3232829,CHEMBL220
CHEMBL418068,O=C(O)c1cc(O)c2c(c1)C(=O)c1cccc(O)c1C2=O,Inhibition,,,%,,Not Determined,B,CHEMBL3232829,CHEMBL220
CHEMBL536047,CC1=CC2Cc3nc4cc(Cl)ccc4c(N)c3C(C1)C2.Cl,Inhibition,=,17.1,%,,,B,CHEMBL3232829,CHEMBL220
CHEMBL2011499,CC1=C[C@H]2Cc3nc4cc(Cl)ccc4c(N)c3[C@@H](C1)C2.Cl,Inhibition,=,9.1,%,,,B,CHEMBL3232829,CHEMBL220
CHEMBL2007996,CC1=C[C@@H]2Cc3nc4cc(Cl)ccc4c(N)c3[C@H](C1)C2,Inhibition,=,24.7,%,,,B,CHEMBL3232829,CHEMBL220
CHEMBL3233832,CC1=C[C@@H]2Cc3nc4cc(Cl)ccc4c(NCCCCCCCCCNC(=O)c4cc(O)c5c(c4)C(=O)c4cccc(O)c4C5=O)c3[C@H](C1)C2.Cl,Inhibition,,,%,,,B,CHEMBL3232829,CHEMBL220
CHEMBL3262665,COc1cc2c(cc1OC)C(Cc1ccc(OCCCCCCN3CCCCC3C)cc1)NCC2,Inhibition,,,%,,,B,CHEMBL3259766,CHEMBL220
CHEMBL453157,C/C(=C\[C@H]1C[C@@H]([C@@H]2CC[C@]34C[C@]23C=C[C@@H]2[C@@]3(C)CC=C5C[C@@H](c6ccccc6)OC[C@]5(C)[C@@H]3C[C@@H](O)[C@]24C)C(=O)O1)CO,Inhibition,=,28.6,%,,,B,CHEMBL3259686,CHEMBL220
CHEMBL95,Nc1c2c(nc3ccccc13)CCCC2,Inhibition,=,59.9,%,,,B,CHEMBL3259686,CHEMBL220
CHEMBL3264710,O=c1nc2scc(-c3ccccc3OCCN3CCOCC3)n2nc1Cc1ccccc1,Inhibition,=,30.46,%,,,B,CHEMBL3259587,CHEMBL220
CHEMBL3264711,COc1ccc(Cc2nn3c(-c4ccccc4OCC(=O)N(C)C)csc3nc2=O)cc1,Inhibition,=,42.74,%,,,B,CHEMBL3259587,CHEMBL220
CHEMBL3264712,Cc1cc(-c2csc3nc(=O)c(Cc4ccccc4)nn23)ccc1OCCN1CCCCC1,Inhibition,=,89.82,%,,,B,CHEMBL3259587,CHEMBL220
CHEMBL3264713,COc1ccc(Cc2nn3c(-c4ccc(OCCN5CCCCC5)c(C)c4)csc3nc2=O)cc1,Inhibition,=,73.92,%,,,B,CHEMBL3259587,CHEMBL220
CHEMBL3264714,CN(C)C(=O)COc1ccc(-c2csc3nc(=O)c(Cc4ccccc4)nn23)cc1,Inhibition,=,62.05,%,,,B,CHEMBL3259587,CHEMBL220
CHEMBL3264715,O=c1nc2scc(-c3ccc(OCCN4CCCCC4)cc3)n2nc1Cc1ccccc1,Inhibition,=,68.74,%,,,B,CHEMBL3259587,CHEMBL220
CHEMBL3264716,COc1ccc(Cc2nn3c(-c4ccc(OCC(=O)N(C)C)cc4)csc3nc2=O)cc1,Inhibition,=,79.36,%,,,B,CHEMBL3259587,CHEMBL220
CHEMBL3264717,CCN(CC)CCOc1ccc(-c2csc3nc(=O)c(Cc4ccc(OC)cc4)nn23)cc1,Inhibition,=,50.95,%,,,B,CHEMBL3259587,CHEMBL220
CHEMBL3264718,COc1ccc(Cc2nn3c(-c4ccc(OCCN5CCCCC5)cc4)csc3nc2=O)cc1,Inhibition,=,54.67,%,,,B,CHEMBL3259587,CHEMBL220
CHEMBL395280,C/C=C1\[C@H]2C=C(C)C[C@]1(N)c1ccc(=O)[nH]c1C2,Inhibition,=,100.0,%,,,B,CHEMBL3259587,CHEMBL220
CHEMBL40275,O=C1c2cccc(O)c2C(=O)c2c(O)cc(CO)cc21,Inhibition,=,70.0,%,,,B,CHEMBL3352582,CHEMBL220
CHEMBL40275,O=C1c2cccc(O)c2C(=O)c2c(O)cc(CO)cc21,Inhibition,,,%,,Dose-dependent effect,B,CHEMBL3352582,CHEMBL220
CHEMBL2181432,COc1cc2c(cc1OC)C(c1ccccc1)N(CCCCCc1ccc(O)c(/C=N/O)n1)CC2,Inhibition,=,51.0,%,,,B,CHEMBL3352540,CHEMBL220
CHEMBL3360480,COc1cc2c(cc1OC)CN(CCCn1ccnc1/C=N/O)CC2,Inhibition,<,40.0,%,,,B,CHEMBL3352540,CHEMBL220
CHEMBL3360481,COc1cc2c(cc1OC)CN(CCCCn1ccnc1/C=N/O)CC2,Inhibition,<,40.0,%,,,B,CHEMBL3352540,CHEMBL220
CHEMBL3360482,COc1cc2c(cc1OC)CN(CCCCCn1ccnc1/C=N/O)CC2,Inhibition,<,40.0,%,,,B,CHEMBL3352540,CHEMBL220
CHEMBL3360483,COc1cc2c(cc1OC)CN(CCCCCCn1ccnc1/C=N/O)CC2,Inhibition,<,40.0,%,,,B,CHEMBL3352540,CHEMBL220
CHEMBL3360484,COc1cc2c(cc1OC)C(c1ccccc1)N(CCCn1ccnc1/C=N/O)CC2,Inhibition,<,40.0,%,,,B,CHEMBL3352540,CHEMBL220
CHEMBL3360485,COc1cc2c(cc1OC)C(c1ccccc1)N(CCCCn1ccnc1/C=N/O)CC2,Inhibition,<,40.0,%,,,B,CHEMBL3352540,CHEMBL220
CHEMBL3360486,COc1cc2c(cc1OC)C(c1ccccc1)N(CCCCCn1ccnc1/C=N/O)CC2,Inhibition,=,36.0,%,,,B,CHEMBL3352540,CHEMBL220
CHEMBL3360487,COc1cc2c(cc1OC)C(c1ccccc1)N(CCCCCCn1ccnc1/C=N/O)CC2,Inhibition,=,47.0,%,,,B,CHEMBL3352540,CHEMBL220
CHEMBL3361269,O=S(=O)(CCCN1CCC(Cc2ccccc2)CC1)NCCNc1cccc2ccccc12,Inhibition,>,40.0,%,,,B,CHEMBL3352170,CHEMBL220
CHEMBL3361270,O=S(=O)(CCCN1CCN(Cc2ccccc2)CC1)NCCNc1cccc2ccccc12,Inhibition,=,88.0,%,,,B,CHEMBL3352170,CHEMBL220
CHEMBL3361277,Cl.O=S(=O)(CCCNCCNc1cccc2ccccc12)NCCNc1cccc2ccccc12,Inhibition,>,40.0,%,,,B,CHEMBL3352170,CHEMBL220
CHEMBL3361279,O=C(NCCCCNC(=O)c1ccc2ccccc2c1)c1ccc2ccccc2c1,Inhibition,,,%,,ND(Insoluble),B,CHEMBL3352170,CHEMBL220
CHEMBL659,COc1ccc2c3c1O[C@H]1C[C@@H](O)C=C[C@@]31CCN(C)C2,Inhibition,=,54.0,%,,,B,CHEMBL3352170,CHEMBL220
CHEMBL3323390,CC(C)c1ccc(NC(=O)Oc2ccc3c(c2)C(=O)N2CCCN=C2N3C)cc1,Inhibition,,,%,,,B,CHEMBL3351595,CHEMBL220
CHEMBL3323390,CC(C)c1ccc(NC(=O)Oc2ccc3c(c2)C(=O)N2CCCN=C2N3C)cc1,Inhibition,,,%,,,B,CHEMBL3351595,CHEMBL220
CHEMBL3323052,O=c1c2cc(OCCCC3CCCCC3)ccc2nc2n1Cc1ccccc1-2,Inhibition,=,35.0,%,,,B,CHEMBL3352376,CHEMBL220
CHEMBL3315353,COC(=O)c1ccccc1NC(=O)[C@H](CC[S+](C)[O-])NC(=O)c1cnc2c(n1)c(=O)n(C)c(=O)n2C,Inhibition,,,%,,,B,CHEMBL3351960,CHEMBL220
CHEMBL3315354,COC(=O)c1ccccc1NC(=O)[C@H](CCSC)NC(=O)c1cnc2c(n1)c(=O)n(C)c(=O)n2C,Inhibition,,,%,,,B,CHEMBL3351960,CHEMBL220
CHEMBL3315355,COC(=O)c1ccccc1NC(=O)[C@H](CCS(C)(=O)=O)NC(=O)c1cnc2c(n1)c(=O)n(C)c(=O)n2C,Inhibition,,,%,,,B,CHEMBL3351960,CHEMBL220
CHEMBL3315356,C[C@H](NC(=O)c1cnc2c(n1)c(=O)n(C)c(=O)n2C)C(=O)Nc1ccccc1C(N)=O,Inhibition,,,%,,,B,CHEMBL3351960,CHEMBL220
CHEMBL3310802,CCOC(=O)N1CCC(CN2CCC3(CC2)CN(C(=O)N(C)C)c2ncccc23)CC1.O=C(O)/C=C/C(=O)O,Inhibition,=,5.0,%,,,B,CHEMBL3351422,CHEMBL220
CHEMBL25948,CCCCC/C=C/C(=O)CCc1ccc(O)c(OC)c1,Inhibition,=,28.0,%,,,B,CHEMBL3352812,CHEMBL220
CHEMBL3343705,COc1cc2c(cc1OCCN1CCCCC1)C(=O)/C(=C/c1ccc(N(C)C)cc1)C2,Inhibition,,,%,,,B,CHEMBL3351729,CHEMBL220
CHEMBL3343706,COc1cc2c(cc1OCCCN1CCCCC1)C(=O)/C(=C/c1ccc(N(C)C)cc1)C2,Inhibition,,,%,,,B,CHEMBL3351729,CHEMBL220
CHEMBL3343707,COc1cc2c(cc1OCCCCCN1CCCCC1)C(=O)/C(=C/c1ccc(N(C)C)cc1)C2,Inhibition,,,%,,,B,CHEMBL3351729,CHEMBL220
CHEMBL3343708,CCN(CC)c1ccc(/C=C2\Cc3cc(OC)c(OCCN4CCCCC4)cc3C2=O)cc1,Inhibition,,,%,,,B,CHEMBL3351729,CHEMBL220
CHEMBL3343709,CCN(CC)c1ccc(/C=C2\Cc3cc(OC)c(OCCCN4CCCCC4)cc3C2=O)cc1,Inhibition,,,%,,,B,CHEMBL3351729,CHEMBL220
CHEMBL3343710,CCN(CC)c1ccc(/C=C2\Cc3cc(OC)c(OCCCCCN4CCCCC4)cc3C2=O)cc1,Inhibition,,,%,,,B,CHEMBL3351729,CHEMBL220
CHEMBL3343711,CNc1ccc(/C=C2\Cc3cc(OC)c(OCCN4CCCCC4)cc3C2=O)cc1,Inhibition,,,%,,,B,CHEMBL3351729,CHEMBL220
CHEMBL3343712,CCN(C)c1ccc(/C=C2\Cc3cc(OC)c(OCCN4CCCCC4)cc3C2=O)cc1,Inhibition,,,%,,,B,CHEMBL3351729,CHEMBL220
CHEMBL3343713,CCCN(C)c1ccc(/C=C2\Cc3cc(OC)c(OCCN4CCCCC4)cc3C2=O)cc1,Inhibition,,,%,,,B,CHEMBL3351729,CHEMBL220
CHEMBL3343714,CCCN(CCC)c1ccc(/C=C2\Cc3cc(OC)c(OCCN4CCCCC4)cc3C2=O)cc1,Inhibition,,,%,,,B,CHEMBL3351729,CHEMBL220
CHEMBL3343715,COc1cc2c(cc1OCCNC1CCCCC1)C(=O)/C(=C/c1ccc(N(C)C)cc1)C2,Inhibition,,,%,,,B,CHEMBL3351729,CHEMBL220
CHEMBL3343716,COc1cc2c(cc1OCCCNC1CCCCC1)C(=O)/C(=C/c1ccc(N(C)C)cc1)C2,Inhibition,,,%,,,B,CHEMBL3351729,CHEMBL220
CHEMBL3343717,COc1cc2c(cc1OCCCCNC1CCCCC1)C(=O)/C(=C/c1ccc(N(C)C)cc1)C2,Inhibition,,,%,,,B,CHEMBL3351729,CHEMBL220
CHEMBL3343718,COc1ccc(/C=C2\Cc3cc(OC)c(OCCN4CCCCC4)cc3C2=O)cc1,Inhibition,,,%,,,B,CHEMBL3351729,CHEMBL220
CHEMBL502,COc1cc2c(cc1OC)C(=O)C(CC1CCN(Cc3ccccc3)CC1)C2,Inhibition,,,%,,,B,CHEMBL3351729,CHEMBL220
CHEMBL95,Nc1c2c(nc3ccccc13)CCCC2,Inhibition,,,%,,,B,CHEMBL3351729,CHEMBL220
CHEMBL3393676,O[C@@H]1[C@@H](O)[C@@H](Cc2cn(Cc3cc(OCc4ccccc4)cc(OCc4ccccc4)c3)nn2)NC[C@H]1O,Inhibition,<,50.0,%,,,B,CHEMBL3392959,CHEMBL220
CHEMBL3393677,O[C@@H]1[C@@H](OCc2ccccc2)[C@@H](Cc2cn(Cc3ccccc3)nn2)NC[C@H]1O,Inhibition,<,50.0,%,,,B,CHEMBL3392959,CHEMBL220
CHEMBL3393678,O[C@@H]1[C@@H](O)[C@@H](Cc2cn(CCC(c3ccccc3)c3ccccc3)nn2)NC[C@H]1O,Inhibition,<,50.0,%,,,B,CHEMBL3392959,CHEMBL220
CHEMBL3393679,C=CC[C@H]1NC[C@@H](O)[C@H](OCc2ccccc2)[C@H]1O,Inhibition,<,50.0,%,,,B,CHEMBL3392959,CHEMBL220
CHEMBL3393680,C=CC[C@@H]1[C@H](O)[C@@H](O)[C@H](O)CN1CCCCCCCC,Inhibition,<,50.0,%,,,B,CHEMBL3392959,CHEMBL220
CHEMBL3393681,CCC[C@@H]1NC[C@@H](O)[C@H](O)[C@H]1O,Inhibition,<,50.0,%,,,B,CHEMBL3392959,CHEMBL220
CHEMBL1090540,CCCCCC[C@H]1NC[C@@H](O)[C@H](O)[C@H]1O,Inhibition,,,%,,,B,CHEMBL3392959,CHEMBL220
CHEMBL3393682,CCCCCCO[C@H]1CNC[C@@H](O)[C@@H]1O,Inhibition,,,%,,,B,CHEMBL3392959,CHEMBL220
CHEMBL3393683,CCCCCCCCO[C@H]1[C@H](O)[C@@H](O)CN(CCCCCCCC)[C@@H]1CO,Inhibition,,,%,,,B,CHEMBL3392959,CHEMBL220
CHEMBL3393684,CCCCCCCCO[C@H]1CN(CCCCCCCC)[C@H](CO)[C@H](O)[C@@H]1O,Inhibition,,,%,,,B,CHEMBL3392959,CHEMBL220
CHEMBL1089194,CCCCCC[C@H]1N[C@@H](CO)[C@@H](O)[C@H](O)[C@H]1O,Inhibition,,,%,,,B,CHEMBL3392959,CHEMBL220
CHEMBL1091214,CCCCCCCCC[C@H]1NC[C@@H](O)[C@H](O)[C@H]1O,Inhibition,,,%,,,B,CHEMBL3392959,CHEMBL220
CHEMBL3393685,C#CC[C@H]1NC[C@@H](O)[C@H](O)[C@H]1OCc1ccccc1,Inhibition,,,%,,,B,CHEMBL3392959,CHEMBL220
CHEMBL3393686,C=CC[C@H]1NC[C@@H](O)[C@H](O)[C@H]1O,Inhibition,,,%,,,B,CHEMBL3392959,CHEMBL220
CHEMBL3393687,O[C@@H]1[C@@H](O)[C@@H](Cc2cn(Cc3ccccc3)nn2)NC[C@H]1O,Inhibition,,,%,,,B,CHEMBL3392959,CHEMBL220
CHEMBL3393688,CCCCCCCCCCn1cc(C[C@H]2NC[C@@H](O)[C@H](O)[C@H]2O)nn1,Inhibition,,,%,,,B,CHEMBL3392959,CHEMBL220
CHEMBL3393689,CCCCN1C[C@@H](O)[C@H](O)[C@@H](O)[C@H]1CCC,Inhibition,,,%,,,B,CHEMBL3392959,CHEMBL220
CHEMBL3393690,CCCCCCCCN1C[C@@H](O)[C@H](O)[C@@H](O)[C@H]1CCC,Inhibition,,,%,,,B,CHEMBL3392959,CHEMBL220
CHEMBL3393691,CCCc1cn(CCCCCCN2C[C@H](O)[C@@H](O)[C@H](O)[C@H]2CO)nn1,Inhibition,,,%,,,B,CHEMBL3392959,CHEMBL220
CHEMBL3393067,C[Si](C)(C)CCCn1cc(C[C@H]2NC[C@@H](O)[C@H](O)[C@H]2O)nn1,Inhibition,,,%,,,B,CHEMBL3392959,CHEMBL220
CHEMBL3402706,CN(CCCCN1C(=O)c2ccccc2C1=O)Cc1ccccc1.Cl,Inhibition,<,50.0,%,,,B,CHEMBL3400003,CHEMBL220
CHEMBL3402711,CN(CCCCN1C(=O)c2ccccc2C1=O)Cc1ccccc1F.Cl,Inhibition,<,50.0,%,,,B,CHEMBL3400003,CHEMBL220
CHEMBL3402716,CN(CCCCN1C(=O)c2ccccc2C1=O)Cc1cccc(Cl)c1.Cl,Inhibition,<,50.0,%,,,B,CHEMBL3400003,CHEMBL220
CHEMBL3402721,Cl.O=C1c2ccccc2C(=O)N1Cc1ccc(CNCc2ccccc2)cc1,Inhibition,<,50.0,%,,,B,CHEMBL3400003,CHEMBL220
CHEMBL3402722,Cl.O=C1c2ccccc2C(=O)N1Cc1ccc(CNCc2ccccc2F)cc1,Inhibition,<,50.0,%,,,B,CHEMBL3400003,CHEMBL220
CHEMBL3402723,Cl.O=C1c2ccccc2C(=O)N1Cc1ccc(CNCc2cccc(Cl)c2)cc1,Inhibition,<,50.0,%,,,B,CHEMBL3400003,CHEMBL220
CHEMBL3407589,C#CCN(C)Cc1cc2cc(OCc3ccc(OC)c4ncccc34)ccc2[nH]1,Inhibition,,,%,,,B,CHEMBL3407435,CHEMBL220
CHEMBL3407590,C#CCN(C)Cc1cc2cc(OCc3ccc(OC(=O)N(C)C)c4ncccc34)ccc2n1C,Inhibition,,,%,,,B,CHEMBL3407435,CHEMBL220
CHEMBL3417005,CO/N=C(\CCC1CCN(CC2CCCCC2)CC1)c1cc(Cl)c(N)cc1OC,Inhibition,=,33.0,%,,,B,CHEMBL3414476,CHEMBL220
CHEMBL3417007,COc1cc(N)c(Cl)cc1C(=O)NCC1CCN(CC2CCCCC2)CC1,Inhibition,=,45.0,%,,,B,CHEMBL3414476,CHEMBL220
CHEMBL3415557,O=C1c2ccccc2C(=O)N1CCCCNCc1ccccc1,Inhibition,<,50.0,%,,,B,CHEMBL3414441,CHEMBL220
CHEMBL3415562,O=C1c2ccccc2C(=O)N1CCCCNCc1ccccc1F,Inhibition,<,50.0,%,,,B,CHEMBL3414441,CHEMBL220
CHEMBL3415567,O=C1c2ccccc2C(=O)N1CCCCNCc1ccc(F)cc1,Inhibition,<,50.0,%,,,B,CHEMBL3414441,CHEMBL220
CHEMBL3415571,O=C1c2ccccc2C(=O)N1CCCCCCCCNCc1ccc(F)cc1,Inhibition,<,50.0,%,,,B,CHEMBL3414441,CHEMBL220
CHEMBL3415572,O=C1c2ccccc2C(=O)N1CCCCNCc1ccc(F)cc1F,Inhibition,<,50.0,%,,,B,CHEMBL3414441,CHEMBL220
CHEMBL3415577,O=C1c2ccccc2C(=O)N1CCCCNCc1cccc(Cl)c1,Inhibition,<,50.0,%,,,B,CHEMBL3414441,CHEMBL220
CHEMBL3577511,CCN(CCCCOc1ccc(-c2cc(=O)c3c(OC)c(OC)c(OC)cc3o2)cc1)Cc1ccccc1OC,Inhibition,=,37.0,%,,,B,CHEMBL3576829,CHEMBL220
CHEMBL3577522,CCN(CCCCOc1ccc(-c2cc(=O)c3c(O)c(OC)c(OC)cc3o2)cc1)Cc1ccccc1OC,Inhibition,=,62.2,%,,,B,CHEMBL3576829,CHEMBL220
CHEMBL502,COc1cc2c(cc1OC)C(=O)C(CC1CCN(Cc3ccccc3)CC1)C2,Inhibition,=,18.8,%,,,B,CHEMBL3576829,CHEMBL220
CHEMBL3581582,CC(C)=CC[C@H]1C[C@@]2(CC=C(C)C)C(=O)O[C@@](CC=C(C)C)(C(=O)[C@H]3C(C(C)C)=C(C=O)C[C@]13C)C2=O,Inhibition,=,-100.0,%,,,B,CHEMBL3580622,CHEMBL220
CHEMBL3581581,CC(C)=CCC[C@]1(C)[C@@H](CC=C(C)C)C[C@@]2(CC=C(C)C)C(=O)O[C@@](CC=C(C)C)(C(=O)[C@H]1C(=O)c1ccccc1)C2=O,Inhibition,=,-100.0,%,,,B,CHEMBL3580622,CHEMBL220
CHEMBL3581571,CC(C)=CC[C@H]1C[C@@]2(CC=C(C)C)C(=O)O[C@](CC=C(C)C)(C2=O)C(=O)[C@]23C(=O)c4ccccc4C(C)(C)[C@H]2CC[C@]13C,Inhibition,=,-100.0,%,,,B,CHEMBL3580622,CHEMBL220
CHEMBL3581570,CCC(C)C1=C(C=O)C[C@]2(C)[C@@H](CC=C(C)C)C[C@@]3(CC=C(C)C)C(=O)O[C@@](CC=C(C)C)(C(=O)[C@@H]12)C3=O,Inhibition,=,-100.0,%,,,B,CHEMBL3580622,CHEMBL220
CHEMBL3581569,CC(C)=CCC[C@]1(C)[C@@H](CC=C(C)C)C[C@@]2(CC=C(C)C)C(=O)O[C@@](CC=C(C)C)(C(=O)[C@H]1C(=O)C(C)C)C2=O,Inhibition,=,-100.0,%,,,B,CHEMBL3580622,CHEMBL220
CHEMBL3586199,CC(=O)O[C@H]1CC[C@@]2(C)[C@@H](CC[C@@]3(C)C[C@@]4(O)CC[C@H]5C(C)(C)[C@@H](OC(C)=O)CC[C@]5(C)[C@H]4CC[C@@H]32)C1(C)C,Inhibition,,,%,,,B,CHEMBL3585347,CHEMBL220
CHEMBL3586200,C[C@@]12CC[C@@H]3[C@](C)(CC[C@H](OC(=O)CCc4ccc(O)cc4)[C@]3(C)C(=O)O)[C@H]1CC[C@H]1C(=CC[C@@H]3[C@]1(C)CC[C@@H](O)[C@]3(C)CO)C2,Inhibition,,,%,,,B,CHEMBL3585347,CHEMBL220
CHEMBL3586207,CCCC[C@@H](O)/C=C/C=C/C(=O)O,Inhibition,,,%,,,B,CHEMBL3585347,CHEMBL220
CHEMBL3597557,CN(Cc1ccccc1)Cc1ccc(/C=C2\CCc3cc(OCCCCCN4CCN(C(c5ccc(F)cc5)c5ccc(F)cc5)CC4)ccc3C2=O)cc1,Inhibition,,,%,,,B,CHEMBL3596160,CHEMBL220
CHEMBL3597555,CN(Cc1ccccc1)Cc1ccc(/C=C2\Cc3ccc(OCCCCCN4CCC(=C(c5ccc(F)cc5)c5ccc(F)cc5)CC4)cc3C2=O)cc1,Inhibition,,,%,,,B,CHEMBL3596160,CHEMBL220
CHEMBL3597554,CN(Cc1ccccc1)Cc1ccc(/C=C2\Cc3ccc(OCCCCCN4CCN(C(c5ccc(F)cc5)c5ccc(F)cc5)CC4)cc3C2=O)cc1,Inhibition,,,%,,,B,CHEMBL3596160,CHEMBL220
CHEMBL3597553,CN(Cc1ccccc1)Cc1ccc(/C=C2\Cc3ccc(OCCCCCN4CCN(Cc5ccc(F)cc5)CC4)cc3C2=O)cc1,Inhibition,,,%,,,B,CHEMBL3596160,CHEMBL220
CHEMBL3597552,CN(Cc1ccccc1)Cc1ccc(/C=C2\Cc3ccc(OCCCCCN4CCN(OC(=O)C(C)(C)C)CC4)cc3C2=O)cc1,Inhibition,,,%,,,B,CHEMBL3596160,CHEMBL220
CHEMBL3597551,CN(Cc1ccccc1)Cc1ccc(/C=C2\Cc3ccc(OCCCCCN4CCC(n5c(=O)[nH]c6ccccc65)CC4)cc3C2=O)cc1,Inhibition,,,%,,,B,CHEMBL3596160,CHEMBL220
CHEMBL3597550,CCOC(=O)C1(c2ccccc2)CCN(CCCCCOc2ccc3c(c2)C(=O)/C(=C/c2ccc(CN(C)Cc4ccccc4)cc2)C3)CC1,Inhibition,,,%,,,B,CHEMBL3596160,CHEMBL220
CHEMBL3597549,CN(Cc1ccccc1)Cc1ccc(/C=C2\Cc3ccc(OCCCCCN4CCN(c5ccccc5)CC4)cc3C2=O)cc1,Inhibition,,,%,,,B,CHEMBL3596160,CHEMBL220
CHEMBL3115074,C[C@H](NC(=O)[C@H]1CCCCN1CCOc1ccccc1)c1ccc(C(=O)O)cc1.Cl,Inhibition,=,-8.0,%,,,B,CHEMBL3600314,CHEMBL220
CHEMBL3605424,CN(C)CCC[C@@]1(c2ccc(F)cc2)OCc2cc(-c3nnc(-c4ccccc4F)[nH]3)ccc21,Inhibition,=,62.12,%,,,B,CHEMBL3603773,CHEMBL220
CHEMBL3605313,CN(C)CCC[C@@]1(c2ccc(F)cc2)OCc2cc(-c3nnc(-c4cccc(O)c4)[nH]3)ccc21,Inhibition,=,39.27,%,,,B,CHEMBL3603773,CHEMBL220
CHEMBL94,CNC(=O)Oc1ccc2c(c1)[C@]1(C)CCN(C)[C@@H]1N2C,Inhibition,=,91.27,%,,,B,CHEMBL3603773,CHEMBL220
CHEMBL3605437,CN(C)CCC[C@@]1(c2ccc(F)cc2)OCc2cc(-c3nnc(-c4ccc(-c5nnn[nH]5)cc4)[nH]3)ccc21,Inhibition,=,70.58,%,,,B,CHEMBL3603773,CHEMBL220
CHEMBL3605436,COc1cc(-c2nnc(-c3ccc4c(c3)CO[C@@]4(CCCN(C)C)c3ccc(F)cc3)[nH]2)ccc1O,Inhibition,=,34.78,%,,,B,CHEMBL3603773,CHEMBL220
CHEMBL3605435,COc1ccc(-c2nnc(-c3ccc4c(c3)CO[C@@]4(CCCN(C)C)c3ccc(F)cc3)[nH]2)cc1,Inhibition,=,10.35,%,,,B,CHEMBL3603773,CHEMBL220
CHEMBL3605434,COc1cccc(-c2nnc(-c3ccc4c(c3)CO[C@@]4(CCCN(C)C)c3ccc(F)cc3)[nH]2)c1,Inhibition,=,89.65,%,,,B,CHEMBL3603773,CHEMBL220
CHEMBL3605433,COc1ccccc1-c1nnc(-c2ccc3c(c2)CO[C@@]3(CCCN(C)C)c2ccc(F)cc2)[nH]1,Inhibition,=,80.44,%,,,B,CHEMBL3603773,CHEMBL220
CHEMBL3605432,CN(C)CCC[C@@]1(c2ccc(F)cc2)OCc2cc(-c3nnc(-c4ccc(I)cc4)[nH]3)ccc21,Inhibition,=,30.51,%,,,B,CHEMBL3603773,CHEMBL220
CHEMBL3605431,CN(C)CCC[C@@]1(c2ccc(F)cc2)OCc2cc(-c3nnc(-c4cccc(I)c4)[nH]3)ccc21,Inhibition,=,25.06,%,,,B,CHEMBL3603773,CHEMBL220
CHEMBL3605430,CN(C)CCC[C@@]1(c2ccc(F)cc2)OCc2cc(-c3nnc(-c4ccccc4I)[nH]3)ccc21,Inhibition,=,72.34,%,,,B,CHEMBL3603773,CHEMBL220
CHEMBL3605429,CN(C)CCC[C@@]1(c2ccc(F)cc2)OCc2cc(-c3nnc(-c4ccc(Br)cc4)[nH]3)ccc21,Inhibition,=,15.63,%,,,B,CHEMBL3603773,CHEMBL220
CHEMBL3605428,CN(C)CCC[C@@]1(c2ccc(F)cc2)OCc2cc(-c3nnc(-c4cccc(Br)c4)[nH]3)ccc21,Inhibition,=,37.91,%,,,B,CHEMBL3603773,CHEMBL220
CHEMBL3605427,CN(C)CCC[C@@]1(c2ccc(F)cc2)OCc2cc(-c3nnc(-c4ccccc4Br)[nH]3)ccc21,Inhibition,=,19.43,%,,,B,CHEMBL3603773,CHEMBL220
CHEMBL3605426,CN(C)CCC[C@@]1(c2ccc(F)cc2)OCc2cc(-c3nnc(-c4ccc(F)cc4)[nH]3)ccc21,Inhibition,=,71.55,%,,,B,CHEMBL3603773,CHEMBL220
CHEMBL3605425,CN(C)CCC[C@@]1(c2ccc(F)cc2)OCc2cc(-c3nnc(-c4cccc(F)c4)[nH]3)ccc21,Inhibition,=,32.18,%,,,B,CHEMBL3603773,CHEMBL220
CHEMBL3605423,CN(C)CCC[C@@]1(c2ccc(F)cc2)OCc2cc(-c3nnc(-c4ccc(Cl)cc4)[nH]3)ccc21,Inhibition,=,91.61,%,,,B,CHEMBL3603773,CHEMBL220
CHEMBL3605422,CN(C)CCC[C@@]1(c2ccc(F)cc2)OCc2cc(-c3nnc(-c4cccc(Cl)c4)[nH]3)ccc21,Inhibition,=,57.41,%,,,B,CHEMBL3603773,CHEMBL220
CHEMBL3605421,CN(C)CCC[C@@]1(c2ccc(F)cc2)OCc2cc(-c3nnc(-c4ccccc4Cl)[nH]3)ccc21,Inhibition,=,19.46,%,,,B,CHEMBL3603773,CHEMBL220
CHEMBL3605420,Cc1ccc(-c2nnc(-c3ccc4c(c3)CO[C@@]4(CCCN(C)C)c3ccc(F)cc3)[nH]2)cc1,Inhibition,=,16.01,%,,,B,CHEMBL3603773,CHEMBL220
CHEMBL3605419,Cc1cccc(-c2nnc(-c3ccc4c(c3)CO[C@@]4(CCCN(C)C)c3ccc(F)cc3)[nH]2)c1,Inhibition,=,88.07,%,,,B,CHEMBL3603773,CHEMBL220
CHEMBL3605418,Cc1ccccc1-c1nnc(-c2ccc3c(c2)CO[C@@]3(CCCN(C)C)c2ccc(F)cc2)[nH]1,Inhibition,=,88.64,%,,,B,CHEMBL3603773,CHEMBL220
CHEMBL3605317,CN(C)CCC[C@@]1(c2ccc(F)cc2)OCc2cc(-c3nnc(-c4ccc([N+](=O)[O-])cc4)[nH]3)ccc21,Inhibition,=,16.23,%,,,B,CHEMBL3603773,CHEMBL220
CHEMBL3605316,CN(C)CCC[C@@]1(c2ccc(F)cc2)OCc2cc(-c3nnc(-c4cccc([N+](=O)[O-])c4)[nH]3)ccc21,Inhibition,=,81.65,%,,,B,CHEMBL3603773,CHEMBL220
CHEMBL3605315,CN(C)CCC[C@@]1(c2ccc(F)cc2)OCc2cc(-c3nnc(-c4ccccc4[N+](=O)[O-])[nH]3)ccc21,Inhibition,=,5.09,%,,,B,CHEMBL3603773,CHEMBL220
CHEMBL3605314,CN(C)CCC[C@@]1(c2ccc(F)cc2)OCc2cc(-c3nnc(-c4ccc(O)cc4)[nH]3)ccc21,Inhibition,=,59.18,%,,,B,CHEMBL3603773,CHEMBL220
CHEMBL3605312,CN(C)CCC[C@@]1(c2ccc(F)cc2)OCc2cc(-c3nnc(-c4ccccc4O)[nH]3)ccc21,Inhibition,=,16.27,%,,,B,CHEMBL3603773,CHEMBL220
CHEMBL3605311,CN(C)CCC[C@@]1(c2ccc(F)cc2)OCc2cc(-c3nnc(-c4ccc(N)cc4)[nH]3)ccc21,Inhibition,=,15.32,%,,,B,CHEMBL3603773,CHEMBL220
CHEMBL3605310,CN(C)CCC[C@@]1(c2ccc(F)cc2)OCc2cc(-c3nnc(-c4cccc(N)c4)[nH]3)ccc21,Inhibition,=,29.94,%,,,B,CHEMBL3603773,CHEMBL220
CHEMBL3605309,CN(C)CCC[C@@]1(c2ccc(F)cc2)OCc2cc(-c3nnc(-c4ccccc4N)[nH]3)ccc21,Inhibition,=,70.19,%,,,B,CHEMBL3603773,CHEMBL220
CHEMBL3605308,CN(C)CCC[C@@]1(c2ccc(F)cc2)OCc2cc(-c3nnc(-c4ccccc4)[nH]3)ccc21,Inhibition,=,30.38,%,,,B,CHEMBL3603773,CHEMBL220
CHEMBL3604192,CN(C)c1ccc(C(=O)NCCNc2c3c(nc4ccccc24)CCCC3)cc1.Cl,Inhibition,=,28.5,%,,,B,CHEMBL3603732,CHEMBL220
CHEMBL3604192,CN(C)c1ccc(C(=O)NCCNc2c3c(nc4ccccc24)CCCC3)cc1.Cl,Inhibition,=,80.6,%,,,B,CHEMBL3603732,CHEMBL220
CHEMBL3604192,CN(C)c1ccc(C(=O)NCCNc2c3c(nc4ccccc24)CCCC3)cc1.Cl,Inhibition,=,91.3,%,,,B,CHEMBL3603732,CHEMBL220
CHEMBL3604192,CN(C)c1ccc(C(=O)NCCNc2c3c(nc4ccccc24)CCCC3)cc1.Cl,Inhibition,,,%,,Dose-dependent effect,B,CHEMBL3603732,CHEMBL220
CHEMBL3137700,C[Si](C)(C)c1cccc(C(=O)C(F)(F)F)c1,Inhibition,,,%,,tde,B,CHEMBL3621126,CHEMBL220
CHEMBL89354,CC(C)(C)c1cccc(C(=O)C(F)(F)F)c1,Inhibition,,,%,,tde,B,CHEMBL3621126,CHEMBL220
CHEMBL3623548,CC(C)n1cc(C(=O)C(F)(F)F)cn1,Inhibition,,,%,,tde,B,CHEMBL3621126,CHEMBL220
CHEMBL3623549,CCC(C)n1cc(C(=O)C(F)(F)F)cn1,Inhibition,,,%,,tde,B,CHEMBL3621126,CHEMBL220
CHEMBL3623550,CCCC(C)n1cc(C(=O)C(F)(F)F)cn1,Inhibition,,,%,,tde,B,CHEMBL3621126,CHEMBL220
CHEMBL3623551,CCC(CC)n1cc(C(=O)C(F)(F)F)cn1,Inhibition,,,%,,tde,B,CHEMBL3621126,CHEMBL220
CHEMBL3623552,O=C(c1cnn(C2CCCC2)c1)C(F)(F)F,Inhibition,,,%,,tde,B,CHEMBL3621126,CHEMBL220
CHEMBL3623553,CC(C)Cn1cc(C(=O)C(F)(F)F)cn1,Inhibition,,,%,,tde,B,CHEMBL3621126,CHEMBL220
CHEMBL3622346,COc1cccc2c1C(NC[C@]1(c3ccccc3)CC[C@H](O)CC1)=NS2(=O)=O,Inhibition,=,53.0,%,,,B,CHEMBL3621160,CHEMBL220
CHEMBL3622360,COc1cccc2c1C(NC[C@]1(c3ccccc3)CC[C@H](NC(=O)OC(C)C)CC1)=NS2(=O)=O,Inhibition,=,55.0,%,,,B,CHEMBL3621160,CHEMBL220
CHEMBL3628067,COc1ccc2[nH]cc(CCNC(=O)/C=C/c3cc[n+](Cc4cccc(F)c4)cc3)c2c1.[Br-],Inhibition,,,%,,,B,CHEMBL3627616,CHEMBL220
CHEMBL3632994,Cc1c(C)c2c(c(C)c1O)CCC(C)(C(=O)NCCCCCCCCNc1c3c(nc4cc(Cl)ccc14)CCCC3)O2,Inhibition,,,%,,,B,CHEMBL3632576,CHEMBL220
CHEMBL3736367,CCCCCCCCCCCCCCCC[C@@H](O)C(=O)N[C@@H](CO[C@@H]1O[C@H](CO)[C@@H](O)[C@H](O)[C@H]1O)[C@H](O)/C=C/CC/C=C(\C)CCCCCC,Inhibition,,,%,,,B,CHEMBL3734699,CHEMBL220
CHEMBL3740975,CCC(C)CCCCCCC(=O)c1nc[nH]c1N,Inhibition,,,%,,,B,CHEMBL3739378,CHEMBL220
CHEMBL3741334,CC(C)CCCCCCC(=O)c1nc[nH]c1N,Inhibition,,,%,,,B,CHEMBL3739378,CHEMBL220
CHEMBL3754085,Cc1ccc(-c2cccc(CO)c2)nc1C(=O)Nc1c(C)ccc(C(=O)O)c1C,Inhibition,=,-2.0,%,,,B,CHEMBL3751833,CHEMBL220
CHEMBL3752467,c1ccc2oc(CNCCCCCCCNc3c4c(nc5ccccc35)CCCC4)cc2c1,Inhibition,=,58.4,%,,,B,CHEMBL3751805,CHEMBL220
CHEMBL95,Nc1c2c(nc3ccccc13)CCCC2,Inhibition,,,%,,,B,CHEMBL3751805,CHEMBL220
CHEMBL3752685,Cl.Cl.c1ccc2c(NCCCCCCCNc3c4c(nc5ccccc35)CCCC4)c3c(nc2c1)CCCC3,Inhibition,=,68.0,%,,,B,CHEMBL3751805,CHEMBL220
CHEMBL2171309,COc1cc(/C=C/C(=O)NCCCCCCNc2c3c(nc4ccccc24)CCCC3)ccc1O,Inhibition,=,50.27,%,,,B,CHEMBL3751805,CHEMBL220
CHEMBL3752467,c1ccc2oc(CNCCCCCCCNc3c4c(nc5ccccc35)CCCC4)cc2c1,Inhibition,,,%,,,B,CHEMBL3751805,CHEMBL220
CHEMBL3752227,CCN(CCCCCCCCc1cccc(OC)c1)Cc1ccccc1OC,Inhibition,=,20.0,%,,,B,CHEMBL3751677,CHEMBL220
CHEMBL3771118,COc1ncc(C)cc1CC[C@@](O)(CC(=O)O)C(=O)O,Inhibition,,,%,,,B,CHEMBL3769388,CHEMBL220
CHEMBL3769507,CCn1cc(-c2cccc(C(F)(F)F)c2)c2sc(C(=N)NC3CCS(=O)(=O)CC3)cc2c1=O,Inhibition,,,%,,,B,CHEMBL3769376,CHEMBL220
CHEMBL3786978,CN1Cc2cc(O)ccc2N(C)C1c1ccccc1Cl,Inhibition,=,60.0,%,,,B,CHEMBL3785077,CHEMBL220
CHEMBL3785561,COc1cccc(C2N(C)Cc3cc(O)ccc3N2C)c1,Inhibition,=,61.0,%,,,B,CHEMBL3785077,CHEMBL220
CHEMBL3785347,CN1Cc2cc(O)ccc2N(C)C1c1cccnc1,Inhibition,=,61.0,%,,,B,CHEMBL3785077,CHEMBL220
CHEMBL3785457,CN1Cc2cc(O)ccc2N(C)C1c1ccsc1,Inhibition,=,52.0,%,,,B,CHEMBL3785077,CHEMBL220
CHEMBL3787351,Oc1ccc2nc(-c3ccccc3)ncc2c1,Inhibition,=,20.0,%,,,B,CHEMBL3785077,CHEMBL220
CHEMBL3787156,CN1Cc2cc(O)ccc2N(C)C1c1ccc(C(F)(F)F)cc1,Inhibition,,,%,,Not Determined,B,CHEMBL3785077,CHEMBL220
CHEMBL3786390,CN1Cc2cc(O)ccc2N(C)C1c1ccc2ccccc2c1,Inhibition,=,9.0,%,,,B,CHEMBL3785077,CHEMBL220
CHEMBL3786576,CN1c2ccc(O)cc2CN(Cc2ccccc2)C1c1ccccc1,Inhibition,=,16.0,%,,,B,CHEMBL3785077,CHEMBL220
CHEMBL3786381,CCCCCCCNC(=O)Oc1ccc2c(c1)CN(C)C(c1ccccc1)N2C,Inhibition,=,4.0,%,,,B,CHEMBL3785077,CHEMBL220
CHEMBL3785533,CCCCCCCNC(=O)Oc1ccc2c(c1)CN(C)C(c1ccc(Cl)cc1)N2C,Inhibition,=,24.0,%,,,B,CHEMBL3785077,CHEMBL220
CHEMBL3787106,CCCCCCCNC(=O)Oc1ccc2c(c1)CN(C)C(c1cccc(Cl)c1)N2C,Inhibition,=,39.0,%,,,B,CHEMBL3785077,CHEMBL220
CHEMBL3787432,CCCCCCCNC(=O)Oc1ccc2c(c1)CN(C)C(c1ccc(C)cc1)N2C,Inhibition,=,9.0,%,,,B,CHEMBL3785077,CHEMBL220
CHEMBL3786599,CCCCCCCNC(=O)Oc1ccc2c(c1)CN(C)C(c1cccc(C)c1)N2C,Inhibition,=,27.0,%,,,B,CHEMBL3785077,CHEMBL220
CHEMBL3785495,CCCCCCCNC(=O)Oc1ccc2c(c1)CN(C)C(c1ccc(OC)cc1)N2C,Inhibition,=,14.0,%,,,B,CHEMBL3785077,CHEMBL220
CHEMBL3786761,CCCCCCCNC(=O)Oc1ccc2c(c1)CN(C)C(c1cccc(OC)c1)N2C,Inhibition,=,10.0,%,,,B,CHEMBL3785077,CHEMBL220
CHEMBL3787268,CCCCCCCNC(=O)Oc1ccc2c(c1)CN(C)C(c1ccc(C(F)(F)F)cc1)N2C,Inhibition,=,59.0,%,,,B,CHEMBL3785077,CHEMBL220
CHEMBL3787554,CCCCCCCNC(=O)Oc1ccc2c(c1)CN(C)C(c1ccncc1)N2C,Inhibition,=,16.0,%,,,B,CHEMBL3785077,CHEMBL220
CHEMBL3785190,CCCCCCCNC(=O)Oc1ccc2c(c1)CN(C)C(c1cccnc1)N2C,Inhibition,=,18.0,%,,,B,CHEMBL3785077,CHEMBL220
CHEMBL3785189,CCCCCCCNC(=O)Oc1ccc2c(c1)CN(C)C(c1ccsc1)N2C,Inhibition,=,13.0,%,,,B,CHEMBL3785077,CHEMBL220
CHEMBL3787613,CCCCCCCNC(=O)Oc1ccc2c(c1)CN(C)C(c1cccs1)N2C,Inhibition,=,0.0,%,,,B,CHEMBL3785077,CHEMBL220
CHEMBL3786737,CCCCCCCNC(=O)Oc1ccc2c(c1)CN(C)C(c1ccoc1)N2C,Inhibition,=,12.0,%,,,B,CHEMBL3785077,CHEMBL220
CHEMBL3785472,CCCCCCCNC(=O)Oc1ccc2c(c1)CN(C(C)C)C(c1ccccc1)N2C,Inhibition,=,33.0,%,,,B,CHEMBL3785077,CHEMBL220
CHEMBL3785181,CCCCCCCNC(=O)Oc1ccc2c(c1)CN(CCC)C(c1ccccc1)N2C,Inhibition,=,46.0,%,,,B,CHEMBL3785077,CHEMBL220
CHEMBL3785462,CCCCCCCNC(=O)Oc1ccc2nc(-c3ccccc3)ncc2c1,Inhibition,=,22.0,%,,,B,CHEMBL3785077,CHEMBL220
CHEMBL3785143,CCCCCCCNC(=O)Oc1ccc2c(c1)CN(C)C(c1ccccc1Cl)N2C,Inhibition,=,48.0,%,,,B,CHEMBL3785077,CHEMBL220
CHEMBL3787015,CCCCCCCNC(=O)Oc1ccc2c(c1)CN(C)C(c1ccccc1C)N2C,Inhibition,=,18.0,%,,,B,CHEMBL3785077,CHEMBL220
CHEMBL3785401,CCCCCCCNC(=O)Oc1ccc2c(c1)CN(C)C(c1ccccc1OC)N2C,Inhibition,=,47.0,%,,,B,CHEMBL3785077,CHEMBL220
CHEMBL3786556,CCCCCCCNC(=O)Oc1ccc2c(c1)CN(C)C(c1cccc3ccccc13)N2C,Inhibition,=,8.0,%,,,B,CHEMBL3785077,CHEMBL220
CHEMBL3786979,CCCCCCCNC(=O)Oc1ccc2c(c1)CN(C)C(c1ccc3ccccc3c1)N2C,Inhibition,=,5.0,%,,,B,CHEMBL3785077,CHEMBL220
CHEMBL3785766,CCCCCCCNC(=O)Oc1ccc2c(c1)CN(C)C(c1c(Cl)cccc1Cl)N2C,Inhibition,=,33.0,%,,,B,CHEMBL3785077,CHEMBL220
CHEMBL3786119,CCCCCCCNC(=O)Oc1ccc2c(c1)CN(Cc1ccccc1)C(c1ccccc1)N2C,Inhibition,=,17.0,%,,,B,CHEMBL3785077,CHEMBL220
CHEMBL3786642,COc1cc(/C=C/c2ccc(OCC(=O)NCCN(C)Cc3ccccc3)cc2)cc(OC)c1,Inhibition,,,%,,Not Determined,B,CHEMBL3784935,CHEMBL220
CHEMBL3786194,CCN(CCNC(=O)COc1ccc(/C=C/c2cc(OC)cc(OC)c2)cc1)Cc1ccccc1,Inhibition,,,%,,Not Determined,B,CHEMBL3784935,CHEMBL220
CHEMBL3786004,COc1cc(/C=C/c2ccc(OCC(=O)NCCN(C)Cc3ccccc3OC)cc2)cc(OC)c1,Inhibition,,,%,,Not Determined,B,CHEMBL3784935,CHEMBL220
CHEMBL3785365,CCN(CCNC(=O)COc1ccc(/C=C/c2cc(OC)cc(OC)c2)cc1)Cc1ccccc1OC,Inhibition,,,%,,Not Determined,B,CHEMBL3784935,CHEMBL220
CHEMBL3785337,COc1cc(/C=C/c2ccc(OCC(=O)NCCCN(C)Cc3ccccc3)cc2)cc(OC)c1,Inhibition,,,%,,Not Determined,B,CHEMBL3784935,CHEMBL220
CHEMBL3787450,CCN(CCCNC(=O)COc1ccc(/C=C/c2cc(OC)cc(OC)c2)cc1)Cc1ccccc1,Inhibition,,,%,,Not Determined,B,CHEMBL3784935,CHEMBL220
CHEMBL3786423,COc1cc(/C=C/c2ccc(OCC(=O)NCCCN(C)Cc3ccccc3OC)cc2)cc(OC)c1,Inhibition,,,%,,Not Determined,B,CHEMBL3784935,CHEMBL220
CHEMBL3786817,CCN(CCCNC(=O)COc1ccc(/C=C/c2cc(OC)cc(OC)c2)cc1)Cc1ccccc1OC,Inhibition,,,%,,Not Determined,B,CHEMBL3784935,CHEMBL220
CHEMBL3786615,COc1cc(/C=C/c2ccc(OCC(=O)NCCCCN(C)Cc3ccccc3)cc2)cc(OC)c1,Inhibition,,,%,,Not Determined,B,CHEMBL3784935,CHEMBL220
CHEMBL3785308,CCN(CCCCNC(=O)COc1ccc(/C=C/c2cc(OC)cc(OC)c2)cc1)Cc1ccccc1,Inhibition,,,%,,Not Determined,B,CHEMBL3784935,CHEMBL220
CHEMBL3787251,COc1cc(/C=C/c2ccc(OCC(=O)NCCCCN(C)Cc3ccccc3OC)cc2)cc(OC)c1,Inhibition,=,7.5,%,,,B,CHEMBL3784935,CHEMBL220
CHEMBL3786787,CCN(CCCCNC(=O)COc1ccc(/C=C/c2cc(OC)cc(OC)c2)cc1)Cc1ccccc1OC,Inhibition,=,7.8,%,,,B,CHEMBL3784935,CHEMBL220
CHEMBL3787426,COc1cc(/C=C/c2ccc(OCC(=O)NCCCCCCN(C)Cc3ccccc3)cc2)cc(OC)c1,Inhibition,,,%,,Not Determined,B,CHEMBL3784935,CHEMBL220
CHEMBL3786464,CCN(CCCCCCNC(=O)COc1ccc(/C=C/c2cc(OC)cc(OC)c2)cc1)Cc1ccccc1,Inhibition,,,%,,Not Determined,B,CHEMBL3784935,CHEMBL220
CHEMBL3786968,COc1cc(/C=C/c2ccc(OCC(=O)NCCCCCCN(C)Cc3ccccc3OC)cc2)cc(OC)c1,Inhibition,,,%,,Not Determined,B,CHEMBL3784935,CHEMBL220
CHEMBL3785633,CCN(CCCCCCNC(=O)COc1ccc(/C=C/c2cc(OC)cc(OC)c2)cc1)Cc1ccccc1OC,Inhibition,=,19.3,%,,,B,CHEMBL3784935,CHEMBL220
CHEMBL502,COc1cc2c(cc1OC)C(=O)C(CC1CCN(Cc3ccccc3)CC1)C2,Inhibition,=,25.0,%,,,B,CHEMBL3784935,CHEMBL220
CHEMBL165,Oc1ccc(/C=C/c2cc(O)cc(O)c2)cc1,Inhibition,,,%,,Not Determined,B,CHEMBL3784935,CHEMBL220
CHEMBL140,COc1cc(/C=C/C(=O)CC(=O)/C=C/c2ccc(O)c(OC)c2)ccc1O,Inhibition,,,%,,Not Determined,B,CHEMBL3784935,CHEMBL220
CHEMBL3793766,CC1=C[C@@]2(C)[C@H]([C@@H](C)[C@H](O)[C@H](O)[C@H]2O)[C@@H](/C=C(\C)C(=O)O)[C@@H]1/C(C)=C/C[C@H](O)C[C@@H](O)[C@H](C)[C@@H](O)C(C)C,Inhibition,,,%,,,B,CHEMBL3792369,CHEMBL220
CHEMBL3792802,CC1=C[C@@]2(C)[C@@H]([C@@H](/C=C(\C)C(=O)O)[C@@H]1/C(C)=C/C[C@H](O)C[C@@H](O)[C@H](C)[C@@H](O)C(C)C)[C@@H](C)CC[C@H]2O,Inhibition,,,%,,,B,CHEMBL3792369,CHEMBL220
CHEMBL3793212,CC1=C[C@@]2(C)[C@@H]([C@@H](/C=C(\C)C(=O)O)[C@@H]1/C(C)=C/C[C@H](O)C[C@@H](O)C[C@@H](O)[C@H](C)[C@@H](O)C(C)C)[C@@H](C)CC[C@H]2O,Inhibition,,,%,,,B,CHEMBL3792369,CHEMBL220
CHEMBL3794508,CC1=C[C@@]2(C)[C@H]([C@@H](C)[C@H](O)C[C@H]2O)[C@@H](/C=C(\C)C(=O)O)[C@@H]1/C(C)=C/C[C@H](O)C[C@@H](O)C[C@@H](O)[C@H](C)[C@@H](O)C(C)C,Inhibition,,,%,,,B,CHEMBL3792369,CHEMBL220
CHEMBL3318284,CC1=C[C@@]2(C)[C@H]([C@@H](C)[C@H](O)C[C@H]2O)[C@@H](/C=C(\C)C(=O)O)[C@@H]1/C(C)=C/C[C@H](O)C[C@@H](O)[C@H](C)[C@@H](O)C(C)C,Inhibition,,,%,,,B,CHEMBL3792369,CHEMBL220
CHEMBL3686863,Cc1ccc(N2CCC(O)CC2)nc1C(=O)Nc1c(C)cc(C(=O)O)cc1C,Inhibition,=,7.0,%,,,B,CHEMBL3792364,CHEMBL220
CHEMBL3809337,COc1cc2occ(-c3ccc(O)cc3O)c(=O)c2c(O)c1CC=C(C)C,Inhibition,=,83.0,%,,,B,CHEMBL3808312,CHEMBL220
CHEMBL3808919,CC(C)=CCc1c(O)ccc(-c2coc3cc(O)c(CC=C(C)C)c(O)c3c2=O)c1O,Inhibition,=,71.0,%,,,B,CHEMBL3808312,CHEMBL220
CHEMBL1929043,COc1c(CC=C(C)C)c(O)cc2c1C[C@H](c1ccc(O)c(CC=C(C)C)c1O)CO2,Inhibition,=,82.0,%,,,B,CHEMBL3808312,CHEMBL220
CHEMBL659,COc1ccc2c3c1O[C@H]1C[C@@H](O)C=C[C@@]31CCN(C)C2,Inhibition,=,90.0,%,,,B,CHEMBL3808312,CHEMBL220
CHEMBL3814077,OB(O)c1ccccc1OCc1ccc(Oc2ccc(C(F)(F)F)cn2)cc1,Inhibition,,,%,,,B,CHEMBL3813600,CHEMBL220
CHEMBL3819385,O=C(O)CCCCCCCCc1ccc(O)cc1,Inhibition,=,45.13,%,,,B,CHEMBL3817788,CHEMBL220
CHEMBL3819024,O=C(CCCCCCCCc1ccc(O)c(O)c1)c1c(O)ccc(C(CCCCCCCCc2ccc(O)cc2)c2c(O)cccc2O)c1O,Inhibition,=,91.48,%,,,B,CHEMBL3817788,CHEMBL220
CHEMBL3818374,O=C(CCCCCCCCc1ccc(O)c(O)c1)c1c(O)ccc(C(CCCCCCCCc2ccc(O)c(O)c2)c2c(O)cccc2O)c1O,Inhibition,=,75.39,%,,,B,CHEMBL3817788,CHEMBL220
CHEMBL524100,O=C(CCCCCCCCc1ccc(O)c(O)c1)c1c(O)cccc1O,Inhibition,=,97.09,%,,,B,CHEMBL3817788,CHEMBL220
CHEMBL489354,O=C(CCCCCCCCc1ccc(O)cc1)c1c(O)cccc1O,Inhibition,=,95.86,%,,,B,CHEMBL3817788,CHEMBL220
CHEMBL1254269,O=C(CCCCCCCCc1ccccc1)c1c(O)cccc1O,Inhibition,=,97.42,%,,,B,CHEMBL3817788,CHEMBL220
CHEMBL3819036,O=C(CCCCCCCCc1ccc(O)cc1)c1c(O)cc(O)cc1O,Inhibition,=,99.39,%,,,B,CHEMBL3817788,CHEMBL220
CHEMBL3819587,COc1cc([C@@H](CC(=O)O)c2ccc(C)c(CN3C[C@@H](C)Oc4ccccc4S3(=O)=O)c2)cc2nnn(C)c12,Inhibition,,,%,,,B,CHEMBL3817762,CHEMBL220
CHEMBL3824055,CCOC(=O)C1=C(C)Oc2nc3c(c(N)c2C1c1cc2ccccc2nc1Cl)CCCC3,Inhibition,,,%,,,B,CHEMBL3822376,CHEMBL220
CHEMBL3824055,CCOC(=O)C1=C(C)Oc2nc3c(c(N)c2C1c1cc2ccccc2nc1Cl)CCCC3,Inhibition,,,%,,,B,CHEMBL3822376,CHEMBL220
CHEMBL3824055,CCOC(=O)C1=C(C)Oc2nc3c(c(N)c2C1c1cc2ccccc2nc1Cl)CCCC3,Inhibition,,,%,,,B,CHEMBL3822376,CHEMBL220
CHEMBL3824055,CCOC(=O)C1=C(C)Oc2nc3c(c(N)c2C1c1cc2ccccc2nc1Cl)CCCC3,Inhibition,,,%,,,B,CHEMBL3822376,CHEMBL220
CHEMBL3822686,COC(=O)C1=C(C)Oc2nc3c(c(N)c2C1c1cc2ccc(OC)cc2nc1Cl)CCCC3,Inhibition,,,%,,,B,CHEMBL3822376,CHEMBL220
CHEMBL3824055,CCOC(=O)C1=C(C)Oc2nc3c(c(N)c2C1c1cc2ccccc2nc1Cl)CCCC3,Inhibition,,,%,,,B,CHEMBL3822376,CHEMBL220
CHEMBL3822686,COC(=O)C1=C(C)Oc2nc3c(c(N)c2C1c1cc2ccc(OC)cc2nc1Cl)CCCC3,Inhibition,,,%,,,B,CHEMBL3822376,CHEMBL220
CHEMBL3824248,O=C(CCc1c[nH]c2ccccc12)NCCC1CCN(Cc2ccccc2)CC1,Inhibition,,,%,,,B,CHEMBL3822387,CHEMBL220
CHEMBL2047528,CN(CCCOc1ccc2ccc(=O)oc2c1)Cc1cccc(OC(=O)NCCCCCc2ccccc2)c1,Inhibition,,,%,,tde,B,CHEMBL3826877,CHEMBL220
CHEMBL3828259,Cc1cc(=O)oc2cc(OCCCN(C)Cc3cccc(OC(=O)NCCCCCc4ccccc4)c3)ccc12,Inhibition,,,%,,tde,B,CHEMBL3826877,CHEMBL220
CHEMBL3827734,CN(CCCOc1ccc2c3c(c(=O)oc2c1)CCCC3)Cc1cccc(OC(=O)NCCCCCc2ccccc2)c1,Inhibition,,,%,,tde,B,CHEMBL3826877,CHEMBL220
CHEMBL3827064,CN(CCCOc1ccc2c(c1)oc(=O)c1ccccc12)Cc1cccc(OC(=O)NCCCCCc2ccccc2)c1,Inhibition,,,%,,tde,B,CHEMBL3826877,CHEMBL220
CHEMBL3828631,CN(CCCOc1ccc2cc(-c3ccccc3)c(=O)oc2c1)Cc1cccc(OC(=O)NCCCCCc2ccccc2)c1,Inhibition,,,%,,tde,B,CHEMBL3826877,CHEMBL220
CHEMBL3827589,COc1ccc(-c2cc3ccc(OCCCN(C)Cc4cccc(OC(=O)NCCCCCc5ccccc5)c4)cc3oc2=O)cc1,Inhibition,,,%,,tde,B,CHEMBL3826877,CHEMBL220
CHEMBL3827058,COc1ccc(-c2cc3cc(OCCCN(C)Cc4cccc(OC(=O)NCCCCCc5ccccc5)c4)ccc3oc2=O)cc1,Inhibition,,,%,,tde,B,CHEMBL3826877,CHEMBL220
CHEMBL3827189,CN(CCCOc1ccc2cc(-c3ccc(Cl)cc3)c(=O)oc2c1)Cc1cccc(OC(=O)NCCCCCc2ccccc2)c1,Inhibition,,,%,,tde,B,CHEMBL3826877,CHEMBL220
CHEMBL440526,CCCCCCCNC(=O)Oc1cccc(CN(C)CCCOc2ccc3ccc(=O)oc3c2)c1,Inhibition,,,%,,tde,B,CHEMBL3826877,CHEMBL220
CHEMBL440526,CCCCCCCNC(=O)Oc1cccc(CN(C)CCCOc2ccc3ccc(=O)oc3c2)c1,Inhibition,,,%,,Dose-dependent effect,B,CHEMBL3826877,CHEMBL220
CHEMBL3827288,CCCCCCCNC(=O)Oc1cccc(CN(C)CCCOc2ccc3c4c(c(=O)oc3c2)CCCC4)c1,Inhibition,,,%,,tde,B,CHEMBL3826877,CHEMBL220
CHEMBL128390,CCCCCCCNC(=O)Oc1cccc(CN(C)CCCOc2ccc3c(=O)c4cccnc4oc3c2)c1,Inhibition,,,%,,tde,B,CHEMBL3826877,CHEMBL220
CHEMBL3827765,CCCCCCc1ccc(NC(=O)Oc2cccc(CN(C)CCCOc3ccc4ccc(=O)oc4c3)c2)cc1,Inhibition,,,%,,tde,B,CHEMBL3826877,CHEMBL220
CHEMBL3827432,CN(CCCOc1ccc2ccc(=O)oc2c1)Cc1cccc(OC(=O)NCCCCCCc2ccccc2)c1,Inhibition,,,%,,tde,B,CHEMBL3826877,CHEMBL220
CHEMBL3828293,CN(CCCCCOc1ccc2ccc(=O)oc2c1)Cc1cccc(OC(=O)NCCCCCc2ccccc2)c1,Inhibition,,,%,,tde,B,CHEMBL3826877,CHEMBL220
CHEMBL3828693,CCCCCCCNC(=O)Oc1cccc(CN(C)CCCCCOc2ccc3ccc(=O)oc3c2)c1,Inhibition,,,%,,tde,B,CHEMBL3826877,CHEMBL220
CHEMBL3827610,CCCCCCCNC(=O)Oc1cccc(CN(C)CCCCCOc2ccc3c4c(c(=O)oc3c2)CCCC4)c1,Inhibition,,,%,,tde,B,CHEMBL3826877,CHEMBL220
CHEMBL3827044,CCCCCCCNC(=O)Oc1cccc(CN(C)CCCCCOc2ccc3c(c2)Oc2ncccc2C3)c1,Inhibition,,,%,,tde,B,CHEMBL3826877,CHEMBL220
CHEMBL3891025,COc1cc(/C=C/C(=O)Nc2ccc(CN(C)Cc3ccccc3)cc2)ccc1O,Inhibition,=,33.0,%,,,B,CHEMBL3860024,CHEMBL220
CHEMBL3970226,CN(Cc1ccccc1)Cc1ccc(NC(=O)/C=C/c2ccc(O)cc2)cc1,Inhibition,=,46.0,%,,,B,CHEMBL3860024,CHEMBL220
CHEMBL3943450,COc1cc2c(cc1OC)C(=O)C(CC1CCN(Cc3ccccc3F)CC1)C2,Inhibition,,,%,,,B,CHEMBL3870312,CHEMBL220
CHEMBL3919441,COc1cc2c(cc1OC)C(=O)C(CC1CCN(Cc3cccc(C)n3)CC1)C2,Inhibition,,,%,,,B,CHEMBL3870312,CHEMBL220
CHEMBL170946,COc1cc2c(cc1OC)C(=O)C(CC1CCN(Cc3cccc(C)c3)CC1)C2,Inhibition,=,58.3,%,,,B,CHEMBL3870312,CHEMBL220
CHEMBL3943450,COc1cc2c(cc1OC)C(=O)C(CC1CCN(Cc3ccccc3F)CC1)C2,Inhibition,=,47.9,%,,,B,CHEMBL3870312,CHEMBL220
CHEMBL3927363,COc1cc2c(cc1OC)C(=O)C(CC1CCN(Cc3cccc(F)c3)CC1)C2,Inhibition,=,61.3,%,,,B,CHEMBL3870312,CHEMBL220
CHEMBL3891369,COc1cc2c(cc1OC)C(=O)C(CC1CCN(Cc3ncccc3C)CC1)C2,Inhibition,=,58.2,%,,,B,CHEMBL3870312,CHEMBL220
CHEMBL3919441,COc1cc2c(cc1OC)C(=O)C(CC1CCN(Cc3cccc(C)n3)CC1)C2,Inhibition,=,72.4,%,,,B,CHEMBL3870312,CHEMBL220
CHEMBL3934564,COc1cc2c(cc1OC)C(=O)C(CC1CCN(Cc3ccc4cccc(O)c4n3)CC1)C2,Inhibition,=,41.7,%,,,B,CHEMBL3870312,CHEMBL220
CHEMBL3950063,COc1cc2c(cc1OC)C(=O)C(CC1CCN(Cc3ccc(O)c4ncccc34)CC1)C2,Inhibition,=,34.8,%,,,B,CHEMBL3870312,CHEMBL220
CHEMBL502,COc1cc2c(cc1OC)C(=O)C(CC1CCN(Cc3ccccc3)CC1)C2,Inhibition,=,26.4,%,,,B,CHEMBL3870312,CHEMBL220
CHEMBL140,COc1cc(/C=C/C(=O)CC(=O)/C=C/c2ccc(O)c(OC)c2)ccc1O,Inhibition,,,%,,Not Determined,B,CHEMBL3870312,CHEMBL220
CHEMBL3948489,Brc1ccc(/C=C2/CNCC3=C2N=C2SC=C(c4ccc5ccccc5c4)N2C3c2ccc(Br)cc2)cc1,Inhibition,=,65.7,%,,,B,CHEMBL3871299,CHEMBL220
CHEMBL3949567,Brc1ccc(/C=C2/CNCC3=C2N=C2SC=C(c4ccc(Br)cc4)N2C3c2ccc(Br)cc2)cc1,Inhibition,=,48.3,%,,,B,CHEMBL3871299,CHEMBL220
CHEMBL3921785,Cc1ccc(C2=CSC3=NC4=C(CNC/C4=C/c4ccc(Br)cc4)C(c4ccc(Br)cc4)N23)cc1,Inhibition,=,68.3,%,,,B,CHEMBL3871299,CHEMBL220
CHEMBL3958208,Brc1ccc(/C=C2/CNCC3=C2N=C2SC=C(c4ccccc4)N2C3c2ccc(Br)cc2)cc1,Inhibition,=,66.7,%,,,B,CHEMBL3871299,CHEMBL220
CHEMBL3930722,Clc1ccc(/C=C2/CNCC3=C2N=C2SC=C(c4ccc5ccccc5c4)N2C3c2ccc(Cl)cc2)cc1,Inhibition,=,62.8,%,,,B,CHEMBL3871299,CHEMBL220
CHEMBL3917535,Clc1ccc(/C=C2/CNCC3=C2N=C2SC=C(c4ccc(Br)cc4)N2C3c2ccc(Cl)cc2)cc1,Inhibition,=,41.6,%,,,B,CHEMBL3871299,CHEMBL220
CHEMBL3945423,Cc1ccc(C2=CSC3=NC4=C(CNC/C4=C/c4ccc(Cl)cc4)C(c4ccc(Cl)cc4)N23)cc1,Inhibition,=,74.7,%,,,B,CHEMBL3871299,CHEMBL220
CHEMBL3946685,Clc1ccc(/C=C2/CNCC3=C2N=C2SC=C(c4ccccc4)N2C3c2ccc(Cl)cc2)cc1,Inhibition,=,41.6,%,,,B,CHEMBL3871299,CHEMBL220
CHEMBL3910830,Cc1ccc(/C=C2/CNCC3=C2N=C2SC=C(c4ccc5ccccc5c4)N2C3c2ccc(C)cc2)cc1,Inhibition,=,69.6,%,,,B,CHEMBL3871299,CHEMBL220
CHEMBL3972865,Cc1ccc(/C=C2/CNCC3=C2N=C2SC=C(c4ccc(Br)cc4)N2C3c2ccc(C)cc2)cc1,Inhibition,=,64.6,%,,,B,CHEMBL3871299,CHEMBL220
CHEMBL3901794,Cc1ccc(/C=C2/CNCC3=C2N=C2SC=C(c4ccc(C)cc4)N2C3c2ccc(C)cc2)cc1,Inhibition,=,60.4,%,,,B,CHEMBL3871299,CHEMBL220
CHEMBL3961844,Cc1ccc(/C=C2/CNCC3=C2N=C2SC=C(c4ccccc4)N2C3c2ccc(C)cc2)cc1,Inhibition,=,45.7,%,,,B,CHEMBL3871299,CHEMBL220
CHEMBL3909646,C1=C(c2ccc3ccccc3c2)N2C(=NC3=C(CNC/C3=C/c3ccccc3)C2c2ccccc2)S1,Inhibition,=,41.8,%,,,B,CHEMBL3871299,CHEMBL220
CHEMBL3964679,Brc1ccc(C2=CSC3=NC4=C(CNC/C4=C/c4ccccc4)C(c4ccccc4)N23)cc1,Inhibition,=,48.7,%,,,B,CHEMBL3871299,CHEMBL220
CHEMBL3981857,Cc1ccc(C2=CSC3=NC4=C(CNC/C4=C/c4ccccc4)C(c4ccccc4)N23)cc1,Inhibition,=,42.1,%,,,B,CHEMBL3871299,CHEMBL220
CHEMBL3913160,C1=C(c2ccccc2)N2C(=NC3=C(CNC/C3=C/c3ccccc3)C2c2ccccc2)S1,Inhibition,=,48.6,%,,,B,CHEMBL3871299,CHEMBL220
CHEMBL3983017,O=C1/C(=C/c2ccc(Br)cc2)CN(Cc2ccc3ccccc3c2)C/C1=C\c1ccc(Br)cc1,Inhibition,=,67.2,%,,,B,CHEMBL3871299,CHEMBL220
CHEMBL3967490,Cc1cccc(CN2C/C(=C\c3ccc(Br)cc3)C(=O)/C(=C/c3ccc(Br)cc3)C2)c1,Inhibition,=,45.7,%,,,B,CHEMBL3871299,CHEMBL220
CHEMBL3937868,O=C1/C(=C/c2ccc(Cl)cc2)CN(Cc2ccc3ccccc3c2)C/C1=C\c1ccc(Cl)cc1,Inhibition,=,42.4,%,,,B,CHEMBL3871299,CHEMBL220
CHEMBL3956404,Cc1cccc(CN2C/C(=C\c3ccc(Cl)cc3)C(=O)/C(=C/c3ccc(Cl)cc3)C2)c1,Inhibition,=,41.6,%,,,B,CHEMBL3871299,CHEMBL220
CHEMBL3928840,Cc1ccc(/C=C2\CN(Cc3ccc4ccccc4c3)C/C(=C\c3ccc(C)cc3)C2=O)cc1,Inhibition,=,72.6,%,,,B,CHEMBL3871299,CHEMBL220
CHEMBL3984034,Cc1ccc(/C=C2\CN(Cc3cccc(C)c3)C/C(=C\c3ccc(C)cc3)C2=O)cc1,Inhibition,=,59.8,%,,,B,CHEMBL3871299,CHEMBL220
CHEMBL3955393,O=C1/C(=C/c2ccccc2)CN(Cc2ccc3ccccc3c2)C/C1=C\c1ccccc1,Inhibition,=,67.9,%,,,B,CHEMBL3871299,CHEMBL220
CHEMBL3976003,Cc1cccc(CN2C/C(=C\c3ccccc3)C(=O)/C(=C/c3ccccc3)C2)c1,Inhibition,=,63.1,%,,,B,CHEMBL3871299,CHEMBL220
CHEMBL3960040,O=C1NCCCc2c1c1ccccc1n2CCc1cccc(F)c1,Inhibition,=,6.0,%,,,B,CHEMBL3877261,CHEMBL220
CHEMBL3973913,CCN(C)C(=O)Nc1cccc(NC(=O)/C=C/c2ccc(O)c(OC)c2)c1,Inhibition,=,14.93,%,,,B,CHEMBL3877280,CHEMBL220
CHEMBL3902949,CCN(C)C(=O)Nc1cccc(NC(=O)/C=C/c2ccc(O)c(O)c2)c1,Inhibition,=,16.4,%,,,B,CHEMBL3877280,CHEMBL220
CHEMBL3965592,CCN(C)C(=O)Oc1cccc(CCNC(=O)/C=C/c2ccc(O)c(OC)c2)c1,Inhibition,=,70.66,%,,,B,CHEMBL3877280,CHEMBL220
CHEMBL3894001,CCN(C)C(=O)Oc1cccc(CCNC(=O)/C=C/c2ccc(O)c(O)c2)c1,Inhibition,=,23.99,%,,,B,CHEMBL3877280,CHEMBL220
CHEMBL3912985,CCN(C)C(=O)Oc1cccc(CNC(=O)/C=C/c2ccc(O)c(OC)c2)c1,Inhibition,=,34.28,%,,,B,CHEMBL3877280,CHEMBL220
CHEMBL3980957,CCN(C)C(=O)Oc1cccc(CNC(=O)/C=C/c2ccc(O)c(O)c2)c1,Inhibition,=,23.3,%,,,B,CHEMBL3877280,CHEMBL220
CHEMBL3953409,CCN(C)C(=O)Oc1cccc(NC(=O)/C=C/c2ccc(O)c(OC)c2)c1,Inhibition,=,24.62,%,,,B,CHEMBL3877280,CHEMBL220
CHEMBL3911965,CCN(C)C(=O)Oc1cccc(NC(=O)/C=C/c2ccc(O)c(O)c2)c1,Inhibition,=,16.75,%,,,B,CHEMBL3877280,CHEMBL220
CHEMBL636,CCN(C)C(=O)Oc1cccc([C@H](C)N(C)C)c1,Inhibition,=,15.56,%,,,B,CHEMBL3877280,CHEMBL220
CHEMBL502,COc1cc2c(cc1OC)C(=O)C(CC1CCN(Cc3ccccc3)CC1)C2,Inhibition,=,96.81,%,,,B,CHEMBL3877280,CHEMBL220
CHEMBL3973913,CCN(C)C(=O)Nc1cccc(NC(=O)/C=C/c2ccc(O)c(OC)c2)c1,Inhibition,=,12.58,%,,,B,CHEMBL3877280,CHEMBL220
CHEMBL3902949,CCN(C)C(=O)Nc1cccc(NC(=O)/C=C/c2ccc(O)c(O)c2)c1,Inhibition,=,18.37,%,,,B,CHEMBL3877280,CHEMBL220
CHEMBL3965592,CCN(C)C(=O)Oc1cccc(CCNC(=O)/C=C/c2ccc(O)c(OC)c2)c1,Inhibition,=,24.43,%,,,B,CHEMBL3877280,CHEMBL220
CHEMBL3894001,CCN(C)C(=O)Oc1cccc(CCNC(=O)/C=C/c2ccc(O)c(O)c2)c1,Inhibition,=,23.42,%,,,B,CHEMBL3877280,CHEMBL220
CHEMBL3912985,CCN(C)C(=O)Oc1cccc(CNC(=O)/C=C/c2ccc(O)c(OC)c2)c1,Inhibition,=,23.83,%,,,B,CHEMBL3877280,CHEMBL220
CHEMBL3980957,CCN(C)C(=O)Oc1cccc(CNC(=O)/C=C/c2ccc(O)c(O)c2)c1,Inhibition,=,21.24,%,,,B,CHEMBL3877280,CHEMBL220
CHEMBL3953409,CCN(C)C(=O)Oc1cccc(NC(=O)/C=C/c2ccc(O)c(OC)c2)c1,Inhibition,=,18.56,%,,,B,CHEMBL3877280,CHEMBL220
CHEMBL3911965,CCN(C)C(=O)Oc1cccc(NC(=O)/C=C/c2ccc(O)c(O)c2)c1,Inhibition,=,16.96,%,,,B,CHEMBL3877280,CHEMBL220
CHEMBL636,CCN(C)C(=O)Oc1cccc([C@H](C)N(C)C)c1,Inhibition,=,6.77,%,,,B,CHEMBL3877280,CHEMBL220
CHEMBL502,COc1cc2c(cc1OC)C(=O)C(CC1CCN(Cc3ccccc3)CC1)C2,Inhibition,=,95.19,%,,,B,CHEMBL3877280,CHEMBL220
CHEMBL15192,CC1(C)CCC2=C(O1)c1ccccc1C(=O)C2=O,Inhibition,=,10.0,%,,,B,CHEMBL3997797,CHEMBL220
CHEMBL2391134,O=C1C=C(Oc2ccccc2)c2ccccc2C1=O,Inhibition,=,11.0,%,,,B,CHEMBL3997797,CHEMBL220
CHEMBL2391135,COc1ccc(OC2=CC(=O)C(=O)c3ccccc32)cc1,Inhibition,=,18.0,%,,,B,CHEMBL3997797,CHEMBL220
CHEMBL4101254,Cc1ccc(OC2=CC(=O)C(=O)c3ccccc32)cc1,Inhibition,=,8.0,%,,,B,CHEMBL3997797,CHEMBL220
CHEMBL4060374,O=C1C=C(Oc2ccc(F)cc2)c2ccccc2C1=O,Inhibition,=,22.0,%,,,B,CHEMBL3997797,CHEMBL220
CHEMBL4082280,O=C1C=C(Oc2ccc(Cl)cc2)c2ccccc2C1=O,Inhibition,=,31.0,%,,,B,CHEMBL3997797,CHEMBL220
CHEMBL4098780,O=C1C=C(Oc2ccc(Br)cc2)c2ccccc2C1=O,Inhibition,=,26.0,%,,,B,CHEMBL3997797,CHEMBL220
CHEMBL4071772,O=C1C=C(Oc2ccc(I)cc2)c2ccccc2C1=O,Inhibition,=,25.0,%,,,B,CHEMBL3997797,CHEMBL220
CHEMBL299853,O=C1C=C(Nc2ccccc2)c2ccccc2C1=O,Inhibition,=,5.0,%,,,B,CHEMBL3997797,CHEMBL220
CHEMBL349325,COc1ccc(NC2=CC(=O)C(=O)c3ccccc32)cc1,Inhibition,=,5.0,%,,,B,CHEMBL3997797,CHEMBL220
CHEMBL1373577,Cc1ccc(NC2=CC(=O)C(=O)c3ccccc32)cc1,Inhibition,=,17.0,%,,,B,CHEMBL3997797,CHEMBL220
CHEMBL1495016,O=C1C=C(Nc2ccc(F)cc2)c2ccccc2C1=O,Inhibition,=,21.0,%,,,B,CHEMBL3997797,CHEMBL220
CHEMBL4081663,O=C1C=C(Nc2ccc(Cl)cc2)c2ccccc2C1=O,Inhibition,=,23.0,%,,,B,CHEMBL3997797,CHEMBL220
CHEMBL2001891,O=C1C=C(Nc2ccc(Br)cc2)c2ccccc2C1=O,Inhibition,=,16.0,%,,,B,CHEMBL3997797,CHEMBL220
CHEMBL4100626,O=C1C=C(Nc2ccc(I)cc2)c2ccccc2C1=O,Inhibition,=,16.0,%,,,B,CHEMBL3997797,CHEMBL220
CHEMBL58292,CN(C1=CC(=O)C(=O)c2ccccc21)c1ccccc1,Inhibition,=,3.0,%,,,B,CHEMBL3997797,CHEMBL220
CHEMBL4062476,COc1ccc(N(C)C2=CC(=O)C(=O)c3ccccc32)cc1,Inhibition,=,1.0,%,,,B,CHEMBL3997797,CHEMBL220
CHEMBL4090451,Cc1ccc(N(C)C2=CC(=O)C(=O)c3ccccc32)cc1,Inhibition,=,3.0,%,,,B,CHEMBL3997797,CHEMBL220
CHEMBL4104953,CN(C1=CC(=O)C(=O)c2ccccc21)c1ccc(F)cc1,Inhibition,=,1.0,%,,,B,CHEMBL3997797,CHEMBL220
CHEMBL4087100,CN(C1=CC(=O)C(=O)c2ccccc21)c1ccc(Cl)cc1,Inhibition,=,4.0,%,,,B,CHEMBL3997797,CHEMBL220
CHEMBL4095556,CN(C1=CC(=O)C(=O)c2ccccc21)c1ccc(Br)cc1,Inhibition,=,12.0,%,,,B,CHEMBL3997797,CHEMBL220
CHEMBL4068175,CN(C1=CC(=O)C(=O)c2ccccc21)c1ccc(I)cc1,Inhibition,=,31.0,%,,,B,CHEMBL3997797,CHEMBL220
CHEMBL4087666,Cc1ccc(NC(=O)c2ccc3c(c2)OCCO3)cc1NC(=O)c1ccc2nc(OCCN3CCCC3)ccc2c1,Inhibition,>,80.0,%,,,B,CHEMBL4000193,CHEMBL220
CHEMBL3644620,CCc1cc(O)c(F)cc1-c1ccc2c(-c3nc4c([nH]3)CCN(C(=O)c3cnc(N5CCCCC5)cn3)C4)n[nH]c2c1,Inhibition,>,50.0,%,,,B,CHEMBL4002590,CHEMBL220
CHEMBL165,Oc1ccc(/C=C/c2cc(O)cc(O)c2)cc1,Inhibition,,,%,,,B,CHEMBL4004805,CHEMBL220
CHEMBL4063963,COc1cc(/C=C/c2ccc(Nc3c4c(nc5ccc(OC)cc35)CCCC4)cc2)cc(OC)c1,Inhibition,,,%,,,B,CHEMBL4004805,CHEMBL220
CHEMBL4075223,COc1cc(/C=C/c2ccc(Nc3c4c(nc5ccccc35)CCCC4)cc2)cc(OC)c1,Inhibition,,,%,,,B,CHEMBL4004805,CHEMBL220
CHEMBL4075856,COc1cc(/C=C/c2ccc(Nc3c4c(nc5cc(Cl)ccc35)CCCC4)cc2)cc(OC)c1,Inhibition,,,%,,,B,CHEMBL4004805,CHEMBL220
CHEMBL4072700,COc1cc(CCc2ccc(Nc3c4c(nc5ccc(OC)cc35)CCCC4)cc2)cc(OC)c1,Inhibition,,,%,,,B,CHEMBL4004805,CHEMBL220
CHEMBL521589,CN(C)C(=O)Oc1cc(OC(=O)N(C)C)cc(C(O)CNC(C)(C)C)c1,Inhibition,<,50.0,%,,,B,CHEMBL4007382,CHEMBL220
CHEMBL4104228,CN(C)C(=O)Oc1cc(OC(=O)N(C)C)cc(C(O)CNC(C)(C)C#N)c1.Cl,Inhibition,<,50.0,%,,,B,CHEMBL4007382,CHEMBL220
CHEMBL4065998,CN(C)C(=O)Oc1cc(OC(=O)N(C)C)cc(C(O)CNc2ccccc2)c1,Inhibition,<,50.0,%,,,B,CHEMBL4007382,CHEMBL220
CHEMBL4087400,C#Cc1cccc(NCC(O)c2cc(OC(=O)N(C)C)cc(OC(=O)N(C)C)c2)c1,Inhibition,<,50.0,%,,,B,CHEMBL4007382,CHEMBL220
CHEMBL4103773,CN(C)C(=O)Oc1cc(OC(=O)N(C)C)cc(C(O)CNC2CCCC2)c1,Inhibition,<,50.0,%,,,B,CHEMBL4007382,CHEMBL220
CHEMBL4079521,CN(C)C(=O)Oc1cc(OC(=O)N(C)C)cc(C(O)CNC(C)(C)c2ccccc2)c1,Inhibition,<,50.0,%,,,B,CHEMBL4007382,CHEMBL220
CHEMBL4096024,CCC(C)(C)NCC(O)c1cc(OC(=O)N(C)C)cc(OC(=O)N(C)C)c1.Cl,Inhibition,<,50.0,%,,,B,CHEMBL4007382,CHEMBL220
CHEMBL4068709,CN(C)C(=O)Oc1cc(OC(=O)N(C)C)cc(C(O)CNC2CCCCC2)c1,Inhibition,<,50.0,%,,,B,CHEMBL4007382,CHEMBL220
CHEMBL4088289,CN(C)C(=O)Oc1cc(OC(=O)N(C)C)cc(C(O)CNc2ccc(I)cc2)c1,Inhibition,<,50.0,%,,,B,CHEMBL4007382,CHEMBL220
CHEMBL4060055,CN(C)C(=O)Oc1cc(OC(=O)N(C)C)cc(C(O)CN2CCCCC2)c1,Inhibition,<,50.0,%,,,B,CHEMBL4007382,CHEMBL220
CHEMBL4080437,CN(C)C(=O)Oc1cc(OC(=O)N(C)C)cc(C(O)CN2CCCC2)c1,Inhibition,<,50.0,%,,,B,CHEMBL4007382,CHEMBL220
CHEMBL4098455,CCN(C)C(=O)Oc1cc(OC(=O)N(C)CC)cc(C(O)CNC(C)(C)CC)c1.Cl,Inhibition,<,50.0,%,,,B,CHEMBL4007382,CHEMBL220
CHEMBL4087355,CCN(C)C(=O)Oc1cc(OC(=O)N(C)CC)cc(C(O)CNC(C)(C)C)c1.Cl,Inhibition,<,50.0,%,,,B,CHEMBL4007382,CHEMBL220
CHEMBL4100415,CCN(C)C(=O)Oc1cc(OC(=O)N(C)CC)cc(C(O)CN2CCCCC2)c1.Cl,Inhibition,<,50.0,%,,,B,CHEMBL4007382,CHEMBL220
CHEMBL4092048,COc1cc2c(cc1OC)C(=O)C(Cc1cc[n+](Cc3cccc(Cl)c3)cc1C(N)=O)C2.[Br-],Inhibition,=,41.0,%,,,B,CHEMBL4011633,CHEMBL220
CHEMBL345124,CC[N+](C)(CC)CCC[n+]1c(-c2ccccc2)c2cc(N)ccc2c2ccc(N)cc21.[I-].[I-],Inhibition,=,75.0,%,,,B,CHEMBL4011633,CHEMBL220
CHEMBL4066365,CCO[P@](=O)(SCC)c1ccccc1,Inhibition,,,%,,,B,CHEMBL4020717,CHEMBL220
CHEMBL4066365,CCO[P@](=O)(SCC)c1ccccc1,Inhibition,=,60.0,%,,,B,CHEMBL4020717,CHEMBL220
CHEMBL471980,CCOc1ccc(Cc2nc3cc(C(=O)N(CC)CC)ccc3n2CCC(C)C)cc1,Inhibition,=,6.0,%,,,B,CHEMBL4020829,CHEMBL220
CHEMBL4079520,CCOc1ccc(Nc2nc3cc(C(=O)N(CC)CC)ccc3n2CCC(C)C)cc1,Inhibition,=,13.0,%,,,B,CHEMBL4020829,CHEMBL220
CHEMBL4100917,CCN(CC)C(=O)c1ccc2c(c1)nc(Nc1ccc(Oc3ccccc3)cc1)n2CCC(C)C,Inhibition,=,3.0,%,,,B,CHEMBL4020829,CHEMBL220
CHEMBL4082936,CCOc1ccc(Cc2nc3cc(C(=O)N(CC)CC)ccc3n2CCN2CCCCC2)cc1,Inhibition,=,12.0,%,,,B,CHEMBL4020829,CHEMBL220
CHEMBL4061358,CCOc1ccc(Cc2nc3cc(C(=O)NCCC(C)C)ccc3n2CCC(C)C)cc1,Inhibition,=,11.0,%,,,B,CHEMBL4020829,CHEMBL220
CHEMBL4076334,CCOc1ccc(Cc2nc3cc(C(=O)Nc4ccccc4)ccc3n2CCC(C)C)cc1,Inhibition,=,5.0,%,,,B,CHEMBL4020829,CHEMBL220
CHEMBL4086412,CCCCCCNC(=O)c1ccc2c(c1)nc(Cc1ccc(OCC)cc1)n2CCC(C)C,Inhibition,=,6.0,%,,,B,CHEMBL4020829,CHEMBL220
CHEMBL4104311,CCOc1ccc(Cc2nc3cc(C(=O)N4CCCCC4)ccc3n2CCC(C)C)cc1,Inhibition,=,2.0,%,,,B,CHEMBL4020829,CHEMBL220
CHEMBL4095946,CCOc1ccc(Nc2nc3cc(C(=O)N(CC)CC)ccc3n2CCN2CCCCC2)cc1,Inhibition,=,3.0,%,,,B,CHEMBL4020829,CHEMBL220
CHEMBL4076580,COc1cc2c(cc1OC)C(=O)/C(=C/c1cc[n+](Cc3ccccc3F)cc1)C2.[Br-],Inhibition,=,60.1,%,,,B,CHEMBL4033632,CHEMBL220
CHEMBL502,COc1cc2c(cc1OC)C(=O)C(CC1CCN(Cc3ccccc3)CC1)C2,Inhibition,=,51.7,%,,,B,CHEMBL4033632,CHEMBL220
CHEMBL1560939,S=C(NCCN1CCOCC1)Nc1ccc(Cl)cc1,Inhibition,,,%,,,B,CHEMBL4033657,CHEMBL220
CHEMBL4102589,O=C(Cc1ccccc1B(O)O)N1CCC(Oc2ccc(C(F)(F)F)cn2)CC1,Inhibition,=,7.0,%,,,B,CHEMBL4043125,CHEMBL220
CHEMBL4059792,O=C(Cc1ccccc1B(O)O)N1CCC(Oc2ccc(C(F)(F)F)cc2)CC1,Inhibition,=,9.0,%,,,B,CHEMBL4043125,CHEMBL220
CHEMBL4072513,O=C(Cc1ccccc1B(O)O)N1CCC(Oc2ccc(C(F)(F)F)nc2)CC1,Inhibition,=,6.0,%,,,B,CHEMBL4043125,CHEMBL220
CHEMBL4093246,CN(C)C(=O)c1ccc(OC2CCN(C(=O)Cc3ccccc3B(O)O)CC2)nc1,Inhibition,,,%,,Not Determined,B,CHEMBL4043125,CHEMBL220
CHEMBL4082999,O=C(Cc1ccccc1B(O)O)N1CCC(COc2ccc(C(F)(F)F)cn2)CC1,Inhibition,,,%,,Not Determined,B,CHEMBL4043125,CHEMBL220
CHEMBL4100977,O=C(C(O)c1ccccc1B(O)O)N1CCC(Oc2ccc(C(F)(F)F)cn2)CC1,Inhibition,=,-4.0,%,,,B,CHEMBL4043125,CHEMBL220
CHEMBL4101916,COC(C(=O)N1CCC(Oc2ccc(C(F)(F)F)cn2)CC1)c1ccccc1B(O)O,Inhibition,,,%,,Not Determined,B,CHEMBL4043125,CHEMBL220
CHEMBL4075264,O=C(Cc1ccc(F)cc1B(O)O)N1CCC(Oc2ccc(C(F)(F)F)cn2)CC1,Inhibition,=,7.0,%,,,B,CHEMBL4043125,CHEMBL220
CHEMBL4063918,O=C(Cc1ccc(Cl)cc1B(O)O)N1CCC(Oc2ccc(C(F)(F)F)cn2)CC1,Inhibition,=,8.0,%,,,B,CHEMBL4043125,CHEMBL220
CHEMBL4085494,COc1ccc(CC(=O)N2CCC(Oc3ccc(C(F)(F)F)cn3)CC2)c(B(O)O)c1,Inhibition,=,9.0,%,,,B,CHEMBL4043125,CHEMBL220
CHEMBL4105026,CN1c2ccccc2C(c2ccccc2)c2ccccc21,Inhibition,,,%,,,B,CHEMBL4043268,CHEMBL220
CHEMBL4080800,Cc1ccc(C2c3ccccc3N(C)c3ccccc32)cc1,Inhibition,=,5.1,%,,,B,CHEMBL4043268,CHEMBL220
CHEMBL4079266,CN1c2ccccc2C(c2ccc(N)cc2)c2ccccc21,Inhibition,,,%,,,B,CHEMBL4043268,CHEMBL220
CHEMBL4103528,CN1c2ccccc2C(c2ccc(NC(=O)C(F)(F)F)cc2)c2ccccc21,Inhibition,,,%,,,B,CHEMBL4043268,CHEMBL220
CHEMBL4087149,CC(=O)Nc1ccc(C2c3ccccc3N(C)c3ccccc32)cc1,Inhibition,,,%,,,B,CHEMBL4043268,CHEMBL220
CHEMBL4065729,CN1c2ccccc2C(c2ccc(F)cc2)c2ccccc21,Inhibition,,,%,,,B,CHEMBL4043268,CHEMBL220
CHEMBL4094837,COc1ccc(C2c3ccccc3N(C)c3ccccc32)cc1,Inhibition,=,9.3,%,,,B,CHEMBL4043268,CHEMBL220
CHEMBL4077493,CN1c2ccccc2C(c2cc(C(C)(C)C)cc(C(C)(C)C)c2O)c2ccccc21,Inhibition,,,%,,,B,CHEMBL4043268,CHEMBL220
CHEMBL4102576,CN1c2ccccc2C(c2cc(C(C)(C)C)c(O)c(C(C)(C)C)c2)c2ccccc21,Inhibition,,,%,,,B,CHEMBL4043268,CHEMBL220
CHEMBL4084629,CN1c2ccccc2C(c2cccs2)c2ccccc21,Inhibition,,,%,,,B,CHEMBL4043268,CHEMBL220
CHEMBL4067342,C[n+]1c2ccccc2c(-c2cc(C(C)(C)C)cc(C(C)(C)C)c2O)c2ccccc21.F[B-](F)(F)F,Inhibition,=,16.7,%,,,B,CHEMBL4043268,CHEMBL220
CHEMBL4091935,C[n+]1c2ccccc2c(-c2c(O)ccc3ccccc23)c2ccccc21.F[B-](F)(F)F,Inhibition,=,7.3,%,,,B,CHEMBL4043268,CHEMBL220
CHEMBL4074993,CN1c2ccccc2C(n2c3ccccc3c3ccccc32)c2ccccc21,Inhibition,=,5.6,%,,,B,CHEMBL4043268,CHEMBL220
CHEMBL4083288,CCCCNc1c2ccccc2[n+](C)c2ccccc12.F[B-](F)(F)F,Inhibition,=,16.8,%,,,B,CHEMBL4043268,CHEMBL220
CHEMBL1231178,O=[N+]([O-])c1ccc(OP(=O)(O)Oc2ccc([N+](=O)[O-])cc2)cc1,Inhibition,,,%,,,B,CHEMBL4043268,CHEMBL220
CHEMBL3425895,CCn1c2ccccc2c2cc(/C=C/c3ccc4ccccc4[n+]3C)ccc21.[I-],Inhibition,>,50.0,%,,,B,CHEMBL4049393,CHEMBL220
CHEMBL3425894,C[n+]1c(/C=C/c2cc3ccccc3[nH]2)ccc2ccccc21.[I-],Inhibition,>,50.0,%,,,B,CHEMBL4049393,CHEMBL220
CHEMBL3425893,C[n+]1c(/C=C/c2ccc(N3CCOCC3)cc2)ccc2ccccc21.[I-],Inhibition,>,50.0,%,,,B,CHEMBL4049393,CHEMBL220
CHEMBL3425892,COc1cc(/C=C/c2ccc3ccccc3[n+]2C)ccc1N1CCOCC1.[I-],Inhibition,>,50.0,%,,,B,CHEMBL4049393,CHEMBL220
CHEMBL3425889,C[n+]1c(/C=C/c2ccccc2)ccc2ccccc21.[I-],Inhibition,>,50.0,%,,,B,CHEMBL4049393,CHEMBL220
CHEMBL1303143,C[n+]1c(/C=C/c2ccc(O)cc2)ccc2ccccc21.[I-],Inhibition,>,50.0,%,,,B,CHEMBL4049393,CHEMBL220
CHEMBL3425881,COc1cc(/C=C/c2ccc3ccccc3[n+]2C)cc(OC)c1O.[I-],Inhibition,>,50.0,%,,,B,CHEMBL4049393,CHEMBL220
CHEMBL3425891,COc1cc(/C=C/c2ccc3ccccc3[n+]2C)cc(OC)c1OC.[I-],Inhibition,>,50.0,%,,,B,CHEMBL4049393,CHEMBL220
CHEMBL3425890,COc1cc(/C=C/c2ccc3ccccc3[n+]2C)ccc1F.[I-],Inhibition,>,50.0,%,,,B,CHEMBL4049393,CHEMBL220
CHEMBL3425885,C[n+]1c(/C=C/c2cc([N+](=O)[O-])ccc2O)ccc2ccccc21.[I-],Inhibition,=,43.1,%,,,B,CHEMBL4049393,CHEMBL220
CHEMBL1242180,CN(C)c1ccc(/C=C/c2ccc3ccccc3[n+]2C)cc1.[I-],Inhibition,>,50.0,%,,,B,CHEMBL4049393,CHEMBL220
CHEMBL4061433,CCN(CC)c1ccc(/C=C/c2ccc3ccccc3[n+]2C)c(O)c1.[I-],Inhibition,>,50.0,%,,,B,CHEMBL4049393,CHEMBL220
CHEMBL4097284,CCN(CC)c1ccc(/C=C/c2ccc3ccccc3[n+]2C)c(OC)c1.[I-],Inhibition,>,50.0,%,,,B,CHEMBL4049393,CHEMBL220
CHEMBL4070093,CN1CCN(c2ccc(/C=C/c3ccc4ccccc4[n+]3C)cc2)CC1.[I-],Inhibition,>,50.0,%,,,B,CHEMBL4049393,CHEMBL220
CHEMBL4093946,COc1cc(/C=C/c2ccc3ccccc3[n+]2C)ccc1N1CCN(C)CC1.[I-],Inhibition,>,50.0,%,,,B,CHEMBL4049393,CHEMBL220
CHEMBL4066392,CCN(CC)c1ccc(/C=C/c2ccc3ccccc3[n+]2C)cc1.[I-],Inhibition,>,50.0,%,,,B,CHEMBL4049393,CHEMBL220
CHEMBL4080358,CCN(CC)c1ccc(/C=C/c2ccc3ccccc3[n+]2C)c(Cl)c1.[I-],Inhibition,>,50.0,%,,,B,CHEMBL4049393,CHEMBL220
CHEMBL4104589,C[n+]1c(/C=C/c2ccc(Cl)cc2)ccc2ccccc21.[I-],Inhibition,>,50.0,%,,,B,CHEMBL4049393,CHEMBL220
CHEMBL597863,C[n+]1c(/C=C/c2ccc(F)cc2)ccc2ccccc21.[I-],Inhibition,>,50.0,%,,,B,CHEMBL4049393,CHEMBL220
CHEMBL4096862,CCN(CC)c1ccc(/C=C/c2ccc3ccccc3[n+]2C)c(OC)n1.[I-],Inhibition,>,50.0,%,,,B,CHEMBL4049393,CHEMBL220
CHEMBL4060972,COc1ncccc1/C=C/c1ccc2ccccc2[n+]1C.[I-],Inhibition,=,48.6,%,,,B,CHEMBL4049393,CHEMBL220
CHEMBL4089155,C[n+]1c(/C=C/c2cccnc2)ccc2ccccc21.[I-],Inhibition,=,40.5,%,,,B,CHEMBL4049393,CHEMBL220
CHEMBL4099308,CN1CCN(c2cc(/C=C/c3ccc(N(C)C)cc3)[n+](C)c3ccccc23)CC1.[I-],Inhibition,=,26.5,%,,,B,CHEMBL4049393,CHEMBL220
CHEMBL4086152,CCN(CC)c1ccc(/C=C/c2cc(N3CCN(C)CC3)c3ccccc3[n+]2C)c(O)c1.[I-],Inhibition,=,40.0,%,,,B,CHEMBL4049393,CHEMBL220
CHEMBL4065910,CCN(CC)c1ccc(/C=C/c2cc(N3CCN(C)CC3)c3ccccc3[n+]2C)c(OC)c1.[I-],Inhibition,=,26.8,%,,,B,CHEMBL4049393,CHEMBL220
CHEMBL4093514,CN1CCN(c2ccc(/C=C/c3cc(N4CCN(C)CC4)c4ccccc4[n+]3C)cc2)CC1.[I-],Inhibition,>,50.0,%,,,B,CHEMBL4049393,CHEMBL220
CHEMBL4086383,COc1cc(/C=C/c2cc(N3CCN(C)CC3)c3ccccc3[n+]2C)ccc1N1CCN(C)CC1.[I-],Inhibition,>,50.0,%,,,B,CHEMBL4049393,CHEMBL220
CHEMBL4064920,CN(C)c1ccc(/C=C/c2cc(N3CCOCC3)c3ccccc3[n+]2C)cc1.[I-],Inhibition,=,42.2,%,,,B,CHEMBL4049393,CHEMBL220
CHEMBL4078528,CCN(CC)c1ccc(/C=C/c2cc(N3CCOCC3)c3ccccc3[n+]2C)c(O)c1.[I-],Inhibition,=,47.8,%,,,B,CHEMBL4049393,CHEMBL220
CHEMBL4102810,CCN(CC)c1ccc(/C=C/c2cc(N3CCOCC3)c3ccccc3[n+]2C)c(OC)c1.[I-],Inhibition,=,25.0,%,,,B,CHEMBL4049393,CHEMBL220
CHEMBL4067639,C[n+]1c(/C=C/c2cc3ccccc3[nH]2)cc(N2CCOCC2)c2ccccc21.[I-],Inhibition,>,50.0,%,,,B,CHEMBL4049393,CHEMBL220
CHEMBL4095051,CCn1c2ccccc2c2cc(/C=C/c3cc(N4CCOCC4)c4ccccc4[n+]3C)ccc21.[I-],Inhibition,>,50.0,%,,,B,CHEMBL4049393,CHEMBL220
CHEMBL4105221,CN(C)c1ccc(/C=C/c2cc(N3CCN(CCO)CC3)c3ccccc3[n+]2C)cc1.[I-],Inhibition,=,23.3,%,,,B,CHEMBL4049393,CHEMBL220
CHEMBL4087364,CCN(CC)c1ccc(/C=C/c2cc(N3CCN(CCO)CC3)c3ccccc3[n+]2C)c(O)c1.[I-],Inhibition,=,48.2,%,,,B,CHEMBL4049393,CHEMBL220
CHEMBL4072484,CCN(CC)c1ccc(/C=C/c2cc(N3CCN(CCO)CC3)c3ccccc3[n+]2C)c(OC)c1.[I-],Inhibition,=,41.3,%,,,B,CHEMBL4049393,CHEMBL220
CHEMBL4099404,C[n+]1c(/C=C/c2cc3ccccc3[nH]2)cc(N2CCN(CCO)CC2)c2ccccc21.[I-],Inhibition,=,21.3,%,,,B,CHEMBL4049393,CHEMBL220
CHEMBL4065374,COc1cc(/C=C/c2cc(N3CCN(CCO)CC3)c3ccccc3[n+]2C)cc(OC)c1O.[I-],Inhibition,=,21.5,%,,,B,CHEMBL4049393,CHEMBL220
CHEMBL4086807,CCN(CC)c1ccc(/C=C/c2ccc3ccccc3n2)c(O)c1,Inhibition,=,0.6,%,,,B,CHEMBL4049393,CHEMBL220
CHEMBL140,COc1cc(/C=C/C(=O)CC(=O)/C=C/c2ccc(O)c(OC)c2)ccc1O,Inhibition,=,0.8,%,,,B,CHEMBL4049393,CHEMBL220
CHEMBL165,Oc1ccc(/C=C/c2cc(O)cc(O)c2)cc1,Inhibition,=,1.5,%,,,B,CHEMBL4049393,CHEMBL220
CHEMBL95,Nc1c2c(nc3ccccc13)CCCC2,Inhibition,>,50.0,%,,,B,CHEMBL4049393,CHEMBL220
CHEMBL502,COc1cc2c(cc1OC)C(=O)C(CC1CCN(Cc3ccccc3)CC1)C2,Inhibition,>,50.0,%,,,B,CHEMBL4049393,CHEMBL220
CHEMBL3425908,CCn1c2ccccc2c2cc(/C=C/c3ccc4ccccc4n3)ccc21,Inhibition,=,0.2,%,,,B,CHEMBL4049393,CHEMBL220
CHEMBL4061433,CCN(CC)c1ccc(/C=C/c2ccc3ccccc3[n+]2C)c(O)c1.[I-],Inhibition,,,%,,,B,CHEMBL4049393,CHEMBL220
CHEMBL4061433,CCN(CC)c1ccc(/C=C/c2ccc3ccccc3[n+]2C)c(O)c1.[I-],Inhibition,=,92.7,%,,,B,CHEMBL4049393,CHEMBL220
CHEMBL95,Nc1c2c(nc3ccccc13)CCCC2,Inhibition,=,9.1,%,,,B,CHEMBL4049393,CHEMBL220
CHEMBL429694,Nc1c(/N=N/c2ccc(-c3ccc(/N=N/c4cc(S(=O)(=O)[O-])c5ccccc5c4N)cc3)cc2)cc(S(=O)(=O)[O-])c2ccccc12.[Na+].[Na+],Inhibition,=,89.0,%,,,B,CHEMBL4049393,CHEMBL220
CHEMBL4100298,CCN(CCCCNC(=O)COc1ccc(-c2cc(=O)c3c(O)c(OC)c(OC)cc3o2)cc1)Cc1ccccc1OC,Inhibition,=,32.7,%,,,B,CHEMBL4052630,CHEMBL220
CHEMBL4084943,COc1cc2oc(-c3ccc(OCC(=O)NCCN(C)Cc4ccccc4)cc3)cc(=O)c2c(OC)c1OC,Inhibition,,,%,,Not Determined,B,CHEMBL4052630,CHEMBL220
CHEMBL4063292,CCN(CCNC(=O)COc1ccc(-c2cc(=O)c3c(OC)c(OC)c(OC)cc3o2)cc1)Cc1ccccc1,Inhibition,,,%,,Not Determined,B,CHEMBL4052630,CHEMBL220
CHEMBL4092697,COc1ccccc1CN(C)CCNC(=O)COc1ccc(-c2cc(=O)c3c(OC)c(OC)c(OC)cc3o2)cc1,Inhibition,,,%,,Not Determined,B,CHEMBL4052630,CHEMBL220
CHEMBL4071918,CCN(CCNC(=O)COc1ccc(-c2cc(=O)c3c(OC)c(OC)c(OC)cc3o2)cc1)Cc1ccccc1OC,Inhibition,,,%,,Not Determined,B,CHEMBL4052630,CHEMBL220
CHEMBL4066065,COc1cc2oc(-c3ccc(OCC(=O)NCCCN(C)Cc4ccccc4)cc3)cc(=O)c2c(OC)c1OC,Inhibition,,,%,,Not Determined,B,CHEMBL4052630,CHEMBL220
CHEMBL4072520,CCN(CCCNC(=O)COc1ccc(-c2cc(=O)c3c(OC)c(OC)c(OC)cc3o2)cc1)Cc1ccccc1,Inhibition,,,%,,Not Determined,B,CHEMBL4052630,CHEMBL220
CHEMBL4074677,COc1ccccc1CN(C)CCCNC(=O)COc1ccc(-c2cc(=O)c3c(OC)c(OC)c(OC)cc3o2)cc1,Inhibition,,,%,,Not Determined,B,CHEMBL4052630,CHEMBL220
CHEMBL4101369,CCN(CCCNC(=O)COc1ccc(-c2cc(=O)c3c(OC)c(OC)c(OC)cc3o2)cc1)Cc1ccccc1OC,Inhibition,,,%,,Not Determined,B,CHEMBL4052630,CHEMBL220
CHEMBL4096067,COc1cc2oc(-c3ccc(OCC(=O)NCCCCN(C)Cc4ccccc4)cc3)cc(=O)c2c(OC)c1OC,Inhibition,,,%,,Not Determined,B,CHEMBL4052630,CHEMBL220
CHEMBL4078020,CCN(CCCCNC(=O)COc1ccc(-c2cc(=O)c3c(OC)c(OC)c(OC)cc3o2)cc1)Cc1ccccc1,Inhibition,,,%,,Not Determined,B,CHEMBL4052630,CHEMBL220
CHEMBL4080617,COc1ccccc1CN(C)CCCCNC(=O)COc1ccc(-c2cc(=O)c3c(OC)c(OC)c(OC)cc3o2)cc1,Inhibition,,,%,,Not Determined,B,CHEMBL4052630,CHEMBL220
CHEMBL4098654,CCN(CCCCNC(=O)COc1ccc(-c2cc(=O)c3c(OC)c(OC)c(OC)cc3o2)cc1)Cc1ccccc1OC,Inhibition,=,8.8,%,,,B,CHEMBL4052630,CHEMBL220
CHEMBL4088486,COc1cc2oc(-c3ccc(OCC(=O)NCCCCCCN(C)Cc4ccccc4)cc3)cc(=O)c2c(OC)c1OC,Inhibition,,,%,,Not Determined,B,CHEMBL4052630,CHEMBL220
CHEMBL4060260,CCN(CCCCCCNC(=O)COc1ccc(-c2cc(=O)c3c(OC)c(OC)c(OC)cc3o2)cc1)Cc1ccccc1,Inhibition,,,%,,Not Determined,B,CHEMBL4052630,CHEMBL220
CHEMBL4096208,COc1ccccc1CN(C)CCCCCCNC(=O)COc1ccc(-c2cc(=O)c3c(OC)c(OC)c(OC)cc3o2)cc1,Inhibition,,,%,,Not Determined,B,CHEMBL4052630,CHEMBL220
CHEMBL4068935,CCN(CCCCCCNC(=O)COc1ccc(-c2cc(=O)c3c(OC)c(OC)c(OC)cc3o2)cc1)Cc1ccccc1OC,Inhibition,=,6.5,%,,,B,CHEMBL4052630,CHEMBL220
CHEMBL4103970,COc1ccccc1CN(C)CCNC(=O)COc1ccc(-c2cc(=O)c3c(O)c(OC)c(OC)cc3o2)cc1,Inhibition,,,%,,Not Determined,B,CHEMBL4052630,CHEMBL220
CHEMBL4079709,CCN(CCNC(=O)COc1ccc(-c2cc(=O)c3c(O)c(OC)c(OC)cc3o2)cc1)Cc1ccccc1OC,Inhibition,,,%,,Not Determined,B,CHEMBL4052630,CHEMBL220
CHEMBL4091828,COc1ccccc1CN(C)CCCNC(=O)COc1ccc(-c2cc(=O)c3c(O)c(OC)c(OC)cc3o2)cc1,Inhibition,,,%,,Not Determined,B,CHEMBL4052630,CHEMBL220
CHEMBL4064070,CCN(CCCNC(=O)COc1ccc(-c2cc(=O)c3c(O)c(OC)c(OC)cc3o2)cc1)Cc1ccccc1OC,Inhibition,,,%,,Not Determined,B,CHEMBL4052630,CHEMBL220
CHEMBL4073458,COc1ccccc1CN(C)CCCCNC(=O)COc1ccc(-c2cc(=O)c3c(O)c(OC)c(OC)cc3o2)cc1,Inhibition,,,%,,Not Determined,B,CHEMBL4052630,CHEMBL220
CHEMBL4100298,CCN(CCCCNC(=O)COc1ccc(-c2cc(=O)c3c(O)c(OC)c(OC)cc3o2)cc1)Cc1ccccc1OC,Inhibition,=,57.3,%,,,B,CHEMBL4052630,CHEMBL220
CHEMBL4064861,COc1ccccc1CN(C)CCCCCCNC(=O)COc1ccc(-c2cc(=O)c3c(O)c(OC)c(OC)cc3o2)cc1,Inhibition,,,%,,Not Determined,B,CHEMBL4052630,CHEMBL220
CHEMBL4092562,CCN(CCCCCCNC(=O)COc1ccc(-c2cc(=O)c3c(O)c(OC)c(OC)cc3o2)cc1)Cc1ccccc1OC,Inhibition,=,58.1,%,,,B,CHEMBL4052630,CHEMBL220
CHEMBL74490,COc1cc2oc(-c3ccc(O)cc3)cc(=O)c2c(OC)c1OC,Inhibition,,,%,,Not Determined,B,CHEMBL4052630,CHEMBL220
CHEMBL348436,COc1cc2oc(-c3ccc(O)cc3)cc(=O)c2c(O)c1OC,Inhibition,,,%,,Not Determined,B,CHEMBL4052630,CHEMBL220
CHEMBL140,COc1cc(/C=C/C(=O)CC(=O)/C=C/c2ccc(O)c(OC)c2)ccc1O,Inhibition,,,%,,Not Determined,B,CHEMBL4052630,CHEMBL220
CHEMBL502,COc1cc2c(cc1OC)C(=O)C(CC1CCN(Cc3ccccc3)CC1)C2,Inhibition,=,18.8,%,,,B,CHEMBL4052630,CHEMBL220
CHEMBL4100298,CCN(CCCCNC(=O)COc1ccc(-c2cc(=O)c3c(O)c(OC)c(OC)cc3o2)cc1)Cc1ccccc1OC,Inhibition,,,%,,Dose-dependent effect,B,CHEMBL4052630,CHEMBL220
CHEMBL4104662,CCOC(=O)C1=NNc2cc(-c3ccccc3)nn2C1(O)C(F)(F)F,Inhibition,=,3.8,%,,,B,CHEMBL4052659,CHEMBL220
CHEMBL4080436,CCOC(=O)C1=NNc2cc(-c3ccccc3)nn2C1(O)C(F)(F)C(F)(F)F,Inhibition,=,13.6,%,,,B,CHEMBL4052659,CHEMBL220
CHEMBL4096931,CCOC(=O)C1=NNc2cc(-c3ccccc3)nn2C1(O)C(F)(F)C(F)(F)C(F)(F)C(F)(F)F,Inhibition,,,%,,,B,CHEMBL4052659,CHEMBL220
CHEMBL4069738,COC(=O)C1=NNc2cc(-c3ccccc3)nn2C1(O)C(F)(F)C(F)(F)C(F)(F)C(F)(F)F,Inhibition,=,11.7,%,,,B,CHEMBL4052659,CHEMBL220
CHEMBL4089228,CCOC(=O)C1=NNc2cc(C)nn2C1(O)C(F)(F)F,Inhibition,,,%,,,B,CHEMBL4052659,CHEMBL220
CHEMBL4061056,CCOC(=O)C1=NNc2cc(C)nn2C1(O)C(F)(F)C(F)(F)C(F)(F)C(F)(F)F,Inhibition,=,3.0,%,,,B,CHEMBL4052659,CHEMBL220
CHEMBL4081359,CCOC(=O)C1=NNc2c(C(=O)OCC)cnn2C1(O)C(F)(F)F,Inhibition,,,%,,,B,CHEMBL4052659,CHEMBL220
CHEMBL4099381,CCOC(=O)c1cnn2c1NN=C(C(=O)OC)C2(O)C(F)(F)C(F)(F)C(F)(F)F,Inhibition,,,%,,,B,CHEMBL4052659,CHEMBL220
CHEMBL4090402,CCOC(=O)C1=NNc2c(C(=O)OCC)ncn2C1(O)C(F)(F)F,Inhibition,,,%,,,B,CHEMBL4052659,CHEMBL220
CHEMBL4100011,CCOC(=O)C1=NNc2ncnn2C1(O)C(F)(F)F,Inhibition,,,%,,,B,CHEMBL4052659,CHEMBL220
CHEMBL4089864,COC(=O)C1=NNc2ncnn2C1(O)C(F)(F)C(F)(F)C(F)(F)C(F)(F)F,Inhibition,,,%,,,B,CHEMBL4052659,CHEMBL220
CHEMBL4061796,CCOC(=O)C1=NNc2ncnn2C1(O)C(F)(F)C(F)(F)C(F)(F)C(F)(F)F,Inhibition,,,%,,,B,CHEMBL4052659,CHEMBL220
CHEMBL4062840,O=C(C1=NNc2ncnn2C1(O)C(F)(F)C(F)(F)C(F)(F)F)c1ccccc1,Inhibition,,,%,,,B,CHEMBL4052659,CHEMBL220
CHEMBL4084517,CCOC(=O)C1=NNc2nnnn2C1(O)C(F)(F)F,Inhibition,,,%,,,B,CHEMBL4052659,CHEMBL220
CHEMBL4071464,COC(=O)C1=NNc2nnnn2C1(O)C(F)(F)F,Inhibition,,,%,,,B,CHEMBL4052659,CHEMBL220
CHEMBL4092260,O=C(C1=NNc2nnnn2C1(O)C(F)(F)F)c1ccccc1,Inhibition,,,%,,,B,CHEMBL4052659,CHEMBL220
CHEMBL4093240,COC(=O)C1=NNc2nnnn2C1(O)C(F)(F)C(F)F,Inhibition,,,%,,,B,CHEMBL4052659,CHEMBL220
CHEMBL4065596,COC(=O)C1=NNc2nnnn2C1(O)C(F)(F)C(F)(F)C(F)(F)F,Inhibition,,,%,,,B,CHEMBL4052659,CHEMBL220
CHEMBL4100446,COC(=O)C1=NNc2nnnn2C1(O)C(F)(F)C(F)(F)C(F)(F)C(F)(F)F,Inhibition,,,%,,,B,CHEMBL4052659,CHEMBL220
CHEMBL4082432,CCOC(=O)C1=NNc2nnnn2C1(O)C(F)(F)C(F)(F)C(F)(F)C(F)(F)F,Inhibition,,,%,,,B,CHEMBL4052659,CHEMBL220
CHEMBL4092718,CCOC(=O)c1nnc(N)nc1C(F)(F)F,Inhibition,,,%,,,B,CHEMBL4052659,CHEMBL220
CHEMBL1231178,O=[N+]([O-])c1ccc(OP(=O)(O)Oc2ccc([N+](=O)[O-])cc2)cc1,Inhibition,,,%,,,B,CHEMBL4052659,CHEMBL220
CHEMBL4164507,NC(=O)c1c(NC(=O)CN2CCN(Cc3ccccc3)CC2)sc2c1CCCC2,Inhibition,=,56.67,%,,,B,CHEMBL4130365,CHEMBL220
CHEMBL4172387,CCOC(=O)c1c(NC(=O)CN2CCN(Cc3ccccc3)CC2)sc2c1CCCC2,Inhibition,=,38.37,%,,,B,CHEMBL4130365,CHEMBL220
CHEMBL4172587,COc1cc2c(cc1OC)C(=O)/C(=C/C1CCN(Cc3cc(N=[N+]=[N-])c4ccccc4n3)CC1)C2,Inhibition,,,%,,,B,CHEMBL4130418,CHEMBL220
CHEMBL4166300,COc1cc2c(cc1OC)C(=O)/C(=C/C1CCN(Cc3cc(N)c4ccccc4n3)CC1)C2,Inhibition,,,%,,,B,CHEMBL4130418,CHEMBL220
CHEMBL4172060,O=C(Nc1cc(Cl)nc(Cl)c1)OCCCCCNCc1ccc(Oc2ccccc2)cc1,Inhibition,<,20.0,%,,,B,CHEMBL4130500,CHEMBL220
CHEMBL4174457,O=C(NCCCCCCNCc1ccc(Oc2ccccc2)cc1)c1cc(Cl)nc(Cl)c1,Inhibition,<,20.0,%,,,B,CHEMBL4130500,CHEMBL220
CHEMBL4175190,COc1cc(OC)c([C@H](C)C(OC)OC)cc1OC,Inhibition,,,%,,,B,CHEMBL4130544,CHEMBL220
CHEMBL4164558,COc1cc(OC)c([C@@H](OC)[C@@H](C)O)cc1OC,Inhibition,,,%,,,B,CHEMBL4130544,CHEMBL220
CHEMBL4159205,COc1cc(OC)c([C@H](OC)[C@H](C)O)cc1OC,Inhibition,,,%,,,B,CHEMBL4130544,CHEMBL220
CHEMBL4169855,COc1cc(OC)c([C@H](OC)[C@@H](C)O)cc1OC,Inhibition,,,%,,,B,CHEMBL4130544,CHEMBL220
CHEMBL4162593,COc1cc(OC)c([C@@H](OC)[C@H](C)O)cc1OC,Inhibition,,,%,,,B,CHEMBL4130544,CHEMBL220
CHEMBL4173283,CCO[C@H](c1cc(OC)c(OC)cc1OC)[C@@H](C)O,Inhibition,,,%,,,B,CHEMBL4130544,CHEMBL220
CHEMBL4166039,CCO[C@@H](c1cc(OC)c(OC)cc1OC)[C@H](C)O,Inhibition,,,%,,,B,CHEMBL4130544,CHEMBL220
CHEMBL4176651,CCO[C@@H](c1cc(OC)c(OC)cc1OC)[C@@H](C)O,Inhibition,,,%,,,B,CHEMBL4130544,CHEMBL220
CHEMBL4169466,CCO[C@H](c1cc(OC)c(OC)cc1OC)[C@H](C)O,Inhibition,,,%,,,B,CHEMBL4130544,CHEMBL220
CHEMBL4161541,COc1cc(OC)c([C@@H](O)[C@@H](C)O)cc1OC,Inhibition,,,%,,,B,CHEMBL4130544,CHEMBL220
CHEMBL4164085,COc1cc(OC)c([C@H](O)[C@@H](C)O)cc1OC,Inhibition,,,%,,,B,CHEMBL4130544,CHEMBL220
CHEMBL4174741,COc1cc(OC)c(C(O)C(C)=O)cc1OC,Inhibition,,,%,,,B,CHEMBL4130544,CHEMBL220
CHEMBL4170502,COc1cc(OC)c(C(C)=O)cc1OC,Inhibition,,,%,,,B,CHEMBL4130544,CHEMBL220
CHEMBL1164301,COc1cc(OC)c(OC)cc1C=O,Inhibition,,,%,,,B,CHEMBL4130544,CHEMBL220
CHEMBL2088633,COc1ccc(CCCO)cc1OC,Inhibition,,,%,,,B,CHEMBL4130544,CHEMBL220
CHEMBL4166047,COc1cc(OC)c([C@@H](C)C(OC)OC)cc1OC,Inhibition,,,%,,,B,CHEMBL4130544,CHEMBL220
CHEMBL4174980,COc1cc(OC)c([C@@H]2[C@@H](C)[C@H](c3cc(OC)c(OC)cc3OC)O[C@@H]2C)cc1OC,Inhibition,,,%,,,B,CHEMBL4130544,CHEMBL220
CHEMBL260183,COc1cc([C@H]2OC[C@H]3[C@@H]2CO[C@@H]3c2ccc(O)c(OC)c2)ccc1O,Inhibition,,,%,,,B,CHEMBL4130544,CHEMBL220
CHEMBL466931,COc1cc([C@H]2Oc3c(OC)cc(CCCO)cc3[C@@H]2CO[C@@H]2O[C@H](CO)[C@@H](O)[C@H](O)[C@H]2O)ccc1O,Inhibition,,,%,,,B,CHEMBL4130544,CHEMBL220
CHEMBL1704274,COc1cc([C@H]2Oc3c(OC)cc(CCCO[C@@H]4O[C@H](CO)[C@@H](O)[C@H](O)[C@H]4O)cc3[C@@H]2CO)ccc1O,Inhibition,,,%,,,B,CHEMBL4130544,CHEMBL220
CHEMBL4168617,O=C(O)C(F)(F)F.O=C1CC[C@@]2(C=CNC3=C2C2=NCCc4c[nH]c(c42)C3=O)C=C1Br,Inhibition,,,%,,Dose-dependent effect,B,CHEMBL4138094,CHEMBL220
CHEMBL4160694,O=C(O)C(F)(F)F.O=C1C2=C(C3=NCCc4c[nH]c1c43)C1(C=CN2)C=C(Br)C(O)C(Br)=C1,Inhibition,,,%,,Dose-dependent effect,B,CHEMBL4138094,CHEMBL220
CHEMBL462946,O=C(O)C(F)(F)F.O=C1C=C2S[C@H]3C[C@]2(C=C1Br)C1=C(N3)C(=O)c2[nH]cc3c2C1=NCC3,Inhibition,,,%,,Dose-dependent effect,B,CHEMBL4138094,CHEMBL220
CHEMBL553245,O=C([O-])C(F)(F)F.O=C1C2=C3C4=[N+](CCc5c[nH]c1c54)[C@@H]1C(=O)C=C4S[C@@H](C[C@@]43[C@H]1O)N2,Inhibition,,,%,,Dose-dependent effect,B,CHEMBL4138094,CHEMBL220
CHEMBL4101303,COc1cc2c(cc1OC)C(=O)C(CC1C=CN(Cc3cccc(Cl)c3)C=C1C(N)=O)C2,Inhibition,=,29.0,%,,,B,CHEMBL4145472,CHEMBL220
CHEMBL4160696,COc1cc2c(cc1OC)C(=O)C(CC1C=CN(Cc3ccccc3)C=C1C(C)=O)CC2,Inhibition,=,36.0,%,,,B,CHEMBL4145472,CHEMBL220
CHEMBL4166425,Cc1cc(=O)oc2cc(OCCCCCCCCSC(=S)N3CCCCC3)ccc12,Inhibition,<,5.0,%,,,B,CHEMBL4145512,CHEMBL220
CHEMBL4170269,Cc1cc(=O)oc2cc(OCCSC(=S)N3CCN(c4ncccn4)CC3)ccc12,Inhibition,=,12.33,%,,,B,CHEMBL4145512,CHEMBL220
CHEMBL4160050,Cc1cc(=O)oc2cc(OCCSC(=S)N3CCN(C4CC4)CC3)ccc12,Inhibition,=,18.69,%,,,B,CHEMBL4145512,CHEMBL220
CHEMBL4163415,Cc1cc(=O)oc2cc(OCCSC(=S)N3CCN(C)CC3)ccc12,Inhibition,=,36.84,%,,,B,CHEMBL4145512,CHEMBL220
CHEMBL4171310,Cc1cc(=O)oc2cc(OCCSC(=S)N(CCO)CCO)ccc12,Inhibition,=,34.49,%,,,B,CHEMBL4145512,CHEMBL220
CHEMBL4171733,Cc1cc(=O)oc2cc(OCCSC(=S)N3CCC(O)CC3)ccc12,Inhibition,<,5.0,%,,,B,CHEMBL4145512,CHEMBL220
CHEMBL4161124,Cc1cc(=O)oc2cc(OCCSC(=S)N3CCOCC3)ccc12,Inhibition,=,10.99,%,,,B,CHEMBL4145512,CHEMBL220
CHEMBL4167524,Cc1cc(=O)oc2cc(OCCCCSC(=S)N3CCCCC3)ccc12,Inhibition,,,%,,,B,CHEMBL4145512,CHEMBL220
CHEMBL4159074,Oc1ccc(-c2oc3cc(O)c4c5c3c2-c2cc(O)cc(O)c2[C@H](c2ccc(O)cc2)[C@@H]5[C@H](c2ccc(O)cc2)[C@@H]4c2cc(O)cc(O)c2)cc1,Inhibition,,,%,,Dose-dependent effect,B,CHEMBL4145670,CHEMBL220
CHEMBL4171465,Cc1cc(=O)oc2cc(OCCCn3cc(CNC(=O)CCCCC4CCSS4)nn3)ccc12,Inhibition,=,2.9,%,,,B,CHEMBL4152262,CHEMBL220
CHEMBL4161244,COc1ccc(-c2cc3ccc(OCCCn4cc(CNC(=O)CCCCC5CCSS5)nn4)cc3oc2=O)cc1OC,Inhibition,=,47.4,%,,,B,CHEMBL4152262,CHEMBL220
CHEMBL374478,CO[C@H]1/C=C/O[C@@]2(C)Oc3c(C)c(O)c4c(O)c(c(/C=N/N5CCN(C)CC5)c(O)c4c3C2=O)NC(=O)/C(C)=C\C=C\[C@H](C)[C@H](O)[C@@H](C)[C@@H](O)[C@@H](C)[C@H](OC(C)=O)[C@@H]1C,Inhibition,=,12.2,%,,,B,CHEMBL4152262,CHEMBL220
CHEMBL502,COc1cc2c(cc1OC)C(=O)C(CC1CCN(Cc3ccccc3)CC1)C2,Inhibition,=,26.1,%,,,B,CHEMBL4152262,CHEMBL220
CHEMBL4176380,C[n+]1cc(C(=O)NCCOCCOCCN2C(=O)c3ccccc3C2=O)cc2c(O)cccc21.[I-],Inhibition,=,35.0,%,,,B,CHEMBL4152292,CHEMBL220
CHEMBL4171520,COc1cccc(C2NC(=S)Nc3nc4c(c(N)c32)CCCC4)c1,Inhibition,,,%,,,B,CHEMBL4152325,CHEMBL220
CHEMBL4174958,Nc1c2c(nc3c1C(c1cccc(Br)c1)NC(=S)N3)CCCC2,Inhibition,,,%,,,B,CHEMBL4152325,CHEMBL220
CHEMBL3742114,CCOC(=O)C1=C(CN2CCOCC2)NC(c2nccs2)=NC1c1ccc(F)cc1Br,Inhibition,=,-13.0,%,,,B,CHEMBL4177524,CHEMBL220
CHEMBL4217988,N#Cc1cc(S(=O)(=O)Nc2ncns2)ccc1Oc1ccc(-c2cccc(C(F)(F)F)c2)cc1-c1ccnc(CNCCC2CCNCC2)c1,Inhibition,=,15.0,%,,,B,CHEMBL4177603,CHEMBL220
CHEMBL4208820,CNC(=O)c1ccc(-c2cc3cccc(-c4nn(C5CCOCC5)c5c4CN(C(C)=O)CC5)c3cn2)cn1,Inhibition,=,7.0,%,,,B,CHEMBL4184171,CHEMBL220
CHEMBL4216806,CN(Cc1ccccc1)Cc1ccc(NC(=O)/C=C/c2ccc(O)c(O)c2)cc1,Inhibition,,,%,,,B,CHEMBL4190315,CHEMBL220
CHEMBL4216066,COc1cc(/C=C/C(=O)NCCCCCCNc2c3c(nc4ccccc24)CCCC3)cc(OC)c1O,Inhibition,,,%,,,B,CHEMBL4196025,CHEMBL220
CHEMBL4202827,CC(C)C1=Cc2ccc3c(c2C(=O)C1=O)CCC(C)(C)C3,Inhibition,=,30.0,%,,,B,CHEMBL4196054,CHEMBL220
CHEMBL4207701,CC1=Cc2ccc3c(c2C(=O)C1=O)CCC(C)(C)C3,Inhibition,=,1.0,%,,,B,CHEMBL4196054,CHEMBL220
CHEMBL4207175,COC1=Cc2ccc3c(c2C(=O)C1=O)CC(C)(C)CC3,Inhibition,=,2.0,%,,,B,CHEMBL4196054,CHEMBL220
CHEMBL4210792,CC(C)C1=Cc2ccc3c(c2C(=O)C1=O)CC(C)(C)CC3,Inhibition,=,20.0,%,,,B,CHEMBL4196054,CHEMBL220
CHEMBL4209729,CC1(C)CCc2ccc3c(c2C1)C(=O)C(=O)C(F)=C3F,Inhibition,=,4.0,%,,,B,CHEMBL4196054,CHEMBL220
CHEMBL4204853,CC1(C)CCc2ccc3c(c2C1)C(=O)C(=O)C=C3F,Inhibition,=,10.0,%,,,B,CHEMBL4196054,CHEMBL220
CHEMBL4206289,CC1(C)CCc2ccc3c(c2C1)C(=O)C(=O)C(F)=C3,Inhibition,=,3.0,%,,,B,CHEMBL4196054,CHEMBL220
CHEMBL4217993,CC1=Cc2ccc3c(c2C(=O)C1=O)CC(C)(C)CC3,Inhibition,=,0.0,%,,,B,CHEMBL4196054,CHEMBL220
CHEMBL4216102,CC1(C)CCc2ccc3c(c2C1)C(=O)C(=O)C=C3,Inhibition,=,2.0,%,,,B,CHEMBL4196054,CHEMBL220
CHEMBL45830,CC(C)C1=Cc2ccc3c(c2C(=O)C1=O)CCCC3(C)C,Inhibition,=,22.0,%,,,B,CHEMBL4196054,CHEMBL220
CHEMBL44483,CC(C)C1=Cc2ccc3c(c2C(=O)C1=O)CCCC3,Inhibition,=,16.0,%,,,B,CHEMBL4196054,CHEMBL220
CHEMBL4211853,O=C1C=C(F)c2ccc3c(c2C1=O)CCCC3,Inhibition,=,4.0,%,,,B,CHEMBL4196054,CHEMBL220
CHEMBL4212576,O=C1C(=O)c2c(ccc3c2CCCC3)C=C1F,Inhibition,=,16.0,%,,,B,CHEMBL4196054,CHEMBL220
CHEMBL4206049,CC1=CC(=O)C(=O)c2c1ccc1c2CCCC1,Inhibition,=,13.0,%,,,B,CHEMBL4196054,CHEMBL220
CHEMBL4204945,CC1=Cc2ccc3c(c2C(=O)C1=O)CCCC3,Inhibition,=,5.0,%,,,B,CHEMBL4196054,CHEMBL220
CHEMBL48115,O=C1C=Cc2ccc3c(c2C1=O)CCCC3,Inhibition,=,0.0,%,,,B,CHEMBL4196054,CHEMBL220
CHEMBL4213662,O=C1C=Cc2ccc3ccccc3c2C1=O,Inhibition,=,16.0,%,,,B,CHEMBL4196054,CHEMBL220
CHEMBL4217415,O=C1C(=O)c2c(ccc3ccccc23)C=C1F,Inhibition,=,8.0,%,,,B,CHEMBL4196054,CHEMBL220
CHEMBL4216503,CC1=Cc2ccc3c(c2C(=O)C1=O)CCOC3,Inhibition,=,27.0,%,,,B,CHEMBL4196054,CHEMBL220
CHEMBL4214691,COc1cccc(/C=N/NC(=O)c2ccc(NC(=O)CC[C@@H](C)[C@H]3CC[C@H]4[C@@H]5[C@H](O)C[C@@H]6C[C@H](O)CC[C@]6(C)[C@H]5C[C@H](O)[C@]34C)cc2)c1O,Inhibition,,,%,,,B,CHEMBL4196074,CHEMBL220
CHEMBL4211396,COc1ccc(Nc2c(N/N=C/c3cccc(OC)c3O)c(=O)c2=O)cc1,Inhibition,,,%,,,B,CHEMBL4196074,CHEMBL220
CHEMBL4206062,CCN1/C(=C/c2c(N/N=C/c3cccc(OC)c3O)c(=O)c2=O)Sc2ccccc21,Inhibition,,,%,,,B,CHEMBL4196074,CHEMBL220
CHEMBL4208602,C[C@H](CCC(=O)N/N=C/c1ccc(C(C)(C)C)cc1O)[C@H]1CC[C@H]2[C@@H]3[C@H](O)C[C@@H]4C[C@H](O)CC[C@]4(C)[C@H]3C[C@H](O)[C@]12C,Inhibition,,,%,,,B,CHEMBL4196074,CHEMBL220
CHEMBL4203630,C[C@H](CCC(=O)Nc1ccc(C(=O)N/N=C/c2ccc(C(C)(C)C)cc2O)cc1)[C@H]1CC[C@H]2[C@@H]3[C@H](O)C[C@@H]4C[C@H](O)CC[C@]4(C)[C@H]3C[C@H](O)[C@]12C,Inhibition,,,%,,,B,CHEMBL4196074,CHEMBL220
CHEMBL4205888,COc1ccc(Nc2c(N/N=C/c3ccc(C(C)(C)C)cc3O)c(=O)c2=O)cc1,Inhibition,,,%,,,B,CHEMBL4196074,CHEMBL220
CHEMBL4213927,CCN1/C(=C/c2c(N/N=C/c3cc(C(C)(C)C)ccc3O)c(=O)c2=O)Sc2ccccc21,Inhibition,,,%,,,B,CHEMBL4196074,CHEMBL220
CHEMBL4210454,Cc1ncc(CO)c(/C=N/NC(=O)CC[C@@H](C)[C@H]2CC[C@H]3[C@@H]4[C@H](O)C[C@@H]5C[C@H](O)CC[C@]5(C)[C@H]4C[C@H](O)[C@]23C)c1O,Inhibition,,,%,,,B,CHEMBL4196074,CHEMBL220
CHEMBL4215402,Cc1ncc(CO)c(/C=N/NC(=O)c2ccc(NC(=O)CC[C@@H](C)[C@H]3CC[C@H]4[C@@H]5[C@H](O)C[C@@H]6C[C@H](O)CC[C@]6(C)[C@H]5C[C@H](O)[C@]34C)cc2)c1O,Inhibition,,,%,,,B,CHEMBL4196074,CHEMBL220
CHEMBL4206399,COc1ccc(Nc2c(N/N=C/c3c(CO)cnc(C)c3O)c(=O)c2=O)cc1,Inhibition,,,%,,,B,CHEMBL4196074,CHEMBL220
CHEMBL4211290,CCN1/C(=C/c2c(N/N=C/c3c(CO)cnc(C)c3O)c(=O)c2=O)Sc2ccccc21,Inhibition,,,%,,,B,CHEMBL4196074,CHEMBL220
CHEMBL4206920,C[C@H](CCC(=O)N/N=C/c1ccc2ccccc2n1)[C@H]1CC[C@H]2[C@@H]3[C@H](O)C[C@@H]4C[C@H](O)CC[C@]4(C)[C@H]3C[C@H](O)[C@]12C,Inhibition,,,%,,,B,CHEMBL4196074,CHEMBL220
CHEMBL4214247,C[C@H](CCC(=O)Nc1ccc(C(=O)N/N=C/c2ccc3ccccc3n2)cc1)[C@H]1CC[C@H]2[C@@H]3[C@H](O)C[C@@H]4C[C@H](O)CC[C@]4(C)[C@H]3C[C@H](O)[C@]12C,Inhibition,,,%,,,B,CHEMBL4196074,CHEMBL220
CHEMBL4202564,COc1ccc(Nc2c(N/N=C/c3ccc4ccccc4n3)c(=O)c2=O)cc1,Inhibition,,,%,,,B,CHEMBL4196074,CHEMBL220
CHEMBL4209846,CCN1/C(=C/c2c(N/N=C/c3ccc4ccccc4n3)c(=O)c2=O)Sc2ccccc21,Inhibition,,,%,,,B,CHEMBL4196074,CHEMBL220
CHEMBL4207340,C[C@H](CCC(=O)NN=C(c1ccccn1)c1ccccn1)[C@H]1CC[C@H]2[C@@H]3[C@H](O)C[C@@H]4C[C@H](O)CC[C@]4(C)[C@H]3C[C@H](O)[C@]12C,Inhibition,,,%,,,B,CHEMBL4196074,CHEMBL220
CHEMBL4212226,C[C@H](CCC(=O)Nc1ccc(C(=O)NN=C(c2ccccn2)c2ccccn2)cc1)[C@H]1CC[C@H]2[C@@H]3[C@H](O)C[C@@H]4C[C@H](O)CC[C@]4(C)[C@H]3C[C@H](O)[C@]12C,Inhibition,,,%,,,B,CHEMBL4196074,CHEMBL220
CHEMBL4203946,COc1ccc(Nc2c(NN=C(c3ccccn3)c3ccccn3)c(=O)c2=O)cc1,Inhibition,,,%,,,B,CHEMBL4196074,CHEMBL220
CHEMBL4215625,CCN1/C(=C/c2c(NN=C(c3ccccn3)c3ccccn3)c(=O)c2=O)Sc2ccccc21,Inhibition,,,%,,,B,CHEMBL4196074,CHEMBL220
CHEMBL4204698,COc1cccc(/C=N/NC(=O)CC[C@@H](C)[C@H]2CC[C@H]3[C@@H]4[C@H](O)C[C@@H]5C[C@H](O)CC[C@]5(C)[C@H]4C[C@H](O)[C@]23C)c1O,Inhibition,,,%,,,B,CHEMBL4196074,CHEMBL220
CHEMBL502,COc1cc2c(cc1OC)C(=O)C(CC1CCN(Cc3ccccc3)CC1)C2,Inhibition,=,22.0,%,,,B,CHEMBL4196084,CHEMBL220
CHEMBL4203865,CC(=O)OC(C)(C)/C=C/C(=O)[C@](C)(O)[C@H]1[C@H](O)C[C@@]2(C)[C@@H]3[C@@H](O)C=C4[C@@H](C=C(O[C@@H]5O[C@H](CO)[C@@H](O)[C@H](O)[C@H]5O)C(=O)C4(C)C)[C@]3(C)C(=O)C[C@]12C,Inhibition,,,%,,,B,CHEMBL4196184,CHEMBL220
CHEMBL553851,CC(=O)OC(C)(C)CCC(=O)[C@](C)(O)[C@H]1[C@H](O)C[C@@]2(C)[C@@H]3CC=C4[C@@H](C[C@H](O)C(=O)C4(C)C)[C@]3(C)C(=O)C[C@]12C,Inhibition,,,%,,,B,CHEMBL4196184,CHEMBL220
CHEMBL508185,CC(=O)OC(C)(C)/C=C/C(=O)[C@](C)(O)[C@H]1[C@H](O)C[C@@]2(C)[C@@H]3CC=C4[C@@H](C[C@H](O)C(=O)C4(C)C)[C@]3(C)C(=O)C[C@]12C,Inhibition,,,%,,,B,CHEMBL4196184,CHEMBL220
CHEMBL4207693,CC(=O)OC(C)(C)CCC(=O)[C@](C)(O)[C@H]1[C@H](O)C[C@@]2(C)[C@@H]3CC=C4[C@@H](C[C@H](O[C@@H]5O[C@H](CO)[C@@H](O)[C@H](O)[C@H]5O)C(=O)C4(C)C)[C@]3(C)C(=O)C[C@]12C,Inhibition,,,%,,,B,CHEMBL4196184,CHEMBL220
CHEMBL540114,CC(=O)OC(C)(C)/C=C/C(=O)[C@](C)(O)[C@H]1[C@H](O)C[C@@]2(C)[C@@H]3CC=C4[C@@H](C[C@H](O[C@@H]5O[C@H](CO)[C@@H](O)[C@H](O)[C@H]5O)C(=O)C4(C)C)[C@]3(C)C(=O)C[C@]12C,Inhibition,,,%,,,B,CHEMBL4196184,CHEMBL220
CHEMBL4212051,CC(=O)OC[C@H]1O[C@@H](OC2=C[C@@H]3C(=CC[C@@H]4[C@@]3(C)C(=O)C[C@]3(C)[C@@H]([C@@](C)(O)C(=O)/C=C/C(C)(C)OC(C)=O)[C@H](O)C[C@@]43C)C(C)(C)C2=O)[C@H](O)[C@@H](O)[C@@H]1O,Inhibition,,,%,,,B,CHEMBL4196184,CHEMBL220
CHEMBL455056,CC(=O)OC(C)(C)/C=C/C(=O)[C@](C)(O)[C@H]1[C@H](O)C[C@@]2(C)[C@@H]3CC=C4[C@@H](C=C(O)C(=O)C4(C)C)[C@]3(C)C(=O)C[C@]12C,Inhibition,,,%,,,B,CHEMBL4196184,CHEMBL220
CHEMBL4215903,COC(=O)C(C)(C)C1=CC[C@@H]2[C@@](C)(C(=O)C[C@]3(C)[C@@H]([C@@](C)(O)C(=O)/C=C/C(C)(C)OC(C)=O)[C@H](O)C[C@@]23C)/C1=C/C(=O)O,Inhibition,,,%,,,B,CHEMBL4196184,CHEMBL220
CHEMBL4202756,CC(=O)OC(C)(C)/C=C/C(=O)[C@](C)(O)[C@H]1[C@H](O)C[C@@]2(C)[C@@H]3CC=C(C(C)(C)C(=O)O)/C(=C\C#N)[C@]3(C)C(=O)C[C@]12C,Inhibition,,,%,,,B,CHEMBL4196184,CHEMBL220
CHEMBL4243474,COc1ccc2c(c1)C/C(=C/c1ccccc1-c1ccccc1)C2=O,Inhibition,,,%,,,B,CHEMBL4229448,CHEMBL220
CHEMBL4244803,COc1ccc(-c2ccccc2/C=C2/Cc3cc(OC)ccc3C2=O)cc1,Inhibition,,,%,,,B,CHEMBL4229448,CHEMBL220
CHEMBL4242359,COc1ccc2c(c1)C/C(=C/c1ccccc1-c1ccc3ccccc3c1)C2=O,Inhibition,,,%,,,B,CHEMBL4229448,CHEMBL220
CHEMBL4240861,COc1ccc2c(c1)C/C(=C/c1ccccc1-c1ccc3nc(N)ccc3c1)C2=O,Inhibition,,,%,,,B,CHEMBL4229448,CHEMBL220
CHEMBL4240861,COc1ccc2c(c1)C/C(=C/c1ccccc1-c1ccc3nc(N)ccc3c1)C2=O,Inhibition,,,%,,,B,CHEMBL4229448,CHEMBL220
CHEMBL502,COc1cc2c(cc1OC)C(=O)C(CC1CCN(Cc3ccccc3)CC1)C2,Inhibition,,,%,,,B,CHEMBL4229448,CHEMBL220
CHEMBL4242675,C=Cc1oc2c(OCC)cccc2c(=O)c1CN(Cc1ccccc1)/C(=C/C(=O)OC)C(=O)OC,Inhibition,,,%,,,B,CHEMBL4229529,CHEMBL220
CHEMBL4238512,C=Cc1oc2ccc(Br)cc2c(=O)c1CN(Cc1ccccc1)/C(=C/C(=O)OC)C(=O)OC,Inhibition,=,9.1,%,,,B,CHEMBL4229529,CHEMBL220
CHEMBL4250143,C=Cc1oc2ccccc2c(=O)c1CN(Cc1ccccc1)/C(=C/C(=O)OC)C(=O)OC,Inhibition,=,3.8,%,,,B,CHEMBL4229529,CHEMBL220
CHEMBL4242210,C=Cc1oc2c(OCC)cccc2c(=O)c1CN(/C=C/C(C)=O)Cc1ccccc1,Inhibition,,,%,,,B,CHEMBL4229529,CHEMBL220
CHEMBL4250287,C=Cc1oc2ccc(Br)cc2c(=O)c1CN(/C=C/C(C)=O)Cc1ccccc1,Inhibition,=,4.9,%,,,B,CHEMBL4229529,CHEMBL220
CHEMBL4246032,C=Cc1oc2ccccc2c(=O)c1CN(/C=C/C(C)=O)Cc1ccccc1,Inhibition,=,4.2,%,,,B,CHEMBL4229529,CHEMBL220
CHEMBL4239718,C=Cc1oc2c(OCC)cccc2c(=O)c1CN(C)/C=C/C(=O)OC,Inhibition,,,%,,,B,CHEMBL4229529,CHEMBL220
CHEMBL4249829,C=Cc1oc2ccc(Br)cc2c(=O)c1CN(C)/C=C/C(=O)OC,Inhibition,=,6.7,%,,,B,CHEMBL4229529,CHEMBL220
CHEMBL4237467,C=Cc1oc2ccccc2c(=O)c1CN(C)/C=C/C(=O)OC,Inhibition,,,%,,,B,CHEMBL4229529,CHEMBL220
CHEMBL4241628,C=Cc1oc2c(OCC)cccc2c(=O)c1CN(/C=C/C(=O)OC)Cc1ccccc1,Inhibition,,,%,,,B,CHEMBL4229529,CHEMBL220
CHEMBL4240365,C=Cc1oc2ccc(Br)cc2c(=O)c1CN(/C=C/C(=O)OC)Cc1ccccc1,Inhibition,=,8.9,%,,,B,CHEMBL4229529,CHEMBL220
CHEMBL4244573,C=Cc1oc2ccccc2c(=O)c1CN(/C=C/C(=O)OC)Cc1ccccc1,Inhibition,=,4.8,%,,,B,CHEMBL4229529,CHEMBL220
CHEMBL4250510,CCOc1cccc2c(=O)c3c(oc12)CCN(C)C3,Inhibition,=,3.2,%,,,B,CHEMBL4229529,CHEMBL220
CHEMBL4248378,CN1CCc2oc3ccc(Br)cc3c(=O)c2C1,Inhibition,=,6.8,%,,,B,CHEMBL4229529,CHEMBL220
CHEMBL4241100,CCOc1cccc2c(=O)c3c(oc12)CCN(Cc1ccccc1)C3,Inhibition,=,8.0,%,,,B,CHEMBL4229529,CHEMBL220
CHEMBL4250950,O=c1c2c(oc3ccc(Br)cc13)CCN(Cc1ccccc1)C2,Inhibition,=,10.7,%,,,B,CHEMBL4229529,CHEMBL220
CHEMBL4244773,O=c1c2c(oc3ccccc13)CCN(Cc1ccccc1)C2,Inhibition,=,5.5,%,,,B,CHEMBL4229529,CHEMBL220
CHEMBL4247106,CN1CCc2oc3ccccc3c(=O)c2C1,Inhibition,,,%,,,B,CHEMBL4229529,CHEMBL220
CHEMBL1231178,O=[N+]([O-])c1ccc(OP(=O)(O)Oc2ccc([N+](=O)[O-])cc2)cc1,Inhibition,,,%,,,B,CHEMBL4229529,CHEMBL220
CHEMBL4250314,CCOc1cccc2c(=O)c3c(oc12)CCN(/C(=C/C(=O)OC)C(=O)OC)C3,Inhibition,=,12.5,%,,,B,CHEMBL4229529,CHEMBL220
CHEMBL4238937,COC(=O)/C=C(\C(=O)OC)N1CCc2oc3ccc(Br)cc3c(=O)c2C1,Inhibition,=,11.9,%,,,B,CHEMBL4229529,CHEMBL220
CHEMBL4248994,COC(=O)/C=C(\C(=O)OC)N1CCc2oc3ccccc3c(=O)c2C1,Inhibition,,,%,,,B,CHEMBL4229529,CHEMBL220
CHEMBL4283651,O=C(Cc1c[nH]c2ccccc12)NCCC1CCN(Cc2ccccc2)CC1,Inhibition,,,%,,,B,CHEMBL4251652,CHEMBL220
CHEMBL4278686,COc1nc(-c2ccnc(NC(=O)C3CC3)c2)sc1C(=O)NCCCNc1c2c(nc3ccccc13)CCCC2,Inhibition,,,%,,,B,CHEMBL4251692,CHEMBL220
CHEMBL4293612,CN(C)CCOC(=O)/C=C/c1ccc2occ(C(=O)Nc3cccc(Cl)c3)c(=O)c2c1,Inhibition,,,%,,,B,CHEMBL4265951,CHEMBL220
CHEMBL4282350,Cc1ccc(NC(=O)c2coc3ccc(/C=C/C(=O)OCCN(C)C)cc3c2=O)cc1C,Inhibition,,,%,,,B,CHEMBL4265951,CHEMBL220
CHEMBL4290227,CCN(CC)CCOC(=O)/C=C/c1ccc2occ(C(=O)Nc3ccccc3)c(=O)c2c1,Inhibition,,,%,,,B,CHEMBL4265951,CHEMBL220
CHEMBL4289106,O=C(O)/C=C/c1ccc2oc(C(=O)Nc3ccc(Cl)cc3)cc(=O)c2c1,Inhibition,,,%,,,B,CHEMBL4265951,CHEMBL220
CHEMBL4281228,O=C(O)/C=C/c1ccc2oc(C(=O)Nc3cccc(Cl)c3)cc(=O)c2c1,Inhibition,,,%,,,B,CHEMBL4265951,CHEMBL220
CHEMBL4295227,Cc1ccc(NC(=O)c2cc(=O)c3cc(/C=C/C(=O)O)ccc3o2)cc1C,Inhibition,,,%,,,B,CHEMBL4265951,CHEMBL220
CHEMBL4280058,Cc1ccc(NC(=O)c2coc3ccc(/C=C/C(=O)O)cc3c2=O)cc1,Inhibition,,,%,,,B,CHEMBL4265951,CHEMBL220
CHEMBL4283520,O=C(O)/C=C/c1ccc2occ(C(=O)Nc3ccc(Cl)cc3)c(=O)c2c1,Inhibition,,,%,,,B,CHEMBL4265951,CHEMBL220
CHEMBL4291362,O=C(O)/C=C/c1ccc2occ(C(=O)Nc3cccc(Cl)c3)c(=O)c2c1,Inhibition,,,%,,,B,CHEMBL4265951,CHEMBL220
CHEMBL4286877,Cc1ccc(NC(=O)c2coc3ccc(/C=C/C(=O)O)cc3c2=O)cc1C,Inhibition,,,%,,,B,CHEMBL4265951,CHEMBL220
CHEMBL4292235,Cc1ccc(NC(=O)c2cc(=O)c3cc(/C=C/C(=O)OCCN(C)C)ccc3o2)cc1,Inhibition,,,%,,,B,CHEMBL4265951,CHEMBL220
CHEMBL4284931,O=C(COc1ccc(-c2ccccc2)cc1)N1CCCCC1,Inhibition,,,%,,,A,CHEMBL4265992,CHEMBL220
CHEMBL4282593,O=C(COc1ccc(-c2ccccc2)cc1)N1CCOCC1,Inhibition,,,%,,,A,CHEMBL4265992,CHEMBL220
CHEMBL4282357,Cc1cccc2c1ccc1c3occ(C)c3c(=O)oc(=O)c21,Inhibition,=,47.0,%,,,B,CHEMBL4266021,CHEMBL220
CHEMBL4290236,Cc1coc2c1c(=O)oc(=O)c1c3c(ccc12)C(C)(C)CCC3,Inhibition,=,65.0,%,,,B,CHEMBL4266021,CHEMBL220
CHEMBL4285759,Cc1cccc2c1ccc1c3c(c(=O)oc(=O)c12)[C@@H](C)CO3,Inhibition,=,66.0,%,,,B,CHEMBL4266021,CHEMBL220
CHEMBL4293626,C[C@H]1COc2c1c(=O)oc(=O)c1c3c(ccc21)C(C)(C)CCC3,Inhibition,=,68.0,%,,,B,CHEMBL4266021,CHEMBL220
CHEMBL4280224,CCN(CC)Cc1cc(N)ccc1O.Cl.Cl,Inhibition,,,%,,,A,CHEMBL4270596,CHEMBL220
CHEMBL4282163,Cl.Cl.Nc1ccc(O)c(CN2CCCC2)c1,Inhibition,,,%,,,A,CHEMBL4270596,CHEMBL220
CHEMBL4280224,CCN(CC)Cc1cc(N)ccc1O.Cl.Cl,Inhibition,,,%,,,A,CHEMBL4270596,CHEMBL220
CHEMBL4282163,Cl.Cl.Nc1ccc(O)c(CN2CCCC2)c1,Inhibition,,,%,,,A,CHEMBL4270596,CHEMBL220
CHEMBL4278298,CC(C)(C)c1cc(C(=O)NC2CCN(Cc3ccccc3)CC2)cc(C(C)(C)C)c1O,Inhibition,=,20.09,%,,,B,CHEMBL4270597,CHEMBL220
CHEMBL4288456,CC(C)(C)c1cc(C(=O)NCC2CCN(Cc3ccccc3)CC2)cc(C(C)(C)C)c1O,Inhibition,=,15.71,%,,,B,CHEMBL4270597,CHEMBL220
CHEMBL4280244,CC(C)(C)c1cc(C(=O)NCCC2CCN(Cc3ccccc3)CC2)cc(C(C)(C)C)c1O,Inhibition,=,34.07,%,,,B,CHEMBL4270597,CHEMBL220
CHEMBL4289509,CC(C)(C)c1cc(CCC(=O)NC2CCN(Cc3ccccc3)CC2)cc(C(C)(C)C)c1O,Inhibition,=,30.18,%,,,B,CHEMBL4270597,CHEMBL220
CHEMBL4278832,CC(C)(C)c1cc(CCC(=O)NCC2CCN(Cc3ccccc3)CC2)cc(C(C)(C)C)c1O,Inhibition,=,12.62,%,,,B,CHEMBL4270597,CHEMBL220
CHEMBL4279917,CC(C)(C)c1cc(/C=C/C(=O)NC2CCN(Cc3ccccc3)CC2)cc(C(C)(C)C)c1O,Inhibition,=,27.71,%,,,B,CHEMBL4270597,CHEMBL220
CHEMBL4291237,CC(C)(C)c1cc(/C=C/C(=O)NCC2CCN(Cc3ccccc3)CC2)cc(C(C)(C)C)c1O,Inhibition,=,28.14,%,,,B,CHEMBL4270597,CHEMBL220
CHEMBL4294635,CC(C)(C)c1cc(C(=O)CNC2CCN(Cc3ccccc3)CC2)cc(C(C)(C)C)c1O,Inhibition,=,43.39,%,,,B,CHEMBL4270597,CHEMBL220
CHEMBL78010,COc1ccc(-c2cc(=O)c3c(O)c(OC)c(O)cc3o2)cc1,Inhibition,=,37.8,%,,,B,CHEMBL4308916,CHEMBL220
CHEMBL4541746,Cc1cc(=O)n(C)c(=O)n1CCCCCn1cnc(C(=O)NO)n1,Inhibition,,,%,,,B,CHEMBL4312008,CHEMBL220
CHEMBL4441833,Cc1cc(=O)n(C)c(=O)n1CCCCn1cnc(C(=O)NO)n1,Inhibition,,,%,,,B,CHEMBL4312008,CHEMBL220
CHEMBL659,COc1ccc2c3c1O[C@H]1C[C@@H](O)C=C[C@@]31CCN(C)C2,Inhibition,=,98.89,%,,,B,CHEMBL4316628,CHEMBL220
CHEMBL4516315,COC1=CC(=O)C(OC)(OC)C=C1[C@@]1(O)C(=O)c2ccc3c(c2O[C@@H]1CO)C=CC(C)(C)O3,Inhibition,=,13.31,%,,,B,CHEMBL4316628,CHEMBL220
CHEMBL240545,C=C(C)[C@H]1Cc2c(ccc3c2O[C@@H]2COc4cc(OC)c(OC)cc4[C@]2(O)C3=O)O1,Inhibition,=,27.63,%,,,B,CHEMBL4316628,CHEMBL220
CHEMBL4550657,CC1(C)C=Cc2c(ccc3c2OC(c2ccc(O)cc2)CC3=O)O1,Inhibition,=,21.22,%,,,B,CHEMBL4316628,CHEMBL220
CHEMBL3311040,COc1ccc(-c2coc3c4c(ccc3c2=O)OC(C)(C)C=C4)cc1OC,Inhibition,=,39.93,%,,,B,CHEMBL4316628,CHEMBL220
CHEMBL3311038,COc1cc(OC)c(-c2coc3c4c(ccc3c2=O)OC(C)(C)C=C4)cc1OC,Inhibition,=,23.56,%,,,B,CHEMBL4316628,CHEMBL220
CHEMBL241806,COc1cc2c(cc1OC)[C@]1(O)C(=O)c3ccc4c(c3O[C@@H]1CO2)C=CC(C)(C)O4,Inhibition,=,30.0,%,,,B,CHEMBL4316628,CHEMBL220
CHEMBL393417,COc1cc2c(cc1OC)[C@@H]1C(=O)c3ccc4c(c3O[C@@H]1CO2)C=CC(C)(C)O4,Inhibition,=,33.52,%,,,B,CHEMBL4316628,CHEMBL220
CHEMBL362378,CC1(C)C=Cc2c(ccc(C(=O)/C=C/c3ccc(O)cc3)c2O)O1,Inhibition,=,83.15,%,,,B,CHEMBL4316628,CHEMBL220
CHEMBL4578305,COc1ccc(C2CC(=O)c3ccc4c(c3O2)C=CC(C)(C)O4)cc1,Inhibition,=,36.42,%,,,B,CHEMBL4316628,CHEMBL220
CHEMBL369768,COc1ccc(/C=C/C(=O)c2ccc3c(c2O)C=CC(C)(C)O3)cc1,Inhibition,=,47.44,%,,,B,CHEMBL4316628,CHEMBL220
CHEMBL659,COc1ccc2c3c1O[C@H]1C[C@@H](O)C=C[C@@]31CCN(C)C2,Inhibition,=,98.89,%,,,B,CHEMBL4316628,CHEMBL220
CHEMBL4530184,CN1c2ccc(OC(=O)NCCCCCCN3CCN(C(=O)OC(C)(C)C)CC3)cc2CN2CCc3ccccc3C21,Inhibition,=,70.6,%,,,B,CHEMBL4321822,CHEMBL220
CHEMBL4457445,CN1c2ccc(OC(=O)NCCCCCCn3ccnc3)cc2CN2CCc3ccccc3C21,Inhibition,=,9.1,%,,,B,CHEMBL4321822,CHEMBL220
CHEMBL4458430,CN1c2ccc(OC(=O)NCCCCCCn3cnc4ccccc43)cc2CN2CCc3ccccc3C21,Inhibition,=,28.8,%,,,B,CHEMBL4321822,CHEMBL220
CHEMBL4440639,CN1c2ccc(OC(=O)NCCCCCCCCCCN3CCc4ccccc4C3)cc2CN2CCc3ccccc3C21,Inhibition,=,5.7,%,,,B,CHEMBL4321822,CHEMBL220
CHEMBL4467762,CN1c2ccc(OC(=O)NCCCCCCCCN3CCc4ccccc4C3)cc2CN2CCc3ccccc3C21,Inhibition,=,6.2,%,,,B,CHEMBL4321822,CHEMBL220
CHEMBL4538361,CN1c2ccc(OC(=O)NCCCCCCN3CCc4ccccc4C3)cc2CN2CCc3ccccc3C21,Inhibition,=,0.4,%,,,B,CHEMBL4321822,CHEMBL220
CHEMBL4457554,CN1c2ccc(OC(=O)NCCCCN3CCc4ccccc4C3)cc2CN2CCc3ccccc3C21,Inhibition,=,6.0,%,,,B,CHEMBL4321822,CHEMBL220
CHEMBL4554714,CN1c2ccc(OC(=O)NCCCN3CCc4ccccc4C3)cc2CN2CCc3ccccc3C21,Inhibition,=,6.4,%,,,B,CHEMBL4321822,CHEMBL220
CHEMBL4469668,CN1c2ccc(OC(=O)NCCN3CCc4ccccc4C3)cc2CN2CCc3ccccc3C21,Inhibition,=,3.9,%,,,B,CHEMBL4321822,CHEMBL220
CHEMBL4567099,CN1c2ccc(OC(=O)NCCCCCCCCCCN3CCOCC3)cc2CN2CCc3ccccc3C21,Inhibition,=,17.8,%,,,B,CHEMBL4321822,CHEMBL220
CHEMBL4566207,CN1c2ccc(OC(=O)NCCCCCCCCN3CCOCC3)cc2CN2CCc3ccccc3C21,Inhibition,=,13.6,%,,,B,CHEMBL4321822,CHEMBL220
CHEMBL4454960,CN1c2ccc(OC(=O)NCCCCCCN3CCOCC3)cc2CN2CCc3ccccc3C21,Inhibition,=,26.1,%,,,B,CHEMBL4321822,CHEMBL220
CHEMBL4559112,CN1c2ccc(OC(=O)NCCCCN3CCOCC3)cc2CN2CCc3ccccc3C21,Inhibition,=,16.3,%,,,B,CHEMBL4321822,CHEMBL220
CHEMBL4437800,CN1c2ccc(OC(=O)NCCCN3CCOCC3)cc2CN2CCc3ccccc3C21,Inhibition,=,2.1,%,,,B,CHEMBL4321822,CHEMBL220
CHEMBL4516376,CN1c2ccc(OC(=O)NCCN3CCOCC3)cc2CN2CCc3ccccc3C21,Inhibition,=,4.1,%,,,B,CHEMBL4321822,CHEMBL220
CHEMBL4554810,CN1c2ccc(OC(=O)NCCCCCCN3CCNCC3)cc2CN2CCc3ccccc3C21,Inhibition,=,35.5,%,,,B,CHEMBL4321822,CHEMBL220
CHEMBL54,O=C(CCCN1CCC(O)(c2ccc(Cl)cc2)CC1)c1ccc(F)cc1,Inhibition,,,%,,Not Determined,B,CHEMBL4325901,CHEMBL220
CHEMBL85251,CCCCN1CCC(CCC(=O)c2cc(Cl)c(N)cc2OC)CC1,Inhibition,,,%,,Not Determined,B,CHEMBL4325901,CHEMBL220
CHEMBL3417009,COc1cc(N)c(Cl)cc1C(=O)CCC1CCN(CC2CCCCC2)CC1,Inhibition,=,96.0,%,,,B,CHEMBL4325901,CHEMBL220
CHEMBL502,COc1cc2c(cc1OC)C(=O)C(CC1CCN(Cc3ccccc3)CC1)C2,Inhibition,=,98.0,%,,,B,CHEMBL4325901,CHEMBL220
CHEMBL4537101,COc1c(C(=O)CCC2CCN(CC3CCCCC3)CC2)cc(Cl)c2[nH]ccc12,Inhibition,=,95.0,%,,,B,CHEMBL4325901,CHEMBL220
CHEMBL4540355,COc1c(C(=O)CCC2CCN(Cc3ccccc3)CC2)cc(Cl)c2[nH]c([Si](C)(C)C)cc12,Inhibition,=,78.0,%,,,B,CHEMBL4325901,CHEMBL220
CHEMBL4526050,COc1c(C(=O)CCC2CCN(Cc3ccccc3)CC2)cc(Cl)c2[nH]ccc12,Inhibition,=,97.0,%,,,B,CHEMBL4325901,CHEMBL220
CHEMBL4444843,O=C(CCC1CCN(CC2CCCCC2)CC1)c1cc(Cl)c2[nH]ccc2c1,Inhibition,=,95.0,%,,,B,CHEMBL4325901,CHEMBL220
CHEMBL4585990,O=C(CCC1CCN(Cc2ccccc2)CC1)c1ccc2[nH]ccc2c1,Inhibition,=,98.0,%,,,B,CHEMBL4325901,CHEMBL220
CHEMBL4529710,O=C(CCC1CCN(CC2CCCCC2)CC1)c1ccc2[nH]ccc2c1,Inhibition,=,93.0,%,,,B,CHEMBL4325901,CHEMBL220
CHEMBL4562793,O=C(CCC1CCN(CC2CCCC2)CC1)c1ccc2[nH]ccc2c1,Inhibition,=,92.0,%,,,B,CHEMBL4325901,CHEMBL220
CHEMBL4567394,CCCCN1CCC(CCC(=O)c2ccc3[nH]ccc3c2)CC1,Inhibition,=,55.0,%,,,B,CHEMBL4325901,CHEMBL220
CHEMBL4454706,COc1c(C(=O)CCC2CCN(CC3CCCCC3)CC2)ccc2[nH]ccc12,Inhibition,=,96.0,%,,,B,CHEMBL4325901,CHEMBL220
CHEMBL4559904,COc1c(C(=O)CCC2CCN(CC3CCCCC3)CC2)cc(Cl)c2c1ccn2C,Inhibition,=,97.0,%,,,B,CHEMBL4325901,CHEMBL220
CHEMBL4541090,COc1c(C(=O)CCC2CCN(CC3CCCCC3)CC2)cc(Cl)c2c1ccn2Cc1ccccc1,Inhibition,=,87.0,%,,,B,CHEMBL4325901,CHEMBL220
CHEMBL4583738,COc1c(C(=O)CCC2CCN(CC3CCCCC3)CC2)cc(Cl)c2c1ccn2S(=O)(=O)c1ccccc1.O=C(O)/C=C/C(=O)O,Inhibition,=,74.0,%,,,B,CHEMBL4325901,CHEMBL220
CHEMBL4578844,O=C(CCC1CCN(CC2CCCCC2)CC1)c1ccc2c(ccn2Cc2ccccc2)c1,Inhibition,=,93.0,%,,,B,CHEMBL4325901,CHEMBL220
CHEMBL4537101,COc1c(C(=O)CCC2CCN(CC3CCCCC3)CC2)cc(Cl)c2[nH]ccc12,Inhibition,,,%,,,B,CHEMBL4325901,CHEMBL220
CHEMBL4456911,OC(CNc1ccc(Cl)cc1)CNc1ccc(-c2nc3ccccc3o2)cc1,Inhibition,=,11.2,%,,,B,CHEMBL4330060,CHEMBL220
CHEMBL4458648,S=C(NCc1ccccc1)NNc1c2c(nc3ccccc13)CCCC2,Inhibition,,,%,,,B,CHEMBL4339188,CHEMBL220
CHEMBL4458648,S=C(NCc1ccccc1)NNc1c2c(nc3ccccc13)CCCC2,Inhibition,,,%,,,B,CHEMBL4339188,CHEMBL220
CHEMBL4516936,c1cc(-c2nc3ccccc3[nH]2)nc(N2CCc3ccccc3C2)c1,Inhibition,=,10.1,%,,,B,CHEMBL4340508,CHEMBL220
CHEMBL4460596,Oc1ccc2nc(-c3cccc(N4CCc5ccccc5C4)n3)[nH]c2c1,Inhibition,=,7.5,%,,,B,CHEMBL4340508,CHEMBL220
CHEMBL4465753,COc1ccc2nc(-c3cccc(N4CCc5ccccc5C4)n3)[nH]c2c1,Inhibition,=,4.5,%,,,B,CHEMBL4340508,CHEMBL220
CHEMBL4526805,Fc1cc2nc(-c3cccc(N4CCc5ccccc5C4)n3)[nH]c2cc1F,Inhibition,=,7.2,%,,,B,CHEMBL4340508,CHEMBL220
CHEMBL4554770,FC(F)(F)Oc1ccc2nc(-c3cccc(N4CCc5ccccc5C4)n3)[nH]c2c1,Inhibition,=,7.6,%,,,B,CHEMBL4340508,CHEMBL220
CHEMBL4532443,Fc1ccc2nc(-c3cccc(N4CCc5ccccc5C4)n3)[nH]c2c1,Inhibition,=,6.6,%,,,B,CHEMBL4340508,CHEMBL220
CHEMBL4456372,CC(C)(C)c1ccc2nc(-c3cccc(N4CCc5ccccc5C4)n3)[nH]c2c1,Inhibition,=,24.6,%,,,B,CHEMBL4340508,CHEMBL220
CHEMBL4532096,Clc1ccc2nc(-c3cccc(N4CCc5ccccc5C4)n3)[nH]c2c1,Inhibition,=,24.3,%,,,B,CHEMBL4340508,CHEMBL220
CHEMBL4574899,FC(F)(F)c1ccc2nc(-c3cccc(N4CCc5ccccc5C4)n3)[nH]c2c1,Inhibition,=,20.4,%,,,B,CHEMBL4340508,CHEMBL220
CHEMBL4524445,COc1ccc2c(c1)CCN(c1cccc(-c3nc4ccc(OC)cc4[nH]3)n1)C2,Inhibition,=,4.7,%,,,B,CHEMBL4340508,CHEMBL220
CHEMBL4570988,Fc1ccc2c(c1)CCN(c1cccc(-c3nc4ccc(F)cc4[nH]3)n1)C2,Inhibition,=,19.9,%,,,B,CHEMBL4340508,CHEMBL220
CHEMBL4468258,c1cc(-c2nc3ccccc3[nH]2)cc(N2CCc3ccccc3C2)c1,Inhibition,=,6.3,%,,,B,CHEMBL4340508,CHEMBL220
CHEMBL4437598,Fc1ccc2nc(-c3cccc(N4CCc5ccccc5C4)c3)[nH]c2c1,Inhibition,=,9.5,%,,,B,CHEMBL4340508,CHEMBL220
CHEMBL4458644,Clc1ccc2nc(-c3cccc(N4CCc5ccccc5C4)c3)[nH]c2c1,Inhibition,=,3.4,%,,,B,CHEMBL4340508,CHEMBL220
CHEMBL4554927,Cc1ccc2nc(-c3cccc(N4CCc5ccccc5C4)c3)[nH]c2c1,Inhibition,=,5.0,%,,,B,CHEMBL4340508,CHEMBL220
CHEMBL4435059,COc1ccc2nc(-c3cccc(N4CCc5ccccc5C4)c3)[nH]c2c1,Inhibition,=,10.4,%,,,B,CHEMBL4340508,CHEMBL220
CHEMBL4463667,FC(F)(F)c1ccc2nc(-c3cccc(N4CCc5ccccc5C4)c3)[nH]c2c1,Inhibition,=,11.9,%,,,B,CHEMBL4340508,CHEMBL220
CHEMBL4473983,Clc1cc2nc(-c3cccc(N4CCc5ccccc5C4)c3)[nH]c2cc1Cl,Inhibition,=,16.2,%,,,B,CHEMBL4340508,CHEMBL220
CHEMBL4457932,Fc1cc2[nH]c(-c3cccc(N4CCc5ccccc5C4)c3)nc2cc1Cl,Inhibition,=,10.9,%,,,B,CHEMBL4340508,CHEMBL220
CHEMBL4565769,Oc1ccc2nc(-c3cccc(N4CCc5ccccc5C4)c3)[nH]c2c1,Inhibition,=,11.2,%,,,B,CHEMBL4340508,CHEMBL220
CHEMBL4569064,Nc1cccc2nc(-c3cccc(N4CCc5ccccc5C4)c3)[nH]c12,Inhibition,=,4.8,%,,,B,CHEMBL4340508,CHEMBL220
CHEMBL4522104,COc1ccc2c(c1)CCN(c1cccc(-c3nc4ccc(OC)cc4[nH]3)c1)C2,Inhibition,=,6.0,%,,,B,CHEMBL4340508,CHEMBL220
CHEMBL4456928,c1ccc2c(NCc3ccc(-c4ccc(CNc5c6c(nc7ccccc57)CCCC6)cc4)cc3)c3c(nc2c1)CCCC3,Inhibition,=,61.8,%,,,B,CHEMBL4342404,CHEMBL220
CHEMBL4592066,O=C(NCCCCCCNc1c2c(nc3ccccc13)CCCC2)c1cc(O)c2c(c1)C(=O)c1cccc(O)c1C2=O,Inhibition,=,70.2,%,,,B,CHEMBL4342404,CHEMBL220
CHEMBL3235503,c1ccc2c(NCCSSCCNc3c4c(nc5ccccc35)CCCC4)c3c(nc2c1)CCCC3,Inhibition,=,52.6,%,,,B,CHEMBL4342404,CHEMBL220
CHEMBL4560073,C=C1[C@@]23C(=O)O[C@H](C)[C@]24O[C@@]2(C(=C)[C@]5(C=CC(=O)OC5(C)C)CC[C@]32C)[C@H](OC(C)=O)[C@@]1(C)OC4=O,Inhibition,,,%,,,B,CHEMBL4342445,CHEMBL220
CHEMBL4587938,C=C1[C@@]23C(=O)O[C@H](C)[C@]24O[C@@]2(C(=C)[C@]5(CCC(=O)OC5(C)C)C[C@@H](OC(=O)/C(C)=C/C)[C@]32C)[C@H](OC(C)=O)[C@@]1(C)OC4=O,Inhibition,,,%,,,B,CHEMBL4342445,CHEMBL220
CHEMBL4519119,C=C1[C@@]2(C)C[C@H]3[C@]4(C)C=CC(=O)OC(C)(C)[C@H]4CC[C@]3(C)[C@]1(C(=O)OC)C(=O)[C@@](C)(O)C2=O,Inhibition,,,%,,,B,CHEMBL4342445,CHEMBL220
CHEMBL4470910,C=C1[C@@]2(C(=O)OC)C(=O)[C@H](O)[C@]1(C)CC1=C(C)[C@]3(C=CC(=O)OC3(C)C)CC[C@@]12C,Inhibition,,,%,,,B,CHEMBL4342445,CHEMBL220
CHEMBL4533386,C=C1[C@@]2(C)CC3=C(C)[C@]4(C=CC(=O)OC4(C)C)CC[C@]3(C)[C@@]13C(=O)O[C@@H](C)[C@@]3(O)C2=O,Inhibition,,,%,,,B,CHEMBL4342445,CHEMBL220
CHEMBL4444570,C=C1[C@@]2(C)CC3=C(C)[C@]4(C=CC(=O)OC4(C)C)CC[C@]3(C)[C@@]13C(=O)O[C@H](C)[C@@]3(O)C2=O,Inhibition,,,%,,,B,CHEMBL4342445,CHEMBL220
CHEMBL4516815,C=C1[C@@]23C(=O)O[C@H](C)[C@@]2(O)C(=O)O[C@]1(C)[C@@H](OC(C)=O)C1=C(C)[C@]2(C=CC(=O)OC2(C)C)CC[C@@]13C,Inhibition,,,%,,,B,CHEMBL4342445,CHEMBL220
CHEMBL4443706,C=C1[C@@]2(C)C[C@]3(C)[C@](C)(CC[C@@H]4C(C)(C)OC(=O)C=C[C@]43C)[C@@]13C(=O)O[C@H](C)[C@@]3(O)C2=O,Inhibition,,,%,,,B,CHEMBL4342445,CHEMBL220
CHEMBL4526390,C=C1[C@]2(C)C(=O)[C@]3(O)[C@H](C)OC(=O)[C@]13[C@@]1(C)CC[C@@]3(C=CC(=O)OC3(C)C)C(C)=C1[C@@H]2OC(C)=O,Inhibition,,,%,,,B,CHEMBL4342445,CHEMBL220
CHEMBL4444497,COc1cc(NCc2ccc(Oc3c(N)cccc3Cl)cc2)cc(OC)c1OC,Inhibition,,,%,,,B,CHEMBL4346739,CHEMBL220
CHEMBL4444497,COc1cc(NCc2ccc(Oc3c(N)cccc3Cl)cc2)cc(OC)c1OC,Inhibition,,,%,,,B,CHEMBL4346739,CHEMBL220
CHEMBL4444497,COc1cc(NCc2ccc(Oc3c(N)cccc3Cl)cc2)cc(OC)c1OC,Inhibition,=,39.5,%,,,B,CHEMBL4346739,CHEMBL220
CHEMBL502,COc1cc2c(cc1OC)C(=O)C(CC1CCN(Cc3ccccc3)CC1)C2,Inhibition,=,40.9,%,,,B,CHEMBL4346739,CHEMBL220
CHEMBL4444497,COc1cc(NCc2ccc(Oc3c(N)cccc3Cl)cc2)cc(OC)c1OC,Inhibition,,,%,,Dose-dependent effect,B,CHEMBL4346739,CHEMBL220
CHEMBL1929421,C#CCN(C)Cc1cc2cc(OCCCC3CCN(Cc4ccccc4)CC3)ccc2n1C,Inhibition,=,32.4,%,,,B,CHEMBL4350982,CHEMBL220
CHEMBL3319244,O=C(Nc1ccc(Cl)c(Cl)c1)c1ccc2[nH]ncc2c1,Inhibition,=,21.6,%,,,B,CHEMBL4351013,CHEMBL220
CHEMBL3317469,O=C(Nc1ccc(F)c(Cl)c1)c1ccc2[nH]ncc2c1,Inhibition,=,26.4,%,,,B,CHEMBL4351013,CHEMBL220
CHEMBL3319247,O=C(Nc1ccc(Cl)c(F)c1)c1ccc2[nH]ncc2c1,Inhibition,=,14.2,%,,,B,CHEMBL4351013,CHEMBL220
CHEMBL3319254,O=C(Nc1cnc(Cl)c(Cl)c1)c1ccc2[nH]ncc2c1,Inhibition,=,6.87,%,,,B,CHEMBL4351013,CHEMBL220
CHEMBL3319256,Cn1ncc2cc(C(=O)Nc3ccc(Cl)c(Cl)c3)ccc21,Inhibition,=,17.9,%,,,B,CHEMBL4351013,CHEMBL220
CHEMBL4104691,COCCn1ncc2cc(C(=O)Nc3ccc(Cl)c(Cl)c3)ccc21,Inhibition,=,8.66,%,,,B,CHEMBL4351013,CHEMBL220
CHEMBL3319272,Clc1ccc(/N=C/c2ccc3[nH]ncc3c2)cc1Cl,Inhibition,=,11.1,%,,,B,CHEMBL4351013,CHEMBL220
CHEMBL4449231,Fc1ccc(/N=C/c2ccc3[nH]ncc3c2)cc1Cl,Inhibition,=,24.6,%,,,B,CHEMBL4351013,CHEMBL220
CHEMBL4567537,Fc1cc(/N=C/c2ccc3[nH]ncc3c2)ccc1Cl,Inhibition,=,9.69,%,,,B,CHEMBL4351013,CHEMBL220
CHEMBL4539722,Clc1cc(/N=C/c2ccc3[nH]ncc3c2)cnc1Cl,Inhibition,=,6.92,%,,,B,CHEMBL4351013,CHEMBL220
CHEMBL3319273,Cn1ncc2cc(/C=N/c3ccc(Cl)c(Cl)c3)ccc21,Inhibition,=,11.9,%,,,B,CHEMBL4351013,CHEMBL220
CHEMBL4466571,COCCn1ncc2cc(/C=N/c3ccc(Cl)c(Cl)c3)ccc21,Inhibition,=,6.91,%,,,B,CHEMBL4351013,CHEMBL220
CHEMBL659,COc1ccc2c3c1O[C@H]1C[C@@H](O)C=C[C@@]31CCN(C)C2,Inhibition,=,71.2,%,,,B,CHEMBL4351013,CHEMBL220
CHEMBL471980,CCOc1ccc(Cc2nc3cc(C(=O)N(CC)CC)ccc3n2CCC(C)C)cc1,Inhibition,<,10.0,%,,,B,CHEMBL4354814,CHEMBL220
CHEMBL95,Nc1c2c(nc3ccccc13)CCCC2,Inhibition,=,5.0,%,,,B,CHEMBL4354814,CHEMBL220
CHEMBL4456083,CCOc1ccc(Cc2nc3cc(C(=O)N(CC)CC)ccc3n2CCCCCCNc2c3c(nc4ccccc24)CCCC3)cc1,Inhibition,=,62.9,%,,,B,CHEMBL4354814,CHEMBL220
CHEMBL4441666,CCOc1ccc(Cc2nc3cc(C(=O)NCCCNc4c5c(nc6ccccc46)CCCC5)ccc3n2CCC(C)C)cc1,Inhibition,=,47.8,%,,,B,CHEMBL4354814,CHEMBL220
CHEMBL4447210,CCOc1ccc(Cc2nc3cc(C(=O)NCCSSCCNc4c5c(nc6ccccc46)CCCC5)ccc3n2CCC(C)C)cc1,Inhibition,=,5.0,%,,,B,CHEMBL4354814,CHEMBL220
CHEMBL4456811,COc1cc(N)c(Cl)cc1C(=O)CCC1CCN(Cc2ccc(OCc3ccccc3)c(OCc3ccccc3)c2)CC1,Inhibition,=,32.0,%,,,B,CHEMBL4359885,CHEMBL220
CHEMBL4526049,COc1cc(N)c(Cl)cc1C(=O)CCC1CCN(Cc2ccc(O)c(O)c2)CC1,Inhibition,=,70.0,%,,,B,CHEMBL4359885,CHEMBL220
CHEMBL4463522,COc1cc(N)c(Cl)cc1C(=O)CCC1CCN(Cc2ccc3c(c2)OCO3)CC1,Inhibition,=,41.0,%,,,B,CHEMBL4359885,CHEMBL220
CHEMBL4554225,COc1cc(CN2CCC(CCC(=O)c3cc(Cl)c(N)cc3OC)CC2)ccc1OCc1ccccc1,Inhibition,=,48.0,%,,,B,CHEMBL4359885,CHEMBL220
CHEMBL4527729,COc1cc(CN2CCC(CCC(=O)c3cc(Cl)c(N)cc3OC)CC2)ccc1O,Inhibition,=,67.0,%,,,B,CHEMBL4359885,CHEMBL220
CHEMBL4550930,COc1ccc(CN2CCC(CCC(=O)c3cc(Cl)c(N)cc3OC)CC2)cc1OCc1ccccc1,Inhibition,=,8.0,%,,,B,CHEMBL4359885,CHEMBL220
CHEMBL4580044,COc1ccc(CN2CCC(CCC(=O)c3cc(Cl)c(N)cc3OC)CC2)cc1O,Inhibition,=,11.0,%,,,B,CHEMBL4359885,CHEMBL220
CHEMBL4473833,COc1cc(N)c(Cl)cc1C(=O)CCC1CCN(CCNC(=O)CCCC[C@@H]2CCSS2)CC1,Inhibition,=,15.0,%,,,B,CHEMBL4359885,CHEMBL220
CHEMBL4457426,COc1cc(/C=C/C(=O)NCCN2CCC(CCC(=O)c3cc(Cl)c(N)cc3OC)CC2)ccc1O,Inhibition,=,23.0,%,,,B,CHEMBL4359885,CHEMBL220
CHEMBL502,COc1cc2c(cc1OC)C(=O)C(CC1CCN(Cc3ccccc3)CC1)C2,Inhibition,=,97.0,%,,,B,CHEMBL4359885,CHEMBL220
CHEMBL4587421,COc1ccc(-c2oc3ccccc3c2C(=O)c2ccc(OCCN(C)Cc3ccccc3)cc2)cc1,Inhibition,<,10.0,%,,,B,CHEMBL4364258,CHEMBL220
CHEMBL4527727,COc1ccc(-c2oc3ccccc3c2C(=O)c2ccc(OCCCN(C)Cc3ccccc3)cc2)cc1,Inhibition,<,10.0,%,,,B,CHEMBL4364258,CHEMBL220
CHEMBL4552932,COc1ccc(-c2oc3ccccc3c2C(=O)c2ccc(OCCCCN(C)Cc3ccccc3)cc2)cc1,Inhibition,<,10.0,%,,,B,CHEMBL4364258,CHEMBL220
CHEMBL4539701,COc1ccc(-c2oc3ccccc3c2C(=O)c2ccc(OCCCCCN(C)Cc3ccccc3)cc2)cc1,Inhibition,=,11.6,%,,,B,CHEMBL4364258,CHEMBL220
CHEMBL4464357,COc1ccc(-c2oc3ccccc3c2C(=O)c2ccc(NCc3ccccc3)cc2)cc1,Inhibition,<,10.0,%,,,B,CHEMBL4364258,CHEMBL220
CHEMBL4532907,COc1ccc(-c2oc3ccccc3c2C(=O)c2ccc(N(Cc3ccccc3)Cc3ccccc3)cc2)cc1,Inhibition,<,10.0,%,,,B,CHEMBL4364258,CHEMBL220
CHEMBL4442990,COc1ccc(-c2oc3ccccc3c2C(=O)c2ccc(NCc3ccc(F)cc3)cc2)cc1,Inhibition,<,10.0,%,,,B,CHEMBL4364258,CHEMBL220
CHEMBL4543379,COc1ccc(-c2oc3ccccc3c2C(=O)c2ccc(N(Cc3ccc(F)cc3)Cc3ccc(F)cc3)cc2)cc1,Inhibition,=,19.4,%,,,B,CHEMBL4364258,CHEMBL220
CHEMBL4530405,COc1ccc(-c2oc3ccccc3c2C(=O)c2ccc(N(C)Cc3ccc(F)cc3)cc2)cc1,Inhibition,<,10.0,%,,,B,CHEMBL4364258,CHEMBL220
CHEMBL4473103,COc1ccc(-c2oc3ccccc3c2C(=O)c2ccc(NCc3cc(F)cc(F)c3)cc2)cc1,Inhibition,<,10.0,%,,,B,CHEMBL4364258,CHEMBL220
CHEMBL4442586,COc1ccc(-c2oc3ccccc3c2C(=O)c2ccc(N(Cc3cc(F)cc(F)c3)Cc3cc(F)cc(F)c3)cc2)cc1,Inhibition,<,10.0,%,,,B,CHEMBL4364258,CHEMBL220
CHEMBL4566417,COc1ccc(-c2oc3ccccc3c2C(=O)c2ccc(NCc3ccccn3)cc2)cc1,Inhibition,<,10.0,%,,,B,CHEMBL4364258,CHEMBL220
CHEMBL4473425,COc1ccc(-c2oc3ccccc3c2C(=O)c2ccc(NCc3ccc(C#N)cc3)cc2)cc1,Inhibition,=,16.5,%,,,B,CHEMBL4364258,CHEMBL220
CHEMBL4537149,COc1ccc(CNc2ccc(C(=O)c3c(-c4ccc(OC)cc4)oc4ccccc34)cc2)cc1,Inhibition,<,10.0,%,,,B,CHEMBL4364258,CHEMBL220
CHEMBL4520615,COc1ccc(-c2oc3ccccc3c2C(=O)c2ccc(NCC3CC3)cc2)cc1,Inhibition,<,10.0,%,,,B,CHEMBL4364258,CHEMBL220
CHEMBL4454301,CCCCCNc1ccc(C(=O)c2c(-c3ccc(OC)cc3)oc3ccccc23)cc1,Inhibition,<,10.0,%,,,B,CHEMBL4364258,CHEMBL220
CHEMBL4471684,CCCCCCCNc1ccc(C(=O)c2c(-c3ccc(OC)cc3)oc3ccccc23)cc1,Inhibition,<,10.0,%,,,B,CHEMBL4364258,CHEMBL220
CHEMBL4540286,COc1ccc(-c2oc3ccccc3c2C(=O)c2ccc(-n3cc(COc4cccc(F)c4)nn3)cc2)cc1,Inhibition,<,10.0,%,,,B,CHEMBL4364258,CHEMBL220
CHEMBL659,COc1ccc2c3c1O[C@H]1C[C@@H](O)C=C[C@@]31CCN(C)C2,Inhibition,>,90.0,%,,,B,CHEMBL4364258,CHEMBL220
CHEMBL4474399,Cc1ccc2oc(-c3ccc(OCCCCCCN4CCCCC4)cc3)cc(=O)c2c1,Inhibition,,,%,,,B,CHEMBL4373738,CHEMBL220
CHEMBL4476621,O=C(NNC(=S)Nc1ccc(Cl)c(Cl)c1)c1ccccc1O,Inhibition,<=,30.0,%,,,B,CHEMBL4382202,CHEMBL220
CHEMBL4448872,O=c1[nH]c(N2CCC3(CC2)CN(CCO)c2cc(F)cc(F)c23)nc2c1CCCC2,Inhibition,>,20.0,%,,,B,CHEMBL4387706,CHEMBL220
CHEMBL2152070,COc1ccc(F)c(-c2ccc(COc3cccc([C@@H](CC(=O)O)C4CC4)c3)cc2C2=CCCC2(C)C)c1,Inhibition,=,52.0,%,,,B,CHEMBL4387733,CHEMBL220
CHEMBL4572891,COc1ccc(F)c(-c2ccc3c(c2)CC[C@H]3Oc2cccc([C@H](C3CC3)[C@H](C)C(=O)O)c2)c1,Inhibition,=,52.0,%,,,B,CHEMBL4387733,CHEMBL220
CHEMBL521,CC(C)Cc1ccc(C(C)C(=O)O)cc1,Inhibition,=,61.19,%,,,B,CHEMBL4390636,CHEMBL220
CHEMBL21,Nc1ccc(S(N)(=O)=O)cc1,Inhibition,=,10.19,%,,,B,CHEMBL4390636,CHEMBL220
CHEMBL4439928,CC(C)Cc1ccc(C(C)C(=O)NS(=O)(=O)c2ccc(N)cc2)cc1,Inhibition,=,47.21,%,,,B,CHEMBL4390636,CHEMBL220
CHEMBL32823,c1ccc2c(NCCCCCCCNc3c4c(nc5ccccc35)CCCC4)c3c(nc2c1)CCCC3,Inhibition,=,66.7,%,,,B,CHEMBL4390667,CHEMBL220
CHEMBL4580660,O=C1C=C(NC(Cc2c[nH]c3ccccc23)C(=O)O)C(=O)c2ccccc21,Inhibition,=,34.2,%,,,B,CHEMBL4390667,CHEMBL220
CHEMBL502,COc1cc2c(cc1OC)C(=O)C(CC1CCN(Cc3ccccc3)CC1)C2,Inhibition,=,22.0,%,,,B,CHEMBL4390667,CHEMBL220
CHEMBL3957176,O=C1C=C(N[C@@H](Cc2c[nH]c3ccccc23)C(=O)O)C(=O)c2ccccc21,Inhibition,=,29.4,%,,,B,CHEMBL4390667,CHEMBL220
CHEMBL4559593,Cl.Cl.NC(Cc1c[nH]c2ccccc12)C(=O)NCCCCCCNc1c2c(nc3cc(Cl)ccc13)CCCC2,Inhibition,=,45.3,%,,,B,CHEMBL4390667,CHEMBL220
CHEMBL4449083,Cl.Cl.N[C@H](Cc1c[nH]c2ccccc12)C(=O)NCCCCCCNc1c2c(nc3cc(Cl)ccc13)CCCC2,Inhibition,=,36.7,%,,,B,CHEMBL4390667,CHEMBL220
CHEMBL4556281,Cl.Cl.N[C@@H](Cc1c[nH]c2ccccc12)C(=O)NCCCCCCNc1c2c(nc3cc(Cl)ccc13)CCCC2,Inhibition,=,48.3,%,,,B,CHEMBL4390667,CHEMBL220
CHEMBL95,Nc1c2c(nc3ccccc13)CCCC2,Inhibition,=,8.1,%,,,B,CHEMBL4390667,CHEMBL220
CHEMBL4519496,Brc1ccc(-c2nnn3c2C2c4ccccc4CCN2Cc2ccccc2-3)cc1,Inhibition,<=,95.0,%,,,B,CHEMBL4392850,CHEMBL220
CHEMBL1200569,Cn1c(=O)c2c(ncn2C)n(C)c1=O.O=C(O)CC(O)(CC(=O)O)C(=O)O,Inhibition,,,%,,Dose-dependent effect,B,CHEMBL4392850,CHEMBL220
CHEMBL4554996,c1ccc(-c2nnn3c2C2CCCCN2Cc2cc4c(cc2-3)OCO4)cc1,Inhibition,,,%,,Dose-dependent effect,B,CHEMBL4392850,CHEMBL220
CHEMBL4576139,c1ccc(-c2nnn3c2C2CCCN2Cc2cc4c(cc2-3)OCO4)cc1,Inhibition,,,%,,Dose-dependent effect,B,CHEMBL4392850,CHEMBL220
CHEMBL4437448,c1ccc(-c2nnn3c2C2c4ccccc4CCN2Cc2cc4c(cc2-3)OCO4)cc1,Inhibition,,,%,,Dose-dependent effect,B,CHEMBL4392850,CHEMBL220
CHEMBL4519496,Brc1ccc(-c2nnn3c2C2c4ccccc4CCN2Cc2ccccc2-3)cc1,Inhibition,,,%,,Dose-dependent effect,B,CHEMBL4392850,CHEMBL220
CHEMBL4527412,Fc1ccc(-c2nnn3c2C2c4ccccc4CCN2Cc2ccccc2-3)cc1,Inhibition,,,%,,Dose-dependent effect,B,CHEMBL4392850,CHEMBL220
CHEMBL4452323,Cc1ccc(-c2nnn3c2C2c4ccccc4CCN2Cc2ccccc2-3)cc1,Inhibition,,,%,,Dose-dependent effect,B,CHEMBL4392850,CHEMBL220
CHEMBL4452426,c1ccc(-c2nnn3c2C2c4ccccc4CCN2Cc2ccccc2-3)cc1,Inhibition,,,%,,Dose-dependent effect,B,CHEMBL4392850,CHEMBL220
CHEMBL3116280,COc1ccc(COc2nn(CCN(C(C)C)C(C)C)c3ccccc23)cc1,Inhibition,=,24.0,%,,,B,CHEMBL4400519,CHEMBL220
CHEMBL4544025,O=C(c1cccc(Cl)c1F)n1nc(OCCCN2CCCCC2)c2ccccc21,Inhibition,=,48.0,%,,,B,CHEMBL4400519,CHEMBL220
CHEMBL4584023,O=C(c1ccccc1OCc1ccccc1)n1nc(OCCCN2CCCCC2)c2ccccc21,Inhibition,=,31.0,%,,,B,CHEMBL4400519,CHEMBL220
CHEMBL4476861,O=C(c1cccc2ccccc12)n1nc(OCCCN2CCCC2)c2ccccc21,Inhibition,=,35.0,%,,,B,CHEMBL4400519,CHEMBL220
CHEMBL4461027,O=C(c1cccc2ccccc12)n1nc(OCCN2CCCCC2)c2ccccc21,Inhibition,=,37.0,%,,,B,CHEMBL4400519,CHEMBL220
CHEMBL4444855,O=C(c1cccc2ccccc12)n1nc(OCCCN2CCCCC2)c2ccccc21,Inhibition,=,43.0,%,,,B,CHEMBL4400519,CHEMBL220
CHEMBL4435236,O=C(c1ccc2ccccc2c1)n1nc(OCCN2CCCCC2)c2ccccc21,Inhibition,=,43.0,%,,,B,CHEMBL4400519,CHEMBL220
CHEMBL4468385,O=C(c1ccc2ccccc2c1)n1nc(OCCCN2CCCCC2)c2ccccc21,Inhibition,=,33.0,%,,,B,CHEMBL4400519,CHEMBL220
CHEMBL4565602,O=C(Cc1ccc(Cl)cc1)n1nc(OCCCN2CCCCC2)c2ccccc21,Inhibition,=,43.0,%,,,B,CHEMBL4400519,CHEMBL220
CHEMBL4460528,COc1ccc(CC(=O)n2nc(OCCCN3CCCCC3)c3ccccc32)cc1,Inhibition,=,43.0,%,,,B,CHEMBL4400519,CHEMBL220
CHEMBL4473072,CC(C)(O)[C@H]1CC[C@H](NC(=O)c2cnc3cc(OC(F)F)ccc3c2)CC1,Inhibition,,,%,,,B,CHEMBL4400569,CHEMBL220
CHEMBL4475685,Cc1ccc(N/N=C(\C(=O)O)C(=O)C(F)(F)F)cc1,Inhibition,,,%,,,B,CHEMBL4406877,CHEMBL220
CHEMBL4438172,COc1ccc(N/N=C(\C(=O)O)C(=O)C(F)(F)F)cc1,Inhibition,,,%,,,B,CHEMBL4406877,CHEMBL220
CHEMBL4585339,CCOC(=O)c1ccc(N/N=C(\C(=O)O)C(=O)C(F)(F)F)cc1,Inhibition,=,8.1,%,,,B,CHEMBL4406877,CHEMBL220
CHEMBL4564380,CCOC(=O)c1ccccc1N/N=C(\C(=O)O)C(=O)C(F)(F)F,Inhibition,=,16.5,%,,,B,CHEMBL4406877,CHEMBL220
CHEMBL4461638,O=C(O)/C(=N\Nc1ccc([N+](=O)[O-])cc1)C(=O)C(F)(F)F,Inhibition,=,6.1,%,,,B,CHEMBL4406877,CHEMBL220
CHEMBL4529996,CC(=O)/C(=N/Nc1ccc(C)cc1)C(=O)O,Inhibition,,,%,,,B,CHEMBL4406877,CHEMBL220
CHEMBL4468853,COc1ccc(N/N=C(/C(C)=O)C(=O)O)cc1,Inhibition,,,%,,,B,CHEMBL4406877,CHEMBL220
CHEMBL1231178,O=[N+]([O-])c1ccc(OP(=O)(O)Oc2ccc([N+](=O)[O-])cc2)cc1,Inhibition,,,%,,,B,CHEMBL4406877,CHEMBL220
CHEMBL153,Cc1c(C)c2c(c(C)c1O)CCC(C)(C(=O)O)O2,Inhibition,,,%,,Not Determined,B,CHEMBL4406877,CHEMBL220
CHEMBL196,O=C1O[C@H]([C@@H](O)CO)C(O)=C1O,Inhibition,,,%,,Not Determined,B,CHEMBL4406877,CHEMBL220
CHEMBL4473505,Cc1cc(CSCCc2nc3ccccc3[nH]2)c(O)c(CSCCc2nc3ccccc3[nH]2)c1,Inhibition,,,%,,,B,CHEMBL4406906,CHEMBL220
CHEMBL1410004,c1ccc2c(CN3CCN(Cc4c[nH]c5ccccc45)CC3)c[nH]c2c1,Inhibition,,,%,,,B,CHEMBL4406906,CHEMBL220
CHEMBL4564473,c1ccc2[nH]c(CN(CCN(Cc3nc4ccccc4[nH]3)Cc3nc4ccccc4[nH]3)Cc3nc4ccccc4[nH]3)nc2c1,Inhibition,,,%,,,B,CHEMBL4406906,CHEMBL220
CHEMBL4563313,c1ccc2[nH]c(SCCSc3nc4ccccc4[nH]3)nc2c1,Inhibition,,,%,,,B,CHEMBL4406906,CHEMBL220
CHEMBL363352,CC/C=C\COC1(c2ccc(Cl)cc2)SC=C(C)n2c1noc2=O,Inhibition,,,%,,Dose-dependent effect,B,CHEMBL4422616,CHEMBL220
CHEMBL4578033,CCn1c2ccccc2c2cc(C3C(C(=O)OCC4CCCO4)=C(C)NC4=C3C(=O)CCC4)ccc21,Inhibition,,,%,,,B,CHEMBL4431320,CHEMBL220
CHEMBL4583534,FC(F)(F)c1ccc(CNC2CCN(Cc3ccccc3)CC2)cc1,Inhibition,,,%,,,B,CHEMBL4433202,CHEMBL220
CHEMBL4452092,O=[N+]([O-])c1ccc(/C=N/C2CCN(Cc3ccccc3)CC2)cc1,Inhibition,=,15.0,%,,,B,CHEMBL4433202,CHEMBL220
CHEMBL4575167,FC(F)(F)c1ccc(/C=N/C2CCN(Cc3ccccc3)CC2)cc1,Inhibition,=,12.4,%,,,B,CHEMBL4433202,CHEMBL220
CHEMBL4442580,O=[N+]([O-])c1ccc(CNC2CCN(Cc3ccccc3)CC2)cc1,Inhibition,=,23.6,%,,,B,CHEMBL4433202,CHEMBL220
CHEMBL4583534,FC(F)(F)c1ccc(CNC2CCN(Cc3ccccc3)CC2)cc1,Inhibition,=,27.2,%,,,B,CHEMBL4433202,CHEMBL220
CHEMBL502,COc1cc2c(cc1OC)C(=O)C(CC1CCN(Cc3ccccc3)CC1)C2,Inhibition,=,22.6,%,,,B,CHEMBL4433202,CHEMBL220
CHEMBL4452092,O=[N+]([O-])c1ccc(/C=N/C2CCN(Cc3ccccc3)CC2)cc1,Inhibition,=,20.0,%,,,B,CHEMBL4433202,CHEMBL220
CHEMBL4575167,FC(F)(F)c1ccc(/C=N/C2CCN(Cc3ccccc3)CC2)cc1,Inhibition,=,19.3,%,,,B,CHEMBL4433202,CHEMBL220
CHEMBL4442580,O=[N+]([O-])c1ccc(CNC2CCN(Cc3ccccc3)CC2)cc1,Inhibition,=,33.8,%,,,B,CHEMBL4433202,CHEMBL220
CHEMBL4583534,FC(F)(F)c1ccc(CNC2CCN(Cc3ccccc3)CC2)cc1,Inhibition,=,37.6,%,,,B,CHEMBL4433202,CHEMBL220
CHEMBL502,COc1cc2c(cc1OC)C(=O)C(CC1CCN(Cc3ccccc3)CC1)C2,Inhibition,=,33.6,%,,,B,CHEMBL4433202,CHEMBL220
CHEMBL4570655,Cc1ccc(-c2nc(NC(=O)C3CCN(Cc4ccccc4C)CC3)sc2-c2ccc(C)cc2)cc1,Inhibition,,,%,,Not Determined,B,CHEMBL4477206,CHEMBL220
CHEMBL4533844,Cc1ccc(-c2nc(NC(=O)C3CCN(Cc4ccccc4C(F)(F)F)CC3)sc2-c2ccc(C)cc2)cc1,Inhibition,,,%,,Not Determined,B,CHEMBL4477206,CHEMBL220
CHEMBL4554172,Cc1ccc(-c2nc(NC(=O)C3CCN(Cc4cccc(F)c4)CC3)sc2-c2ccc(C)cc2)cc1,Inhibition,,,%,,Not Determined,B,CHEMBL4477206,CHEMBL220
CHEMBL4535218,Cc1ccc(-c2nc(NC(=O)C3CCN(Cc4cc(F)cc(F)c4)CC3)sc2-c2ccc(C)cc2)cc1,Inhibition,,,%,,Not Determined,B,CHEMBL4477206,CHEMBL220
CHEMBL4578266,Cc1ccc(-c2nc(NC(=O)C3CCN(Cc4ccc(F)cc4Cl)CC3)sc2-c2ccc(C)cc2)cc1,Inhibition,,,%,,Not Determined,B,CHEMBL4477206,CHEMBL220
CHEMBL4573793,Cc1ccc(-c2nc(NC(=O)C3CCN(Cc4c(F)cccc4Cl)CC3)sc2-c2ccc(C)cc2)cc1,Inhibition,,,%,,Not Determined,B,CHEMBL4477206,CHEMBL220
CHEMBL4535748,Cc1ccc(-c2nc(NC(=O)C3CCN(Cc4ccc(C#N)cc4)CC3)sc2-c2ccc(C)cc2)cc1,Inhibition,,,%,,Not Determined,B,CHEMBL4477206,CHEMBL220
CHEMBL4572079,Cc1ccc(-c2nc(NC(=O)C3CCN(Cc4ccc([N+](=O)[O-])cc4)CC3)sc2-c2ccc(C)cc2)cc1,Inhibition,,,%,,Not Determined,B,CHEMBL4477206,CHEMBL220
CHEMBL4548883,Cc1ccc(-c2nc(NC(=O)C3CCN(Cc4ccc(C(F)(F)F)cc4)CC3)sc2-c2ccc(C)cc2)cc1,Inhibition,,,%,,Not Determined,B,CHEMBL4477206,CHEMBL220
CHEMBL4566613,Cc1ccccc1CN1CCC(C(=O)Nc2nc(-c3ccc(Cl)cc3)c(-c3ccc(Cl)cc3)s2)CC1,Inhibition,,,%,,Not Determined,B,CHEMBL4477206,CHEMBL220
CHEMBL4592283,O=C(Nc1nc(-c2ccc(Cl)cc2)c(-c2ccc(Cl)cc2)s1)C1CCN(Cc2ccccc2C(F)(F)F)CC1,Inhibition,,,%,,Not Determined,B,CHEMBL4477206,CHEMBL220
CHEMBL4591964,O=C(Nc1nc(-c2ccc(Cl)cc2)c(-c2ccc(Cl)cc2)s1)C1CCN(Cc2cccc(F)c2)CC1,Inhibition,=,18.82,%,,,B,CHEMBL4477206,CHEMBL220
CHEMBL4532149,O=C(Nc1nc(-c2ccc(Cl)cc2)c(-c2ccc(Cl)cc2)s1)C1CCN(Cc2cc(F)cc(F)c2)CC1,Inhibition,=,12.02,%,,,B,CHEMBL4477206,CHEMBL220
CHEMBL4529976,O=C(Nc1nc(-c2ccc(Cl)cc2)c(-c2ccc(Cl)cc2)s1)C1CCN(Cc2ccc(F)cc2Cl)CC1,Inhibition,,,%,,Not Determined,B,CHEMBL4477206,CHEMBL220
CHEMBL4547993,N#Cc1ccccc1CN1CCC(C(=O)Nc2nc(-c3ccc(Cl)cc3)c(-c3ccc(Cl)cc3)s2)CC1,Inhibition,,,%,,Not Determined,B,CHEMBL4477206,CHEMBL220
CHEMBL4548499,O=C(Nc1nc(-c2ccc(Cl)cc2)c(-c2ccc(Cl)cc2)s1)C1CCN(Cc2ccc(OC(F)(F)F)cc2)CC1,Inhibition,,,%,,Not Determined,B,CHEMBL4477206,CHEMBL220
CHEMBL4593583,COc1ccc(-c2nc(NC(=O)C3CCN(Cc4ccccc4C)CC3)sc2-c2ccc(OC)cc2)cc1,Inhibition,,,%,,Not Determined,B,CHEMBL4477206,CHEMBL220
CHEMBL4527101,COc1ccc(-c2nc(NC(=O)C3CCN(Cc4ccccc4C(F)(F)F)CC3)sc2-c2ccc(OC)cc2)cc1,Inhibition,=,14.46,%,,,B,CHEMBL4477206,CHEMBL220
CHEMBL4571742,COc1ccc(-c2nc(NC(=O)C3CCN(Cc4cccc(F)c4)CC3)sc2-c2ccc(OC)cc2)cc1,Inhibition,=,21.17,%,,,B,CHEMBL4477206,CHEMBL220
CHEMBL4514685,COc1ccc(-c2nc(NC(=O)C3CCN(Cc4cc(F)cc(F)c4)CC3)sc2-c2ccc(OC)cc2)cc1,Inhibition,,,%,,Not Determined,B,CHEMBL4477206,CHEMBL220
CHEMBL4520251,COc1ccc(-c2nc(NC(=O)C3CCN(Cc4ccc(F)cc4)CC3)sc2-c2ccc(OC)cc2)cc1,Inhibition,,,%,,Not Determined,B,CHEMBL4477206,CHEMBL220
CHEMBL4570156,COc1ccc(-c2nc(NC(=O)C3CCN(Cc4c(F)cccc4Cl)CC3)sc2-c2ccc(OC)cc2)cc1,Inhibition,=,16.56,%,,,B,CHEMBL4477206,CHEMBL220
CHEMBL4587025,COc1ccc(-c2nc(NC(=O)C3CCN(Cc4ccccc4C#N)CC3)sc2-c2ccc(OC)cc2)cc1,Inhibition,,,%,,Not Determined,B,CHEMBL4477206,CHEMBL220
CHEMBL4549599,COc1ccc(-c2nc(NC(=O)C3CCN(Cc4ccc(F)cc4C(F)(F)F)CC3)sc2-c2ccc(OC)cc2)cc1,Inhibition,,,%,,Not Determined,B,CHEMBL4477206,CHEMBL220
CHEMBL4560673,Cc1ccc(-c2nc(NCC3CCN(Cc4ccccc4C)CC3)sc2-c2ccc(C)cc2)cc1,Inhibition,=,16.17,%,,,B,CHEMBL4477206,CHEMBL220
CHEMBL4532372,Cc1ccc(-c2nc(NCC3CCN(Cc4ccccc4C(F)(F)F)CC3)sc2-c2ccc(C)cc2)cc1,Inhibition,=,26.35,%,,,B,CHEMBL4477206,CHEMBL220
CHEMBL4532806,Cc1ccc(-c2nc(NCC3CCN(Cc4cc(F)cc(F)c4)CC3)sc2-c2ccc(C)cc2)cc1,Inhibition,=,27.65,%,,,B,CHEMBL4477206,CHEMBL220
CHEMBL4549453,Cc1ccc(-c2nc(NCC3CCN(Cc4ccc(F)cc4)CC3)sc2-c2ccc(C)cc2)cc1,Inhibition,=,25.79,%,,,B,CHEMBL4477206,CHEMBL220
CHEMBL4530559,Cc1ccccc1CN1CCC(CNc2nc(-c3ccc(Cl)cc3)c(-c3ccc(Cl)cc3)s2)CC1,Inhibition,=,23.26,%,,,B,CHEMBL4477206,CHEMBL220
CHEMBL4529936,Fc1cc(F)cc(CN2CCC(CNc3nc(-c4ccc(Cl)cc4)c(-c4ccc(Cl)cc4)s3)CC2)c1,Inhibition,=,19.39,%,,,B,CHEMBL4477206,CHEMBL220
CHEMBL4554666,Fc1ccc(CN2CCC(CNc3nc(-c4ccc(Cl)cc4)c(-c4ccc(Cl)cc4)s3)CC2)c(Cl)c1,Inhibition,=,15.0,%,,,B,CHEMBL4477206,CHEMBL220
CHEMBL4533530,Fc1ccc(CN2CCC(CNc3nc(-c4ccc(Cl)cc4)c(-c4ccc(Cl)cc4)s3)CC2)c(C(F)(F)F)c1,Inhibition,,,%,,Not Determined,B,CHEMBL4477206,CHEMBL220
CHEMBL4566786,COc1ccc(-c2nc(NCC3CCN(Cc4ccccc4C)CC3)sc2-c2ccc(OC)cc2)cc1,Inhibition,=,25.64,%,,,B,CHEMBL4477206,CHEMBL220
CHEMBL4527770,COc1ccc(-c2nc(NCC3CCN(Cc4ccccc4C(F)(F)F)CC3)sc2-c2ccc(OC)cc2)cc1,Inhibition,=,20.6,%,,,B,CHEMBL4477206,CHEMBL220
CHEMBL4559797,COc1ccc(-c2nc(NCC3CCN(Cc4c(F)cccc4Cl)CC3)sc2-c2ccc(OC)cc2)cc1,Inhibition,=,27.2,%,,,B,CHEMBL4477206,CHEMBL220
CHEMBL4519072,Cc1ccc(-c2nc(NC3CCN(Cc4ccccc4)CC3)sc2-c2ccc(C)cc2)cc1,Inhibition,,,%,,Not Determined,B,CHEMBL4477206,CHEMBL220
CHEMBL4540644,Cc1ccc(CN2CCC(Nc3nc(-c4ccc(C)cc4)c(-c4ccc(C)cc4)s3)CC2)cc1,Inhibition,,,%,,Not Determined,B,CHEMBL4477206,CHEMBL220
CHEMBL4575730,Clc1ccc(-c2nc(NC3CCN(Cc4ccccc4)CC3)sc2-c2ccc(Cl)cc2)cc1,Inhibition,,,%,,Not Determined,B,CHEMBL4477206,CHEMBL220
CHEMBL4588487,Cc1ccc(CN2CCC(Nc3nc(-c4ccc(Cl)cc4)c(-c4ccc(Cl)cc4)s3)CC2)cc1,Inhibition,,,%,,Not Determined,B,CHEMBL4477206,CHEMBL220
CHEMBL4551316,COc1ccc(CN2CCC(Nc3nc(-c4ccc(Cl)cc4)c(-c4ccc(Cl)cc4)s3)CC2)cc1,Inhibition,,,%,,Not Determined,B,CHEMBL4477206,CHEMBL220
CHEMBL4593917,N#Cc1ccc(CN2CCC(Nc3nc(-c4ccc(Cl)cc4)c(-c4ccc(Cl)cc4)s3)CC2)cc1,Inhibition,,,%,,Not Determined,B,CHEMBL4477206,CHEMBL220
CHEMBL4516508,Fc1ccc(CN2CCC(Nc3nc(-c4ccc(Cl)cc4)c(-c4ccc(Cl)cc4)s3)CC2)c(Cl)c1,Inhibition,=,27.47,%,,,B,CHEMBL4477206,CHEMBL220
CHEMBL4555730,COc1ccc(-c2nc(NC3CCN(Cc4ccc(C)cc4)CC3)sc2-c2ccc(OC)cc2)cc1,Inhibition,=,19.24,%,,,B,CHEMBL4477206,CHEMBL220
CHEMBL4562938,COc1ccc(CN2CCC(Nc3nc(-c4ccc(OC)cc4)c(-c4ccc(OC)cc4)s3)CC2)cc1,Inhibition,=,11.42,%,,,B,CHEMBL4477206,CHEMBL220
CHEMBL4544950,COc1ccc(-c2nc(NC3CCN(Cc4ccc(C(F)(F)F)cc4)CC3)sc2-c2ccc(OC)cc2)cc1,Inhibition,=,18.93,%,,,B,CHEMBL4477206,CHEMBL220
CHEMBL95,Nc1c2c(nc3ccccc13)CCCC2,Inhibition,=,10.63,%,,,B,CHEMBL4477206,CHEMBL220
CHEMBL502,COc1cc2c(cc1OC)C(=O)C(CC1CCN(Cc3ccccc3)CC1)C2,Inhibition,=,37.26,%,,,B,CHEMBL4477206,CHEMBL220
CHEMBL4532806,Cc1ccc(-c2nc(NCC3CCN(Cc4cc(F)cc(F)c4)CC3)sc2-c2ccc(C)cc2)cc1,Inhibition,,,%,,,B,CHEMBL4477206,CHEMBL220
CHEMBL4537700,COc1cc(O)c2c(c1)C1=C(C3=C4c5cc(OC)cc(O)c5C(=O)OC4(C)C=C(O)C3=O)C(=O)C(O)=CC1(C)OC2=O,Inhibition,,,%,,,B,CHEMBL4480424,CHEMBL220
CHEMBL4537700,COc1cc(O)c2c(c1)C1=C(C3=C4c5cc(OC)cc(O)c5C(=O)OC4(C)C=C(O)C3=O)C(=O)C(O)=CC1(C)OC2=O,Inhibition,,,%,,,B,CHEMBL4480424,CHEMBL220
CHEMBL4571704,COc1cc(O)c2c(c1)C1=C(c3c(O)c(O)cc(C)c3-c3cc(OC)cc(O)c3C(=O)O)C(=O)C(O)=CC1(C)OC2=O,Inhibition,,,%,,,B,CHEMBL4480424,CHEMBL220
CHEMBL4584009,COc1cc(O)c(C(=O)O)c(-c2c(C)cc(O)c(O)c2-c2c(O)c(O)cc(C)c2-c2cc(OC)cc(O)c2C(=O)O)c1,Inhibition,,,%,,,B,CHEMBL4480424,CHEMBL220
CHEMBL4521396,COc1cc(O)c(C(=O)O)c(-c2c(C)cc(O)c3oc4c(c23)C2(OC(=O)c3c(O)cc(OC)cc32)C(C)=CC4=O)c1,Inhibition,,,%,,,B,CHEMBL4480424,CHEMBL220
CHEMBL4521396,COc1cc(O)c(C(=O)O)c(-c2c(C)cc(O)c3oc4c(c23)C2(OC(=O)c3c(O)cc(OC)cc32)C(C)=CC4=O)c1,Inhibition,,,%,,,B,CHEMBL4480424,CHEMBL220
CHEMBL4556843,COc1cc(O)c2c(c1)C1=CC3=Nc4cc(C)c(-c5cc(OC)cc(O)c5C(=O)O)cc4O[C@]3(O)C[C@]1(C)OC2=O,Inhibition,,,%,,,B,CHEMBL4480424,CHEMBL220
CHEMBL4518408,COc1cc(O)c2c(c1)C1=CC3=Nc4cc(C)c(-c5cc(OC)cc(O)c5C(=O)O)cc4O[C@@]3(O)C[C@@]1(C)OC2=O,Inhibition,,,%,,,B,CHEMBL4480424,CHEMBL220
CHEMBL4129018,CN1CCN(c2cc(-c3ccncc3)c(-c3ccc4ccccc4c3)nn2)CC1,Inhibition,,,%,,,A,CHEMBL4602604,CHEMBL220
CHEMBL4634634,C[C@@H]1C[C@H]1C(=O)N1CCN(c2cnc(C#N)c(-c3cnn(C)c3)n2)C[C@H]1C,Inhibition,=,37.0,%,,,B,CHEMBL4602617,CHEMBL220
CHEMBL928,O=C1CN(/N=C/c2ccc(-c3ccc([N+](=O)[O-])cc3)o2)C(=O)[N-]1.[Na+],Inhibition,,,%,,,B,CHEMBL4610045,CHEMBL220
CHEMBL4640750,O=C1CN(/N=C/c2ccc(-c3ccc([N+](=O)[O-])cc3)o2)C(=O)N1CCN1CCN(Cc2ccccc2)CC1,Inhibition,=,67.9,%,,,B,CHEMBL4610045,CHEMBL220
CHEMBL4645506,O=C1CN(/N=C/c2ccc(-c3ccc([N+](=O)[O-])cc3)o2)C(=O)N1CC1CCN(Cc2ccccc2)CC1,Inhibition,,,%,,,B,CHEMBL4610045,CHEMBL220
CHEMBL4636043,O=C1CN(/N=C/c2ccc(-c3ccc([N+](=O)[O-])cc3)o2)C(=O)N1CCC1CCN(Cc2ccccc2)CC1,Inhibition,=,91.3,%,,,B,CHEMBL4610045,CHEMBL220
CHEMBL1677,Cl.Nc1c2c(nc3ccccc13)CCCC2,Inhibition,=,70.8,%,,,B,CHEMBL4610045,CHEMBL220
CHEMBL4643381,O=C1CN(/N=C/c2ccc(-c3ccccc3[N+](=O)[O-])o2)C(=O)N1CCC1CCN(Cc2ccccc2)CC1,Inhibition,,,%,,,B,CHEMBL4610045,CHEMBL220
CHEMBL636,CCN(C)C(=O)Oc1cccc([C@H](C)N(C)C)c1,Inhibition,=,40.0,%,,,F,CHEMBL4616591,CHEMBL220
CHEMBL4634863,COc1ccc([C@H]2O[C@@H](O)[C@H]3[C@@H]2C(=O)O[C@@H]3c2cc(OC)c3c(c2)OCO3)cc1OC,Inhibition,>,70.0,%,,,B,CHEMBL4616644,CHEMBL220
CHEMBL4633410,COc1ccc([C@H]2O[C@@H](O)[C@H]3[C@@H]2C(=O)O[C@@H]3c2ccc(OC)c(OC)c2)cc1OC,Inhibition,>,70.0,%,,,B,CHEMBL4616644,CHEMBL220
CHEMBL4632461,COc1ccc([C@H]2OC[C@H]3[C@@H]2C(=O)O[C@@H]3c2ccc3c(c2)OCO3)cc1OC,Inhibition,>,70.0,%,,,B,CHEMBL4616644,CHEMBL220
CHEMBL4633613,COc1ccc([C@H]2OC(=O)[C@H]3[C@@H]2C(=O)O[C@@H]3c2ccc3c(c2)OCO3)cc1OC,Inhibition,>,90.0,%,,,B,CHEMBL4616644,CHEMBL220
CHEMBL4647106,COc1ccc([C@H](O)[C@H](N)C(=O)O)cc1OC,Inhibition,>,70.0,%,,,B,CHEMBL4616644,CHEMBL220
CHEMBL454592,COc1cc([C@H]2OC[C@H]3[C@@H]2CO[C@@H]3c2cc(OC)c(OC)c(OC)c2)cc(OC)c1OC,Inhibition,=,65.0,%,,,B,CHEMBL4616644,CHEMBL220
CHEMBL1980572,COc1cc([C@H]2OC[C@H]3[C@@H]2CO[C@@H]3c2cc(OC)c3c(c2)OCO3)cc(OC)c1OC,Inhibition,=,81.0,%,,,B,CHEMBL4616644,CHEMBL220
CHEMBL519926,COc1ccc([C@H]2OC[C@H]3[C@@H]2CO[C@@H]3c2cc(OC)c(OC)c(OC)c2)cc1OC,Inhibition,>,90.0,%,,,B,CHEMBL4616644,CHEMBL220
CHEMBL4647870,CCOc1cc(OCC)cc(C(=O)O[C@@H]2C[N@@]3Cc4c(cc5c(c4OC)OCO5)[C@@]24C=C[C@H](OC)C[C@H]34)c1,Inhibition,=,30.0,%,,,B,CHEMBL4616657,CHEMBL220
CHEMBL4641580,COc1ccc(C(=O)O[C@@H]2C[N@@]3Cc4c(cc5c(c4OC)OCO5)[C@@]24C=C[C@H](OC)C[C@H]34)cc1OC,Inhibition,=,15.0,%,,,B,CHEMBL4616657,CHEMBL220
CHEMBL4644284,COc1c2c(cc3c1OCO3)[C@]13C=C[C@H](OC)C[C@@H]1[N@](C2)C[C@H]3OC(=O)c1ccoc1,Inhibition,=,12.0,%,,,B,CHEMBL4616657,CHEMBL220
CHEMBL4634371,COc1c2c(cc3c1OCO3)[C@]13C=C[C@H](OC)C[C@@H]1[N@](C2)C[C@H]3OC(=O)c1ccco1,Inhibition,=,12.0,%,,,B,CHEMBL4616657,CHEMBL220
CHEMBL4648132,COc1c2c(cc3c1OCO3)[C@]13C=C[C@H](OC)C[C@@H]1[N@](C2)C[C@H]3OC(=O)c1cccc2ccccc12,Inhibition,=,21.0,%,,,B,CHEMBL4616657,CHEMBL220
CHEMBL4636736,COc1c2c(cc3c1OCO3)[C@]13C=C[C@H](OC)C[C@@H]1[N@](C2)C[C@H]3OC(=O)c1ccc2ccccc2c1,Inhibition,=,29.0,%,,,B,CHEMBL4616657,CHEMBL220
CHEMBL4649545,COc1c2c(cc3c1OCO3)[C@]13C=C[C@H](OC)C[C@@H]1[N@](C2)C[C@H]3OC(=O)c1ccc([N+](=O)[O-])cc1,Inhibition,=,31.0,%,,,B,CHEMBL4616657,CHEMBL220
CHEMBL4646747,COc1c2c(cc3c1OCO3)[C@]13C=C[C@H](OC)C[C@@H]1[N@](C2)C[C@H]3OC(=O)c1cccc([N+](=O)[O-])c1,Inhibition,=,58.0,%,,,B,CHEMBL4616657,CHEMBL220
CHEMBL4634465,COc1c2c(cc3c1OCO3)[C@]13C=C[C@H](OC)C[C@@H]1[N@](C2)C[C@H]3OC(=O)c1ccccc1[N+](=O)[O-],Inhibition,=,75.0,%,,,B,CHEMBL4616657,CHEMBL220
CHEMBL4637652,COc1ccc(C(=O)O[C@@H]2C[N@@]3Cc4c(cc5c(c4OC)OCO5)[C@@]24C=C[C@H](OC)C[C@H]34)cc1,Inhibition,=,26.0,%,,,B,CHEMBL4616657,CHEMBL220
CHEMBL4635404,COc1cccc(C(=O)O[C@@H]2C[N@@]3Cc4c(cc5c(c4OC)OCO5)[C@@]24C=C[C@H](OC)C[C@H]34)c1,Inhibition,=,25.0,%,,,B,CHEMBL4616657,CHEMBL220
CHEMBL4644410,COc1ccccc1C(=O)O[C@@H]1C[N@@]2Cc3c(cc4c(c3OC)OCO4)[C@@]13C=C[C@H](OC)C[C@H]23,Inhibition,=,31.0,%,,,B,CHEMBL4616657,CHEMBL220
CHEMBL4638682,COc1c2c(cc3c1OCO3)[C@]13C=C[C@H](OC)C[C@@H]1[N@](C2)C[C@H]3OC(=O)c1ccc(C)cc1,Inhibition,=,28.0,%,,,B,CHEMBL4616657,CHEMBL220
CHEMBL4640168,COc1c2c(cc3c1OCO3)[C@]13C=C[C@H](OC)C[C@@H]1[N@](C2)C[C@H]3OC(=O)c1cccc(C)c1,Inhibition,=,41.0,%,,,B,CHEMBL4616657,CHEMBL220
CHEMBL4640945,COc1c2c(cc3c1OCO3)[C@]13C=C[C@H](OC)C[C@@H]1[N@](C2)C[C@H]3OC(=O)c1ccccc1C,Inhibition,=,51.0,%,,,B,CHEMBL4616657,CHEMBL220
CHEMBL4633343,COc1c2c(cc3c1OCO3)[C@]13C=C[C@H](OC)C[C@@H]1[N@](C2)C[C@H]3OC(=O)c1ccccc1,Inhibition,=,25.0,%,,,B,CHEMBL4616657,CHEMBL220
CHEMBL4636698,COc1c2c(cc3c1OCO3)[C@]13C=C[C@H](OC)C[C@@H]1[N@](C2)C[C@H]3OC(=O)C(C)C,Inhibition,=,3.0,%,,,B,CHEMBL4616657,CHEMBL220
CHEMBL4645345,CCCCC(=O)O[C@@H]1C[N@@]2Cc3c(cc4c(c3OC)OCO4)[C@@]13C=C[C@H](OC)C[C@H]23,Inhibition,=,7.0,%,,,B,CHEMBL4616657,CHEMBL220
CHEMBL4644286,CCC(=O)O[C@@H]1C[N@@]2Cc3c(cc4c(c3OC)OCO4)[C@@]13C=C[C@H](OC)C[C@H]23,Inhibition,=,15.0,%,,,B,CHEMBL4616657,CHEMBL220
CHEMBL4634473,COc1c2c(cc3c1OCO3)[C@]13C=C[C@H](OC)C[C@@H]1[N@](C2)C[C@H]3OC(C)=O,Inhibition,=,4.0,%,,,B,CHEMBL4616657,CHEMBL220
CHEMBL401114,CO[C@@H]1C=C[C@@]23c4cc5c(cc4CN(C[C@@H]2O)[C@H]3C1)OCO5,Inhibition,=,6.0,%,,,B,CHEMBL4616657,CHEMBL220
CHEMBL4649430,COc1c2c(cc3c1OCO3)[C@]13C=C[C@H](OC)C[C@@H]1[N@](C2)C[C@H]3O,Inhibition,=,4.0,%,,,B,CHEMBL4616657,CHEMBL220
CHEMBL4635686,CN(C)C(=O)Oc1cccc(C(O)CNC2CCCCC2)c1.Cl,Inhibition,,,%,,Tde,B,CHEMBL4627270,CHEMBL220
CHEMBL4645476,CN(C)C(=O)Oc1ccc(C(O)CNC2CCCCC2)cc1.Cl,Inhibition,,,%,,Tde,B,CHEMBL4627270,CHEMBL220
CHEMBL4635686,CN(C)C(=O)Oc1cccc(C(O)CNC2CCCCC2)c1.Cl,Inhibition,,,%,,Dose-dependent effect,B,CHEMBL4627270,CHEMBL220
CHEMBL4645476,CN(C)C(=O)Oc1ccc(C(O)CNC2CCCCC2)cc1.Cl,Inhibition,,,%,,Dose-dependent effect,B,CHEMBL4627270,CHEMBL220
CHEMBL4173961,O=C1CCCC2=C1C(c1ccc(OCc3cccc(F)c3)c(Br)c1)C1=C(CCCC1=O)N2,Inhibition,=,39.0,%,,,A,CHEMBL4627331,CHEMBL220
CHEMBL4759108,Fc1ccc(-c2nnc(N3CCN(c4ccccn4)CC3)o2)c(F)c1,Inhibition,,,%,,,B,CHEMBL4665668,CHEMBL220
CHEMBL4759108,Fc1ccc(-c2nnc(N3CCN(c4ccccn4)CC3)o2)c(F)c1,Inhibition,,,%,,,B,CHEMBL4665668,CHEMBL220
CHEMBL4746898,O=C(N/N=C/c1ccc(Br)cc1)N1CCN(c2ccccn2)CC1,Inhibition,=,10.4,%,,,B,CHEMBL4665668,CHEMBL220
CHEMBL4763434,O=C(N/N=C/c1ccc(F)cc1F)N1CCN(c2ccccn2)CC1,Inhibition,=,12.7,%,,,B,CHEMBL4665668,CHEMBL220
CHEMBL4764740,FC(F)(F)c1ccc(-c2nnc(N3CCN(c4ccccn4)CC3)o2)cc1,Inhibition,=,14.2,%,,,B,CHEMBL4665668,CHEMBL220
CHEMBL4793365,FC(F)(F)Oc1ccc(-c2nnc(N3CCN(c4ccccn4)CC3)o2)cc1,Inhibition,=,16.8,%,,,B,CHEMBL4665668,CHEMBL220
CHEMBL4779999,Brc1ccc(-c2nnc(N3CCN(c4ccccn4)CC3)o2)cc1,Inhibition,=,18.1,%,,,B,CHEMBL4665668,CHEMBL220
CHEMBL4759108,Fc1ccc(-c2nnc(N3CCN(c4ccccn4)CC3)o2)c(F)c1,Inhibition,=,22.4,%,,,B,CHEMBL4665668,CHEMBL220
CHEMBL502,COc1cc2c(cc1OC)C(=O)C(CC1CCN(Cc3ccccc3)CC1)C2,Inhibition,=,16.9,%,,,B,CHEMBL4665668,CHEMBL220
CHEMBL4746898,O=C(N/N=C/c1ccc(Br)cc1)N1CCN(c2ccccn2)CC1,Inhibition,=,13.9,%,,,B,CHEMBL4665668,CHEMBL220
CHEMBL4763434,O=C(N/N=C/c1ccc(F)cc1F)N1CCN(c2ccccn2)CC1,Inhibition,=,22.6,%,,,B,CHEMBL4665668,CHEMBL220
CHEMBL4764740,FC(F)(F)c1ccc(-c2nnc(N3CCN(c4ccccn4)CC3)o2)cc1,Inhibition,=,19.8,%,,,B,CHEMBL4665668,CHEMBL220
CHEMBL4793365,FC(F)(F)Oc1ccc(-c2nnc(N3CCN(c4ccccn4)CC3)o2)cc1,Inhibition,=,23.9,%,,,B,CHEMBL4665668,CHEMBL220
CHEMBL4779999,Brc1ccc(-c2nnc(N3CCN(c4ccccn4)CC3)o2)cc1,Inhibition,=,31.4,%,,,B,CHEMBL4665668,CHEMBL220
CHEMBL4759108,Fc1ccc(-c2nnc(N3CCN(c4ccccn4)CC3)o2)c(F)c1,Inhibition,=,36.6,%,,,B,CHEMBL4665668,CHEMBL220
CHEMBL502,COc1cc2c(cc1OC)C(=O)C(CC1CCN(Cc3ccccc3)CC1)C2,Inhibition,=,32.0,%,,,B,CHEMBL4665668,CHEMBL220
CHEMBL4765163,CCn1cc(CNCc2c[nH]nc2-c2ccc(-c3ccccc3)cc2)cn1,Inhibition,,,%,,,B,CHEMBL4665727,CHEMBL220
CHEMBL578211,CN1C(=O)CC[C@H]1c1cccnc1,Inhibition,<,50.0,%,,,B,CHEMBL4673260,CHEMBL220
CHEMBL145,O=C(O)/C=C/c1ccc(O)c(O)c1,Inhibition,,,%,,,B,CHEMBL4673275,CHEMBL220
CHEMBL4757318,Oc1ccc(CC2COc3ccccc3C2)cc1,Inhibition,,,%,,,B,CHEMBL4673275,CHEMBL220
CHEMBL4760702,O=c1c(Cc2ccc(O)c(O)c2)coc2ccccc12,Inhibition,,,%,,,B,CHEMBL4673275,CHEMBL220
CHEMBL4792550,Oc1ccc(CC2COc3ccccc3C2)cc1O,Inhibition,,,%,,,B,CHEMBL4673275,CHEMBL220
CHEMBL4787798,Oc1ccc2c(c1)OCC(Cc1ccc(O)c(O)c1)C2,Inhibition,,,%,,,B,CHEMBL4673275,CHEMBL220
CHEMBL278020,CN(C)C(=O)Oc1cccc([N+](C)(C)C)c1,Inhibition,,,%,,,B,CHEMBL4673275,CHEMBL220
CHEMBL4759893,COc1ccc2[nH]cc(CCNC(=O)CN(CCCCCCCCNc3c4c(nc5ccccc35)CCCC4)C(=O)/C=C/c3ccc(O)c(OC)c3)c2c1,Inhibition,,,%,,,B,CHEMBL4680085,CHEMBL220
CHEMBL4784757,COc1ccc2nc3c(c(NCCCCCCCN(CC(=O)NCCc4c[nH]c5ccc(OC)cc45)C(=O)/C=C/c4ccc(O)c(OC)c4)c2c1)CCCC3,Inhibition,,,%,,,B,CHEMBL4680085,CHEMBL220
CHEMBL4784480,COc1cc(-c2nnc(Nc3ncccn3)o2)cc(OC)c1OC,Inhibition,=,17.3,%,,,B,CHEMBL4699439,CHEMBL220
CHEMBL4779792,Oc1ccc(-c2nnc(Nc3ncccn3)o2)cc1,Inhibition,=,13.6,%,,,B,CHEMBL4699439,CHEMBL220
CHEMBL4760940,c1cnc(Nc2nnc(-c3cccc4ccccc34)o2)nc1,Inhibition,=,17.6,%,,,B,CHEMBL4699439,CHEMBL220
CHEMBL502,COc1cc2c(cc1OC)C(=O)C(CC1CCN(Cc3ccccc3)CC1)C2,Inhibition,=,18.0,%,,,B,CHEMBL4699439,CHEMBL220
CHEMBL4760940,c1cnc(Nc2nnc(-c3cccc4ccccc34)o2)nc1,Inhibition,,,%,,Dose-dependent effect,B,CHEMBL4699439,CHEMBL220
CHEMBL4760940,c1cnc(Nc2nnc(-c3cccc4ccccc34)o2)nc1,Inhibition,,,%,,,B,CHEMBL4699439,CHEMBL220
CHEMBL4793341,FC(F)(F)Oc1ccc(CNC2CCN(Cc3ccccc3)C2)cc1,Inhibition,,,%,,,B,CHEMBL4699547,CHEMBL220
CHEMBL4793341,FC(F)(F)Oc1ccc(CNC2CCN(Cc3ccccc3)C2)cc1,Inhibition,,,%,,,B,CHEMBL4699547,CHEMBL220
CHEMBL4761542,FC(F)(F)c1ccc(CNC2CCN(Cc3ccccc3)C2)cc1,Inhibition,=,12.8,%,,,B,CHEMBL4699547,CHEMBL220
CHEMBL4793341,FC(F)(F)Oc1ccc(CNC2CCN(Cc3ccccc3)C2)cc1,Inhibition,=,18.8,%,,,B,CHEMBL4699547,CHEMBL220
CHEMBL4760651,Clc1ccc(CNC2CCN(Cc3ccccc3)C2)cc1,Inhibition,=,8.8,%,,,B,CHEMBL4699547,CHEMBL220
CHEMBL4749704,Fc1ccc(CNC2CCN(Cc3ccccc3)C2)cc1,Inhibition,=,9.1,%,,,B,CHEMBL4699547,CHEMBL220
CHEMBL4741398,Brc1ccc(CNC2CCN(Cc3ccccc3)C2)cc1,Inhibition,=,8.6,%,,,B,CHEMBL4699547,CHEMBL220
CHEMBL4752715,Fc1ccc(CNC2CCN(Cc3ccccc3)C2)c(F)c1,Inhibition,=,17.4,%,,,B,CHEMBL4699547,CHEMBL220
CHEMBL502,COc1cc2c(cc1OC)C(=O)C(CC1CCN(Cc3ccccc3)CC1)C2,Inhibition,=,16.9,%,,,B,CHEMBL4699547,CHEMBL220
CHEMBL4761542,FC(F)(F)c1ccc(CNC2CCN(Cc3ccccc3)C2)cc1,Inhibition,=,21.4,%,,,B,CHEMBL4699547,CHEMBL220
CHEMBL4793341,FC(F)(F)Oc1ccc(CNC2CCN(Cc3ccccc3)C2)cc1,Inhibition,=,39.5,%,,,B,CHEMBL4699547,CHEMBL220
CHEMBL4760651,Clc1ccc(CNC2CCN(Cc3ccccc3)C2)cc1,Inhibition,=,15.2,%,,,B,CHEMBL4699547,CHEMBL220
CHEMBL4749704,Fc1ccc(CNC2CCN(Cc3ccccc3)C2)cc1,Inhibition,=,15.4,%,,,B,CHEMBL4699547,CHEMBL220
CHEMBL4741398,Brc1ccc(CNC2CCN(Cc3ccccc3)C2)cc1,Inhibition,=,14.9,%,,,B,CHEMBL4699547,CHEMBL220
CHEMBL4752715,Fc1ccc(CNC2CCN(Cc3ccccc3)C2)c(F)c1,Inhibition,=,34.6,%,,,B,CHEMBL4699547,CHEMBL220
CHEMBL502,COc1cc2c(cc1OC)C(=O)C(CC1CCN(Cc3ccccc3)CC1)C2,Inhibition,=,32.0,%,,,B,CHEMBL4699547,CHEMBL220
CHEMBL4793341,FC(F)(F)Oc1ccc(CNC2CCN(Cc3ccccc3)C2)cc1,Inhibition,=,32.3,%,,,B,CHEMBL4699547,CHEMBL220
CHEMBL4752715,Fc1ccc(CNC2CCN(Cc3ccccc3)C2)c(F)c1,Inhibition,=,31.7,%,,,B,CHEMBL4699547,CHEMBL220
CHEMBL502,COc1cc2c(cc1OC)C(=O)C(CC1CCN(Cc3ccccc3)CC1)C2,Inhibition,=,24.0,%,,,B,CHEMBL4699547,CHEMBL220
CHEMBL4764997,COc1ccc(-c2cc(C(=O)N3CCN(Cc4ccccc4)CC3)c3ccccc3n2)cc1,Inhibition,=,8.0,%,,,B,CHEMBL4699569,CHEMBL220
CHEMBL4758733,CN(C)c1ccc(Nc2nc(-c3ccncc3)nc3c2CC(N)CC3)cc1,Inhibition,,,%,,,B,CHEMBL4699583,CHEMBL220
CHEMBL4798157,O=C(CN1CCC2c3ccccc3NC2C1)Nc1ccc(/C=C2\CCn3c2nc2ccccc2c3=O)cc1,Inhibition,=,21.6,%,,,B,CHEMBL4699616,CHEMBL220
CHEMBL4800679,O=C(CCCN1CCC2c3ccccc3NC2C1)Nc1ccc(/C=C2\CCn3c2nc2ccccc2c3=O)cc1,Inhibition,=,49.9,%,,,B,CHEMBL4699616,CHEMBL220
CHEMBL456881,O=c1c2ccccc2nc2n1CCC2,Inhibition,=,29.7,%,,,B,CHEMBL4699616,CHEMBL220
CHEMBL4794842,O=C(O)C1NCCC2c3ccccc3NC12,Inhibition,=,29.7,%,,,B,CHEMBL4699616,CHEMBL220
CHEMBL4753328,O=C(c1ccc(F)c(Cl)c1)N1CCC(F)(CNCCOc2ccccn2)CC1,Inhibition,=,-2.9,%,,,B,CHEMBL4706479,CHEMBL220
CHEMBL4762284,CN(C)C(=O)Oc1ccc(-c2cc(=O)c3c(O)cc(OC(=O)N(C)C)cc3o2)cc1,Inhibition,,,%,,Not Determined,B,CHEMBL4706484,CHEMBL220
CHEMBL4792211,CCN(CC)C(=O)Oc1ccc(-c2cc(=O)c3c(O)cc(OC(=O)N(CC)CC)cc3o2)cc1,Inhibition,,,%,,Not Determined,B,CHEMBL4706484,CHEMBL220
CHEMBL4745591,O=C(Oc1ccc(-c2cc(=O)c3c(O)cc(OC(=O)N(c4ccccc4)c4ccccc4)cc3o2)cc1)N(c1ccccc1)c1ccccc1,Inhibition,,,%,,Not Determined,B,CHEMBL4706484,CHEMBL220
CHEMBL4762069,CCN(C)C(=O)Oc1ccc(-c2cc(=O)c3c(O)cc(OC(=O)N(C)CC)cc3o2)cc1,Inhibition,=,73.6,%,,,B,CHEMBL4706484,CHEMBL220
CHEMBL4789142,CON(C)C(=O)Oc1ccc(-c2cc(=O)c3c(O)cc(OC(=O)N(C)OC)cc3o2)cc1,Inhibition,,,%,,Not Determined,B,CHEMBL4706484,CHEMBL220
CHEMBL4776074,O=C(Oc1ccc(-c2cc(=O)c3c(O)cc(OC(=O)N4CCCC4)cc3o2)cc1)N1CCCC1,Inhibition,,,%,,Not Determined,B,CHEMBL4706484,CHEMBL220
CHEMBL4800458,O=C(Oc1ccc(-c2cc(=O)c3c(O)cc(OC(=O)N4CCOCC4)cc3o2)cc1)N1CCOCC1,Inhibition,,,%,,Not Determined,B,CHEMBL4706484,CHEMBL220
CHEMBL4784106,CN(C)C(=O)Oc1ccc(-c2cc(=O)c3c(OC(=O)N(C)C)cc(OC(=O)N(C)C)cc3o2)cc1,Inhibition,,,%,,Not Determined,B,CHEMBL4706484,CHEMBL220
CHEMBL4787451,CCN(C)C(=O)Oc1ccc(-c2cc(=O)c3c(OC(=O)N(C)CC)cc(OC(=O)N(C)CC)cc3o2)cc1,Inhibition,,,%,,Not Determined,B,CHEMBL4706484,CHEMBL220
CHEMBL4795422,CON(C)C(=O)Oc1ccc(-c2cc(=O)c3c(OC(=O)N(C)OC)cc(OC(=O)N(C)OC)cc3o2)cc1,Inhibition,,,%,,Not Determined,B,CHEMBL4706484,CHEMBL220
CHEMBL4763103,O=C(Oc1ccc(-c2cc(=O)c3c(OC(=O)N4CCOCC4)cc(OC(=O)N4CCOCC4)cc3o2)cc1)N1CCOCC1,Inhibition,,,%,,Not Determined,B,CHEMBL4706484,CHEMBL220
CHEMBL502,COc1cc2c(cc1OC)C(=O)C(CC1CCN(Cc3ccccc3)CC1)C2,Inhibition,=,26.7,%,,,B,CHEMBL4706484,CHEMBL220
CHEMBL140,COc1cc(/C=C/C(=O)CC(=O)/C=C/c2ccc(O)c(OC)c2)ccc1O,Inhibition,,,%,,Not Determined,B,CHEMBL4706484,CHEMBL220
CHEMBL4752175,COc1ccc2cc3[n+](cc2c1OCc1ccc(C(F)(F)F)cc1)CCc1cc2c(cc1-3)OCO2.[Br-],Inhibition,,,%,,,B,CHEMBL4706517,CHEMBL220
CHEMBL4760883,CCCCN[C@@H](Cc1c[nH]c2ccccc12)C(=O)NCCC1CCCC(c2ccccc2)C1,Inhibition,=,34.0,%,,,B,CHEMBL4706571,CHEMBL220
CHEMBL4752348,CCCCN[C@@H](Cc1c[nH]c2ccccc12)C(=O)NCCC1CCCN(Cc2ccccc2)C1,Inhibition,=,43.0,%,,,B,CHEMBL4706571,CHEMBL220
CHEMBL4785796,CCCCN[C@@H](Cc1c[nH]c2ccccc12)C(=O)NCCC1CCN(CCc2ccccc2)CC1,Inhibition,=,77.0,%,,,B,CHEMBL4706571,CHEMBL220
CHEMBL4790897,CCCCN[C@@H](Cc1c[nH]c2ccccc12)C(=O)NCCC1CCN(c2ccccc2)CC1,Inhibition,=,49.0,%,,,B,CHEMBL4706571,CHEMBL220
CHEMBL4758457,CCCCN[C@@H](Cc1c[nH]c2ccccc12)C(=O)NCCC1CCCN(Cc2c(F)c(F)cc(F)c2F)CC1,Inhibition,=,20.0,%,,,B,CHEMBL4706571,CHEMBL220
CHEMBL4787212,CCCCN[C@@H](Cc1c[nH]c2ccccc12)C(=O)NCCC1CCCN(Cc2ccc(OC)cc2)CC1,Inhibition,=,37.0,%,,,B,CHEMBL4706571,CHEMBL220
CHEMBL4790886,CCCCN[C@@H](Cc1c[nH]c2ccccc12)C(=O)NCCC1CCCCCC1,Inhibition,=,53.0,%,,,B,CHEMBL4706571,CHEMBL220
CHEMBL4746867,CCCCN[C@@H](CC(C)C)C(=O)NCCC1CCCCCC1,Inhibition,=,56.0,%,,,B,CHEMBL4706571,CHEMBL220
CHEMBL4791899,CCCCN[C@@H](Cc1ccccc1)C(=O)NCCC1CCCCCC1,Inhibition,=,55.0,%,,,B,CHEMBL4706571,CHEMBL220
CHEMBL4741226,CCCCN[C@@H](Cc1c[nH]c2ccccc12)C(=O)N1CCCC1c1ccccc1,Inhibition,=,58.0,%,,,B,CHEMBL4706571,CHEMBL220
CHEMBL4776346,CCCCN(CCCC)[C@@H](Cc1c[nH]c2ccccc12)C(=O)N1CCC(Cc2ccccc2)CC1,Inhibition,=,53.0,%,,,B,CHEMBL4706571,CHEMBL220
CHEMBL4754487,COc1cc(CNC(=O)CCCCCCNc2c3c(nc4cc(Cl)ccc24)CC2C=C(C)CC3C2)ccc1O,Inhibition,,,%,,,B,CHEMBL4706642,CHEMBL220
CHEMBL4746533,CCN(CC)c1ccc(/C=C2\OC(=O)c3cc(OC)c(OC)cc32)cc1O,Inhibition,,,%,,Not Determined,B,CHEMBL4706703,CHEMBL220
CHEMBL4780953,CCN(CC)c1ccc(/C=C2/OC(=O)c3cc(OC)c(OC)cc32)cc1O,Inhibition,,,%,,Not Determined,B,CHEMBL4706703,CHEMBL220
CHEMBL4788648,COc1cc2c(cc1OC)/C(=C/c1ccc(N3CCCC3)c(O)c1)OC2=O,Inhibition,,,%,,Not Determined,B,CHEMBL4706703,CHEMBL220
CHEMBL4762169,COc1cc2c(cc1OC)/C(=C\c1ccc(N3CCCC3)c(O)c1)OC2=O,Inhibition,,,%,,Not Determined,B,CHEMBL4706703,CHEMBL220
CHEMBL4782916,COc1cc2c(cc1OC)/C(=C/c1ccc(N3CCOCC3)c(O)c1)OC2=O,Inhibition,,,%,,Not Determined,B,CHEMBL4706703,CHEMBL220
CHEMBL4750877,COc1cc2c(cc1OC)/C(=C\c1ccc(N3CCOCC3)c(O)c1)OC2=O,Inhibition,,,%,,Not Determined,B,CHEMBL4706703,CHEMBL220
CHEMBL4786674,COc1cc2c(cc1OC)/C(=C/c1ccc(N3CCN(C)CC3)c(O)c1)OC2=O,Inhibition,,,%,,Not Determined,B,CHEMBL4706703,CHEMBL220
CHEMBL4779785,COc1cc2c(cc1OC)/C(=C\c1ccc(N3CCN(C)CC3)c(O)c1)OC2=O,Inhibition,,,%,,Not Determined,B,CHEMBL4706703,CHEMBL220
CHEMBL4760744,CCN(CC)c1c(O)cccc1/C=C1\OC(=O)c2cc(OC)c(OC)cc21,Inhibition,,,%,,Not Determined,B,CHEMBL4706703,CHEMBL220
CHEMBL4778119,CCN(CC)c1c(O)cccc1/C=C1/OC(=O)c2cc(OC)c(OC)cc21,Inhibition,,,%,,Not Determined,B,CHEMBL4706703,CHEMBL220
CHEMBL4740443,COc1cc2c(cc1OC)/C(=C/c1cccc(O)c1N1CCCC1)OC2=O,Inhibition,,,%,,Not Determined,B,CHEMBL4706703,CHEMBL220
CHEMBL4791232,COc1cc2c(cc1OC)/C(=C\c1cccc(O)c1N1CCCC1)OC2=O,Inhibition,,,%,,Not Determined,B,CHEMBL4706703,CHEMBL220
CHEMBL4745287,COc1cc2c(cc1OC)/C(=C/c1cccc(O)c1N1CCCCC1)OC2=O,Inhibition,,,%,,Not Determined,B,CHEMBL4706703,CHEMBL220
CHEMBL4759377,COc1cc2c(cc1OC)/C(=C\c1cccc(O)c1N1CCCCC1)OC2=O,Inhibition,,,%,,Not Determined,B,CHEMBL4706703,CHEMBL220
CHEMBL4748928,COc1cc2c(cc1OC)/C(=C/c1cccc(O)c1N1CCOCC1)OC2=O,Inhibition,,,%,,Not Determined,B,CHEMBL4706703,CHEMBL220
CHEMBL4776243,COc1cc2c(cc1OC)/C(=C\c1cccc(O)c1N1CCOCC1)OC2=O,Inhibition,,,%,,Not Determined,B,CHEMBL4706703,CHEMBL220
CHEMBL4753276,COc1cc2c(cc1OC)/C(=C/c1cccc(O)c1N1CCN(C)CC1)OC2=O,Inhibition,,,%,,Not Determined,B,CHEMBL4706703,CHEMBL220
CHEMBL4749366,COc1cc2c(cc1OC)/C(=C\c1cccc(O)c1N1CCN(C)CC1)OC2=O,Inhibition,,,%,,Not Determined,B,CHEMBL4706703,CHEMBL220
CHEMBL4752902,CCN(CC)c1ccc(CC2OC(=O)c3cc(OC)c(OC)cc32)cc1O,Inhibition,,,%,,Not Determined,B,CHEMBL4706703,CHEMBL220
CHEMBL4765003,COc1cc2c(cc1OC)C(Cc1ccc(N3CCCC3)c(O)c1)OC2=O,Inhibition,,,%,,Not Determined,B,CHEMBL4706703,CHEMBL220
CHEMBL4754258,COc1cc2c(cc1OC)C(Cc1ccc(N3CCCCC3)c(O)c1)OC2=O,Inhibition,,,%,,Not Determined,B,CHEMBL4706703,CHEMBL220
CHEMBL4798284,COc1cc2c(cc1OC)C(Cc1ccc(N3CCOCC3)c(O)c1)OC2=O,Inhibition,,,%,,Not Determined,B,CHEMBL4706703,CHEMBL220
CHEMBL4747626,COc1cc2c(cc1OC)C(Cc1ccc(N3CCN(C)CC3)c(O)c1)OC2=O,Inhibition,,,%,,Not Determined,B,CHEMBL4706703,CHEMBL220
CHEMBL4744631,CCN(CC)c1c(O)cccc1CC1OC(=O)c2cc(OC)c(OC)cc21,Inhibition,,,%,,Not Determined,B,CHEMBL4706703,CHEMBL220
CHEMBL4759871,COc1cc2c(cc1OC)C(Cc1cccc(O)c1N1CCCC1)OC2=O,Inhibition,,,%,,Not Determined,B,CHEMBL4706703,CHEMBL220
CHEMBL4752378,COc1cc2c(cc1OC)C(Cc1cccc(O)c1N1CCCCC1)OC2=O,Inhibition,,,%,,Not Determined,B,CHEMBL4706703,CHEMBL220
CHEMBL4745778,COc1cc2c(cc1OC)C(Cc1cccc(O)c1N1CCOCC1)OC2=O,Inhibition,,,%,,Not Determined,B,CHEMBL4706703,CHEMBL220
CHEMBL4753227,COc1cc2c(cc1OC)C(Cc1cccc(O)c1N1CCN(C)CC1)OC2=O,Inhibition,,,%,,Not Determined,B,CHEMBL4706703,CHEMBL220
CHEMBL4752191,COc1cc2c(cc1OC)C(Cc1cccc(O)c1)OC2=O,Inhibition,,,%,,Not Determined,B,CHEMBL4706703,CHEMBL220
CHEMBL248594,CCCCC1OC(=O)c2ccccc21,Inhibition,<,5.0,%,,,B,CHEMBL4706703,CHEMBL220
CHEMBL4796696,COc1cc2c(cc1O)CCC(C)(CCN)O2,Inhibition,,,%,,,B,CHEMBL4725294,CHEMBL220
CHEMBL4750190,COCCn1cnc2cc(NC(=O)c3ccccc3)cc(C(=O)NCc3cc(F)cc(F)c3)c21,Inhibition,>,90.0,%,,,B,CHEMBL4725361,CHEMBL220
CHEMBL4750190,COCCn1cnc2cc(NC(=O)c3ccccc3)cc(C(=O)NCc3cc(F)cc(F)c3)c21,Inhibition,,,%,,,B,CHEMBL4725361,CHEMBL220
CHEMBL4744969,Cc1ccc[n+](C)c1/C=N/O.[I-],Inhibition,,,%,,,A,CHEMBL4725433,CHEMBL220
CHEMBL4788852,Cc1cc[n+](C)c(/C=N/O)c1.[I-],Inhibition,,,%,,,A,CHEMBL4725433,CHEMBL220
CHEMBL4745134,Cc1ccc(/C=N/O)[n+](C)c1.[I-],Inhibition,,,%,,,A,CHEMBL4725433,CHEMBL220
CHEMBL4798174,Cc1cccc(/C=N/O)[n+]1C.[I-],Inhibition,,,%,,,A,CHEMBL4725433,CHEMBL220
CHEMBL3286580,Fc1ccc2c(CCNCc3cccc(OCC(F)(F)C(F)F)c3)c[nH]c2c1,Inhibition,=,6.0,%,,,B,CHEMBL4732122,CHEMBL220
CHEMBL4750581,Fc1ccc2c(CCNCc3cccc(OCc4ccccc4)c3)c[nH]c2c1,Inhibition,=,4.0,%,,,B,CHEMBL4732122,CHEMBL220
CHEMBL4788250,Oc1cccc(CNCCc2c[nH]c3cc(F)ccc23)c1,Inhibition,=,8.0,%,,,B,CHEMBL4732122,CHEMBL220
CHEMBL4744490,CCN(C)C(=O)Oc1cccc(CNCCc2c[nH]c3cc(F)ccc23)c1,Inhibition,=,9.0,%,,,B,CHEMBL4732122,CHEMBL220
CHEMBL4746584,O=C(O)/C=C/C(=O)O.Oc1cccc(CNCCc2c[nH]c3cc(F)ccc23)c1,Inhibition,=,2.0,%,,,B,CHEMBL4732122,CHEMBL220
CHEMBL4761198,CCN(C)C(=O)Oc1cccc(CNCCc2c[nH]c3cc(F)ccc23)c1.O=C(O)/C=C/C(=O)O,Inhibition,=,5.0,%,,,B,CHEMBL4732122,CHEMBL220
CHEMBL4790766,CCOC(=O)c1c(C)nc(N2CCN(S(=O)(=O)c3ccc(NC(C)=O)c(Cl)c3)CC2)nc1-c1ccc(OC)c(OC)c1,Inhibition,,,%,,,B,CHEMBL4732210,CHEMBL220
CHEMBL4790766,CCOC(=O)c1c(C)nc(N2CCN(S(=O)(=O)c3ccc(NC(C)=O)c(Cl)c3)CC2)nc1-c1ccc(OC)c(OC)c1,Inhibition,,,%,,,B,CHEMBL4732210,CHEMBL220
CHEMBL4800002,CCOC(=O)c1c(C)nc(N2CCN(S(=O)(=O)c3ccc(N)c(Cl)c3)CC2)nc1-c1ccc(OC)c(OC)c1,Inhibition,,,%,,,B,CHEMBL4732210,CHEMBL220
CHEMBL502,COc1cc2c(cc1OC)C(=O)C(CC1CCN(Cc3ccccc3)CC1)C2,Inhibition,,,%,,,B,CHEMBL4732210,CHEMBL220
CHEMBL4790766,CCOC(=O)c1c(C)nc(N2CCN(S(=O)(=O)c3ccc(NC(C)=O)c(Cl)c3)CC2)nc1-c1ccc(OC)c(OC)c1,Inhibition,=,35.5,%,,,B,CHEMBL4732210,CHEMBL220
CHEMBL4800002,CCOC(=O)c1c(C)nc(N2CCN(S(=O)(=O)c3ccc(N)c(Cl)c3)CC2)nc1-c1ccc(OC)c(OC)c1,Inhibition,=,22.2,%,,,B,CHEMBL4732210,CHEMBL220
CHEMBL4790766,CCOC(=O)c1c(C)nc(N2CCN(S(=O)(=O)c3ccc(NC(C)=O)c(Cl)c3)CC2)nc1-c1ccc(OC)c(OC)c1,Inhibition,=,51.3,%,,,B,CHEMBL4732210,CHEMBL220
CHEMBL4800002,CCOC(=O)c1c(C)nc(N2CCN(S(=O)(=O)c3ccc(N)c(Cl)c3)CC2)nc1-c1ccc(OC)c(OC)c1,Inhibition,=,35.3,%,,,B,CHEMBL4732210,CHEMBL220
CHEMBL4790766,CCOC(=O)c1c(C)nc(N2CCN(S(=O)(=O)c3ccc(NC(C)=O)c(Cl)c3)CC2)nc1-c1ccc(OC)c(OC)c1,Inhibition,,,%,,,B,CHEMBL4732210,CHEMBL220
CHEMBL4800002,CCOC(=O)c1c(C)nc(N2CCN(S(=O)(=O)c3ccc(N)c(Cl)c3)CC2)nc1-c1ccc(OC)c(OC)c1,Inhibition,,,%,,,B,CHEMBL4732210,CHEMBL220
CHEMBL4794807,COc1cc2c(cc1OC)C(=O)/C(=C/c1ccc(OCCBr)cc1)C2,Inhibition,=,6.162,%,,,B,CHEMBL4765271,CHEMBL220
CHEMBL4795642,COc1cc2c(cc1OC)C(=O)/C(=C/c1ccc(OCCCCBr)cc1)C2,Inhibition,=,27.83,%,,,B,CHEMBL4765271,CHEMBL220
CHEMBL28,O=c1cc(-c2ccc(O)cc2)oc2cc(O)cc(O)c12,Inhibition,<,5.0,%,,,B,CHEMBL4765274,CHEMBL220
CHEMBL9352,O=C1C[C@@H](c2ccc(O)cc2)Oc2cc(O)cc(O)c21,Inhibition,<,5.0,%,,,B,CHEMBL4765274,CHEMBL220
CHEMBL44,O=c1c(-c2ccc(O)cc2)coc2cc(O)cc(O)c12,Inhibition,<,5.0,%,,,B,CHEMBL4765274,CHEMBL220
CHEMBL4777263,O=C(C=Cc1ccccc1)c1ccccc1,Inhibition,<,5.0,%,,,B,CHEMBL4765274,CHEMBL220
CHEMBL4779180,O=c1cc(-c2ccc(OCCCCN3CCC(Cc4ccccc4)CC3)cc2)oc2cc(OCCCCN3CCC(Cc4ccccc4)CC3)cc(O)c12,Inhibition,,,%,,Not Determined,B,CHEMBL4765274,CHEMBL220
CHEMBL4777818,O=c1cc(-c2ccc(OCCCCN3CCN(Cc4ccccc4)CC3)cc2)oc2cc(OCCCCN3CCN(Cc4ccccc4)CC3)cc(O)c12,Inhibition,,,%,,Not Determined,B,CHEMBL4765274,CHEMBL220
CHEMBL4792240,O=c1cc(-c2ccc(OCCCCN3CCc4ccccc4C3)cc2)oc2cc(OCCCCN3CCc4ccccc4C3)cc(O)c12,Inhibition,,,%,,Not Determined,B,CHEMBL4765274,CHEMBL220
CHEMBL4783427,CCN(CCCCOc1ccc(-c2cc(=O)c3c(O)cc(OCCCCN(CC)Cc4ccccc4)cc3o2)cc1)Cc1ccccc1,Inhibition,=,76.9,%,,,B,CHEMBL4765274,CHEMBL220
CHEMBL4798516,O=C1CC(c2ccc(OCCCCN3CCC(Cc4ccccc4)CC3)cc2)Oc2cc(OCCCCN3CCC(Cc4ccccc4)CC3)cc(O)c21,Inhibition,,,%,,Not Determined,B,CHEMBL4765274,CHEMBL220
CHEMBL4795152,O=C1CC(c2ccc(OCCCCN3CCN(Cc4ccccc4)CC3)cc2)Oc2cc(OCCCCN3CCN(Cc4ccccc4)CC3)cc(O)c21,Inhibition,,,%,,Not Determined,B,CHEMBL4765274,CHEMBL220
CHEMBL4794189,O=C1CC(c2ccc(OCCCCN3CCc4ccccc4C3)cc2)Oc2cc(OCCCCN3CCc4ccccc4C3)cc(O)c21,Inhibition,,,%,,Not Determined,B,CHEMBL4765274,CHEMBL220
CHEMBL4795370,CCN(CCCCOc1ccc(C2CC(=O)c3c(O)cc(OCCCCN(CC)Cc4ccccc4OC)cc3O2)cc1)Cc1ccccc1OC,Inhibition,,,%,,Not Determined,B,CHEMBL4765274,CHEMBL220
CHEMBL4796574,O=c1c(-c2ccc(OCCCCN3CCC(Cc4ccccc4)CC3)cc2)coc2cc(OCCCCN3CCC(Cc4ccccc4)CC3)cc(O)c12,Inhibition,,,%,,Not Determined,B,CHEMBL4765274,CHEMBL220
CHEMBL4796736,O=c1c(-c2ccc(OCCCCN3CCN(Cc4ccccc4)CC3)cc2)coc2cc(OCCCCN3CCN(Cc4ccccc4)CC3)cc(O)c12,Inhibition,,,%,,Not Determined,B,CHEMBL4765274,CHEMBL220
CHEMBL4791528,O=c1c(-c2ccc(OCCCCN3CCc4ccccc4C3)cc2)coc2cc(OCCCCN3CCc4ccccc4C3)cc(O)c12,Inhibition,,,%,,Not Determined,B,CHEMBL4765274,CHEMBL220
CHEMBL3127002,CCN(CCCCOc1ccc(-c2coc3cc(OCCCCN(CC)Cc4ccccc4)cc(O)c3c2=O)cc1)Cc1ccccc1,Inhibition,,,%,,Not Determined,B,CHEMBL4765274,CHEMBL220
CHEMBL4792248,CC1c2ccccc2CCN1CCCCOc1ccc(-c2coc3cc(OCCCCN4CCc5ccccc5C4C)cc(O)c3c2=O)cc1,Inhibition,,,%,,Not Determined,B,CHEMBL4765274,CHEMBL220
CHEMBL4787690,O=c1c(-c2ccc(OCCCCN3CCCCC3)cc2)coc2cc(OCCCCN3CCCCC3)cc(O)c12,Inhibition,,,%,,Not Determined,B,CHEMBL4765274,CHEMBL220
CHEMBL4793096,O=C(/C=C/c1ccc(OCCCCN2CCC(Cc3ccccc3)CC2)cc1)c1c(O)cc(OCCCCN2CCC(Cc3ccccc3)CC2)cc1O,Inhibition,,,%,,Not Determined,B,CHEMBL4765274,CHEMBL220
CHEMBL4782477,CCN(CCCCOc1ccc(/C=C/C(=O)c2c(O)cc(OCCCCN(CC)Cc3ccccc3OC)cc2O)cc1)Cc1ccccc1OC,Inhibition,,,%,,Not Determined,B,CHEMBL4765274,CHEMBL220
CHEMBL4777899,O=C(/C=C/c1ccc(OCCCCN2CCCCC2)cc1)c1c(O)cc(OCCCCN2CCCCC2)cc1O,Inhibition,,,%,,Not Determined,B,CHEMBL4765274,CHEMBL220
CHEMBL4798445,O=C(/C=C/c1ccc(OCCCCN2CCCC2)cc1)c1c(O)cc(OCCCCN2CCCC2)cc1O,Inhibition,,,%,,Not Determined,B,CHEMBL4765274,CHEMBL220
CHEMBL4782832,CCN(CC)CCCCOc1ccc(/C=C/C(=O)c2c(O)cc(OCCCCN(CC)CC)cc2O)cc1,Inhibition,,,%,,Not Determined,B,CHEMBL4765274,CHEMBL220
CHEMBL28,O=c1cc(-c2ccc(O)cc2)oc2cc(O)cc(O)c12,Inhibition,,,%,,Not Determined,B,CHEMBL4765274,CHEMBL220
CHEMBL9352,O=C1C[C@@H](c2ccc(O)cc2)Oc2cc(O)cc(O)c21,Inhibition,,,%,,Not Determined,B,CHEMBL4765274,CHEMBL220
CHEMBL44,O=c1c(-c2ccc(O)cc2)coc2cc(O)cc(O)c12,Inhibition,,,%,,Not Determined,B,CHEMBL4765274,CHEMBL220
CHEMBL4777263,O=C(C=Cc1ccccc1)c1ccccc1,Inhibition,,,%,,Not Determined,B,CHEMBL4765274,CHEMBL220
CHEMBL502,COc1cc2c(cc1OC)C(=O)C(CC1CCN(Cc3ccccc3)CC1)C2,Inhibition,=,26.7,%,,,B,CHEMBL4765274,CHEMBL220
CHEMBL140,COc1cc(/C=C/C(=O)CC(=O)/C=C/c2ccc(O)c(OC)c2)ccc1O,Inhibition,,,%,,Not Determined,B,CHEMBL4765274,CHEMBL220
CHEMBL4799941,COc1cc(/C=C/C(=O)NCC(=O)Nc2ccc3[nH]ccc3c2)ccc1O,Inhibition,,,%,,,B,CHEMBL4765306,CHEMBL220
CHEMBL32749,COc1cc(/C=C/C(=O)O)ccc1O,Inhibition,<,20.0,%,,,B,CHEMBL4765306,CHEMBL220
CHEMBL32749,COc1cc(/C=C/C(=O)O)ccc1O,Inhibition,<,10.0,%,,,B,CHEMBL4765306,CHEMBL220
CHEMBL4799941,COc1cc(/C=C/C(=O)NCC(=O)Nc2ccc3[nH]ccc3c2)ccc1O,Inhibition,=,9.06,%,,,B,CHEMBL4765306,CHEMBL220
CHEMBL32749,COc1cc(/C=C/C(=O)O)ccc1O,Inhibition,=,0.12,%,,,B,CHEMBL4765306,CHEMBL220
CHEMBL502,COc1cc2c(cc1OC)C(=O)C(CC1CCN(Cc3ccccc3)CC1)C2,Inhibition,=,10.14,%,,,B,CHEMBL4765306,CHEMBL220
CHEMBL4799941,COc1cc(/C=C/C(=O)NCC(=O)Nc2ccc3[nH]ccc3c2)ccc1O,Inhibition,=,11.78,%,,,B,CHEMBL4765306,CHEMBL220
CHEMBL32749,COc1cc(/C=C/C(=O)O)ccc1O,Inhibition,=,2.22,%,,,B,CHEMBL4765306,CHEMBL220
CHEMBL502,COc1cc2c(cc1OC)C(=O)C(CC1CCN(Cc3ccccc3)CC1)C2,Inhibition,=,13.95,%,,,B,CHEMBL4765306,CHEMBL220
CHEMBL4799941,COc1cc(/C=C/C(=O)NCC(=O)Nc2ccc3[nH]ccc3c2)ccc1O,Inhibition,=,18.47,%,,,B,CHEMBL4765306,CHEMBL220
CHEMBL32749,COc1cc(/C=C/C(=O)O)ccc1O,Inhibition,=,5.1,%,,,B,CHEMBL4765306,CHEMBL220
CHEMBL502,COc1cc2c(cc1OC)C(=O)C(CC1CCN(Cc3ccccc3)CC1)C2,Inhibition,=,21.65,%,,,B,CHEMBL4765306,CHEMBL220
CHEMBL4799941,COc1cc(/C=C/C(=O)NCC(=O)Nc2ccc3[nH]ccc3c2)ccc1O,Inhibition,=,28.53,%,,,B,CHEMBL4765306,CHEMBL220
CHEMBL32749,COc1cc(/C=C/C(=O)O)ccc1O,Inhibition,=,8.65,%,,,B,CHEMBL4765306,CHEMBL220
CHEMBL502,COc1cc2c(cc1OC)C(=O)C(CC1CCN(Cc3ccccc3)CC1)C2,Inhibition,=,30.88,%,,,B,CHEMBL4765306,CHEMBL220
CHEMBL4781081,O=C(Nc1ccccc1)OCC1CCN(Cc2ccccc2)CC1,Inhibition,,,%,,,B,CHEMBL4765308,CHEMBL220
CHEMBL4795569,CC(C)c1ccc(NC(=O)OCC2CCN(Cc3ccccc3)CC2)cc1,Inhibition,,,%,,,B,CHEMBL4765308,CHEMBL220
CHEMBL4782422,O=C(Nc1ccccc1)OC1CCCN(C2Cc3ccccc3C2)C1,Inhibition,,,%,,,B,CHEMBL4765308,CHEMBL220
CHEMBL4781081,O=C(Nc1ccccc1)OCC1CCN(Cc2ccccc2)CC1,Inhibition,,,%,,,B,CHEMBL4765308,CHEMBL220
CHEMBL4795569,CC(C)c1ccc(NC(=O)OCC2CCN(Cc3ccccc3)CC2)cc1,Inhibition,,,%,,,B,CHEMBL4765308,CHEMBL220
CHEMBL4782422,O=C(Nc1ccccc1)OC1CCCN(C2Cc3ccccc3C2)C1,Inhibition,,,%,,,B,CHEMBL4765308,CHEMBL220
CHEMBL3969818,COc1cccc2c1C=[N+](c1ccccc1)CC2.[Br-],Inhibition,=,77.9,%,,,B,CHEMBL4765338,CHEMBL220
CHEMBL3942074,COc1cccc2c1C=[N+](c1ccccc1F)CC2.[Br-],Inhibition,=,73.4,%,,,B,CHEMBL4765338,CHEMBL220
CHEMBL3893741,COc1cccc2c1C=[N+](c1cccc(F)c1)CC2.[Br-],Inhibition,=,22.8,%,,,B,CHEMBL4765338,CHEMBL220
CHEMBL3892652,COc1cccc2c1C=[N+](c1ccc(F)cc1)CC2.[Br-],Inhibition,=,80.3,%,,,B,CHEMBL4765338,CHEMBL220
CHEMBL3970993,COc1cccc2c1C=[N+](c1ccccc1Cl)CC2.[Br-],Inhibition,=,54.1,%,,,B,CHEMBL4765338,CHEMBL220
CHEMBL3899601,COc1cccc2c1C=[N+](c1cccc(Cl)c1)CC2.[Br-],Inhibition,=,25.0,%,,,B,CHEMBL4765338,CHEMBL220
CHEMBL3914364,COc1cccc2c1C=[N+](c1ccc(Cl)cc1)CC2.[Br-],Inhibition,=,90.8,%,,,B,CHEMBL4765338,CHEMBL220
CHEMBL3889812,COc1cccc2c1C=[N+](c1ccccc1Br)CC2.[Br-],Inhibition,=,76.1,%,,,B,CHEMBL4765338,CHEMBL220
CHEMBL3916407,COc1cccc2c1C=[N+](c1cccc(Br)c1)CC2.[Br-],Inhibition,=,27.9,%,,,B,CHEMBL4765338,CHEMBL220
CHEMBL3986155,COc1cccc2c1C=[N+](c1ccc(Br)cc1)CC2.[Br-],Inhibition,=,92.5,%,,,B,CHEMBL4765338,CHEMBL220
CHEMBL3925400,COc1cccc2c1C=[N+](c1ccccc1I)CC2.[Br-],Inhibition,=,80.4,%,,,B,CHEMBL4765338,CHEMBL220
CHEMBL3897347,COc1cccc2c1C=[N+](c1cccc(I)c1)CC2.[Br-],Inhibition,=,39.0,%,,,B,CHEMBL4765338,CHEMBL220
CHEMBL3934295,COc1cccc2c1C=[N+](c1ccc(I)cc1)CC2.[Br-],Inhibition,=,82.4,%,,,B,CHEMBL4765338,CHEMBL220
CHEMBL3906317,COc1cccc2c1C=[N+](c1ccccc1C(F)(F)F)CC2.[Br-],Inhibition,=,24.7,%,,,B,CHEMBL4765338,CHEMBL220
CHEMBL3943261,COc1cccc2c1C=[N+](c1cccc(C(F)(F)F)c1)CC2.[Br-],Inhibition,=,34.7,%,,,B,CHEMBL4765338,CHEMBL220
CHEMBL3915297,COc1cccc2c1C=[N+](c1ccc(C(F)(F)F)cc1)CC2.[Br-],Inhibition,=,74.7,%,,,B,CHEMBL4765338,CHEMBL220
CHEMBL3892569,COc1cccc2c1C=[N+](c1ccccc1C#N)CC2.[Br-],Inhibition,=,49.3,%,,,B,CHEMBL4765338,CHEMBL220
CHEMBL3920563,COc1cccc2c1C=[N+](c1cccc(C#N)c1)CC2.[Br-],Inhibition,=,67.7,%,,,B,CHEMBL4765338,CHEMBL220
CHEMBL3901518,COc1cccc2c1C=[N+](c1ccc(C#N)cc1)CC2.[Br-],Inhibition,=,8.0,%,,,B,CHEMBL4765338,CHEMBL220
CHEMBL3897479,COc1cccc2c1C=[N+](c1ccccc1C)CC2.[Br-],Inhibition,=,61.8,%,,,B,CHEMBL4765338,CHEMBL220
CHEMBL3973603,COc1cccc2c1C=[N+](c1cccc(C)c1)CC2.[Br-],Inhibition,=,67.8,%,,,B,CHEMBL4765338,CHEMBL220
CHEMBL3957605,COc1cccc2c1C=[N+](c1ccc(C)cc1)CC2.[Br-],Inhibition,=,87.9,%,,,B,CHEMBL4765338,CHEMBL220
CHEMBL3986315,COc1ccccc1[N+]1=Cc2c(cccc2OC)CC1.[Br-],Inhibition,=,32.1,%,,,B,CHEMBL4765338,CHEMBL220
CHEMBL3902616,COc1cccc([N+]2=Cc3c(cccc3OC)CC2)c1.[Br-],Inhibition,=,69.2,%,,,B,CHEMBL4765338,CHEMBL220
CHEMBL3925211,COc1ccc([N+]2=Cc3c(cccc3OC)CC2)cc1.[Br-],Inhibition,=,85.0,%,,,B,CHEMBL4765338,CHEMBL220
CHEMBL3981622,COc1cccc2c1C=[N+](c1c(F)cccc1F)CC2.[Br-],Inhibition,=,81.1,%,,,B,CHEMBL4765338,CHEMBL220
CHEMBL3924569,COc1cccc2c1C=[N+](c1ccc(Cl)cc1Cl)CC2.[Br-],Inhibition,=,87.8,%,,,B,CHEMBL4765338,CHEMBL220
CHEMBL3953893,COc1cccc2c1C=[N+](c1cc(Cl)cc(Cl)c1)CC2.[Br-],Inhibition,=,41.2,%,,,B,CHEMBL4765338,CHEMBL220
CHEMBL3982580,COc1cccc2c1C=[N+](c1ccc(Br)cc1Br)CC2.[Br-],Inhibition,=,73.8,%,,,B,CHEMBL4765338,CHEMBL220
CHEMBL3979102,COc1cccc2c1C=[N+](c1ccc(Br)cc1F)CC2.[Br-],Inhibition,=,85.7,%,,,B,CHEMBL4765338,CHEMBL220
CHEMBL3900117,COc1cccc2c1C=[N+](c1ccc(I)cc1F)CC2.[Br-],Inhibition,=,87.9,%,,,B,CHEMBL4765338,CHEMBL220
CHEMBL4779440,Brc1ccc([N+]2=Cc3ccccc3CC2)cc1.[Br-],Inhibition,=,50.4,%,,,B,CHEMBL4765338,CHEMBL220
CHEMBL4789164,COc1cccc2cc[n+](-c3ccccc3)cc12.[Br-],Inhibition,=,89.4,%,,,B,CHEMBL4765338,CHEMBL220
CHEMBL4776766,COc1cccc2cc[n+](-c3ccccc3F)cc12.[Br-],Inhibition,=,80.2,%,,,B,CHEMBL4765338,CHEMBL220
CHEMBL4793972,COc1cccc2cc[n+](-c3cccc(F)c3)cc12.[Br-],Inhibition,=,62.7,%,,,B,CHEMBL4765338,CHEMBL220
CHEMBL4796540,COc1cccc2cc[n+](-c3ccc(F)cc3)cc12.[Br-],Inhibition,=,88.8,%,,,B,CHEMBL4765338,CHEMBL220
CHEMBL4786368,COc1cccc2cc[n+](-c3ccccc3Cl)cc12.[Br-],Inhibition,=,60.2,%,,,B,CHEMBL4765338,CHEMBL220
CHEMBL4788885,COc1cccc2cc[n+](-c3cccc(Cl)c3)cc12.[Br-],Inhibition,=,52.6,%,,,B,CHEMBL4765338,CHEMBL220
CHEMBL4781509,COc1cccc2cc[n+](-c3ccc(Cl)cc3)cc12.[Br-],Inhibition,=,94.0,%,,,B,CHEMBL4765338,CHEMBL220
CHEMBL4796157,COc1cccc2cc[n+](-c3ccccc3Br)cc12.[Br-],Inhibition,=,64.0,%,,,B,CHEMBL4765338,CHEMBL220
CHEMBL4791833,COc1cccc2cc[n+](-c3cccc(Br)c3)cc12.[Br-],Inhibition,=,32.8,%,,,B,CHEMBL4765338,CHEMBL220
CHEMBL4789019,COc1cccc2cc[n+](-c3ccc(Br)cc3)cc12.[Br-],Inhibition,=,94.1,%,,,B,CHEMBL4765338,CHEMBL220
CHEMBL4778914,COc1cccc2cc[n+](-c3ccccc3I)cc12.[Br-],Inhibition,=,78.0,%,,,B,CHEMBL4765338,CHEMBL220
CHEMBL4784275,COc1cccc2cc[n+](-c3cccc(I)c3)cc12.[Br-],Inhibition,=,44.4,%,,,B,CHEMBL4765338,CHEMBL220
CHEMBL4793631,COc1cccc2cc[n+](-c3ccc(I)cc3)cc12.[Br-],Inhibition,=,88.6,%,,,B,CHEMBL4765338,CHEMBL220
CHEMBL4783762,COc1cccc2cc[n+](-c3ccccc3C(F)(F)F)cc12.[Br-],Inhibition,=,46.3,%,,,B,CHEMBL4765338,CHEMBL220
CHEMBL4797466,COc1cccc2cc[n+](-c3cccc(C(F)(F)F)c3)cc12.[Br-],Inhibition,=,42.7,%,,,B,CHEMBL4765338,CHEMBL220
CHEMBL4799601,COc1cccc2cc[n+](-c3ccc(C(F)(F)F)cc3)cc12.[Br-],Inhibition,=,90.3,%,,,B,CHEMBL4765338,CHEMBL220
CHEMBL4785451,COc1cccc2cc[n+](-c3ccccc3C#N)cc12.[Br-],Inhibition,=,75.9,%,,,B,CHEMBL4765338,CHEMBL220
CHEMBL4785000,COc1cccc2cc[n+](-c3cccc(C#N)c3)cc12.[Br-],Inhibition,=,73.1,%,,,B,CHEMBL4765338,CHEMBL220
CHEMBL4795263,COc1cccc2cc[n+](-c3ccc(C#N)cc3)cc12.[Br-],Inhibition,=,34.4,%,,,B,CHEMBL4765338,CHEMBL220
CHEMBL4798736,COc1cccc2cc[n+](-c3ccccc3C)cc12.[Br-],Inhibition,=,72.7,%,,,B,CHEMBL4765338,CHEMBL220
CHEMBL4784649,COc1cccc2cc[n+](-c3cccc(C)c3)cc12.[Br-],Inhibition,=,78.0,%,,,B,CHEMBL4765338,CHEMBL220
CHEMBL4800328,COc1cccc2cc[n+](-c3ccc(C)cc3)cc12.[Br-],Inhibition,=,84.7,%,,,B,CHEMBL4765338,CHEMBL220
CHEMBL4785258,COc1ccccc1-[n+]1ccc2cccc(OC)c2c1.[Br-],Inhibition,=,26.3,%,,,B,CHEMBL4765338,CHEMBL220
CHEMBL4784748,COc1cccc(-[n+]2ccc3cccc(OC)c3c2)c1.[Br-],Inhibition,=,66.7,%,,,B,CHEMBL4765338,CHEMBL220
CHEMBL4797670,COc1ccc(-[n+]2ccc3cccc(OC)c3c2)cc1.[Br-],Inhibition,=,95.3,%,,,B,CHEMBL4765338,CHEMBL220
CHEMBL4788638,COc1cccc2cc[n+](-c3c(F)cccc3F)cc12.[Br-],Inhibition,=,76.6,%,,,B,CHEMBL4765338,CHEMBL220
CHEMBL4786171,COc1cccc2cc[n+](-c3ccc(Cl)cc3Cl)cc12.[Br-],Inhibition,=,74.8,%,,,B,CHEMBL4765338,CHEMBL220
CHEMBL4797691,COc1cccc2cc[n+](-c3cc(Cl)cc(Cl)c3)cc12.[Br-],Inhibition,=,33.0,%,,,B,CHEMBL4765338,CHEMBL220
CHEMBL4789238,COc1cccc2cc[n+](-c3ccc(Br)cc3Br)cc12.[Br-],Inhibition,=,90.3,%,,,B,CHEMBL4765338,CHEMBL220
CHEMBL4776809,COc1cccc2cc[n+](-c3ccc(Br)cc3F)cc12.[Br-],Inhibition,=,94.2,%,,,B,CHEMBL4765338,CHEMBL220
CHEMBL4791061,COc1cccc2cc[n+](-c3ccc(I)cc3F)cc12.[Br-],Inhibition,=,87.3,%,,,B,CHEMBL4765338,CHEMBL220
CHEMBL4796496,Brc1ccc(-[n+]2ccc3ccccc3c2)cc1.[Br-],Inhibition,=,72.3,%,,,B,CHEMBL4765338,CHEMBL220
CHEMBL13045,COc1ccc2c(c[n+](C)c3c4cc5c(cc4ccc23)OCO5)c1OC,Inhibition,=,76.9,%,,,B,CHEMBL4765338,CHEMBL220
CHEMBL659,COc1ccc2c3c1O[C@H]1C[C@@H](O)C=C[C@@]31CCN(C)C2,Inhibition,=,81.4,%,,,B,CHEMBL4765338,CHEMBL220
CHEMBL417799,C[n+]1cc2c3c(ccc2c2ccc4cc5c(cc4c21)OCO5)OCO3,Inhibition,=,91.2,%,,,B,CHEMBL4765338,CHEMBL220
CHEMBL4861956,COc1ccc2[nH]c(C(=O)Nc3ccc4nc5n(c(=O)c4c3)CCC5)cc2c1,Inhibition,=,80.05,%,,,B,CHEMBL4808191,CHEMBL220
CHEMBL4854341,O=C(Nc1ccc2nc3n(c(=O)c2c1)CCC3)c1cc2cc(F)ccc2[nH]1,Inhibition,=,61.8,%,,,B,CHEMBL4808191,CHEMBL220
CHEMBL4871461,O=C(Nc1ccc2nc3n(c(=O)c2c1)CCC3)c1cc2cc(Cl)ccc2[nH]1,Inhibition,=,52.1,%,,,B,CHEMBL4808191,CHEMBL220
CHEMBL4861956,COc1ccc2[nH]c(C(=O)Nc3ccc4nc5n(c(=O)c4c3)CCC5)cc2c1,Inhibition,,,%,,,B,CHEMBL4808191,CHEMBL220
CHEMBL4861956,COc1ccc2[nH]c(C(=O)Nc3ccc4nc5n(c(=O)c4c3)CCC5)cc2c1,Inhibition,,,%,,,B,CHEMBL4808191,CHEMBL220
CHEMBL4297522,CCN1C(=O)N(c2c(F)c(OC)cc(OC)c2F)Cc2cnc3[nH]c(CN4CCOCC4)cc3c21,Inhibition,,,%,,,A,CHEMBL4808209,CHEMBL220
CHEMBL4860607,COc1cc(/C=C/C(=O)N2CCN(Cc3ccccc3C)CC2)ccc1O,Inhibition,=,43.1,%,,,B,CHEMBL4808254,CHEMBL220
CHEMBL4871018,COc1cc(/C=C/C(=O)N2CCN(Cc3cccc(C)c3)CC2)ccc1O,Inhibition,=,45.5,%,,,B,CHEMBL4808254,CHEMBL220
CHEMBL4876437,COc1cc(/C=C/C(=O)N2CCN(Cc3ccc(C)cc3)CC2)ccc1O,Inhibition,=,43.16,%,,,B,CHEMBL4808254,CHEMBL220
CHEMBL4861679,COc1cc(/C=C/C(=O)N2CCN(Cc3ccccc3Cl)CC2)ccc1O,Inhibition,=,46.99,%,,,B,CHEMBL4808254,CHEMBL220
CHEMBL4864548,COc1cc(/C=C/C(=O)N2CCN(Cc3ccc(Cl)cc3)CC2)ccc1O,Inhibition,=,37.26,%,,,B,CHEMBL4808254,CHEMBL220
CHEMBL4856377,COc1cc(/C=C/C(=O)N2CCN(Cc3ccccc3F)CC2)ccc1O,Inhibition,=,34.24,%,,,B,CHEMBL4808254,CHEMBL220
CHEMBL4863005,COc1cc(/C=C/C(=O)N2CCN(Cc3ccccc3C#N)CC2)ccc1O,Inhibition,=,45.39,%,,,B,CHEMBL4808254,CHEMBL220
CHEMBL4865179,COc1cc(/C=C/C(=O)N2CCN(Cc3cccc(C#N)c3)CC2)ccc1O,Inhibition,=,42.41,%,,,B,CHEMBL4808254,CHEMBL220
CHEMBL4850916,COc1cc(/C=C/C(=O)N2CCN(Cc3ccc(C#N)cc3)CC2)ccc1O,Inhibition,=,39.4,%,,,B,CHEMBL4808254,CHEMBL220
CHEMBL4863669,COc1cc(/C=C/C(=O)N2CCN(Cc3cccc([N+](=O)[O-])c3)CC2)ccc1O,Inhibition,=,38.76,%,,,B,CHEMBL4808254,CHEMBL220
CHEMBL32749,COc1cc(/C=C/C(=O)O)ccc1O,Inhibition,=,15.12,%,,,B,CHEMBL4808254,CHEMBL220
CHEMBL4873165,COc1cc(/C=C/C(=O)N2CCN(Cc3cccc(F)c3)CC2)ccc1O,Inhibition,,,%,,,B,CHEMBL4808254,CHEMBL220
CHEMBL4869703,COc1ccc2[nH]cc(CCNC(=O)CNC(=O)/C=C/c3ccc(O)c(OC)c3)c2c1,Inhibition,,,%,,,B,CHEMBL4808254,CHEMBL220
CHEMBL4873165,COc1cc(/C=C/C(=O)N2CCN(Cc3cccc(F)c3)CC2)ccc1O,Inhibition,=,3.34,%,,,B,CHEMBL4808254,CHEMBL220
CHEMBL4869703,COc1ccc2[nH]cc(CCNC(=O)CNC(=O)/C=C/c3ccc(O)c(OC)c3)c2c1,Inhibition,=,10.36,%,,,B,CHEMBL4808254,CHEMBL220
CHEMBL4866457,COc1cc(/C=C/C(=O)NCC(=O)NCCc2c[nH]c3ccc(Cl)cc23)ccc1O,Inhibition,=,8.39,%,,,B,CHEMBL4808254,CHEMBL220
CHEMBL502,COc1cc2c(cc1OC)C(=O)C(CC1CCN(Cc3ccccc3)CC1)C2,Inhibition,=,8.87,%,,,B,CHEMBL4808254,CHEMBL220
CHEMBL4873165,COc1cc(/C=C/C(=O)N2CCN(Cc3cccc(F)c3)CC2)ccc1O,Inhibition,=,8.32,%,,,B,CHEMBL4808254,CHEMBL220
CHEMBL4869703,COc1ccc2[nH]cc(CCNC(=O)CNC(=O)/C=C/c3ccc(O)c(OC)c3)c2c1,Inhibition,=,13.96,%,,,B,CHEMBL4808254,CHEMBL220
CHEMBL4866457,COc1cc(/C=C/C(=O)NCC(=O)NCCc2c[nH]c3ccc(Cl)cc23)ccc1O,Inhibition,=,13.64,%,,,B,CHEMBL4808254,CHEMBL220
CHEMBL502,COc1cc2c(cc1OC)C(=O)C(CC1CCN(Cc3ccccc3)CC1)C2,Inhibition,=,11.65,%,,,B,CHEMBL4808254,CHEMBL220
CHEMBL4873165,COc1cc(/C=C/C(=O)N2CCN(Cc3cccc(F)c3)CC2)ccc1O,Inhibition,=,14.83,%,,,B,CHEMBL4808254,CHEMBL220
CHEMBL4869703,COc1ccc2[nH]cc(CCNC(=O)CNC(=O)/C=C/c3ccc(O)c(OC)c3)c2c1,Inhibition,=,21.85,%,,,B,CHEMBL4808254,CHEMBL220
CHEMBL4866457,COc1cc(/C=C/C(=O)NCC(=O)NCCc2c[nH]c3ccc(Cl)cc23)ccc1O,Inhibition,=,19.79,%,,,B,CHEMBL4808254,CHEMBL220
CHEMBL502,COc1cc2c(cc1OC)C(=O)C(CC1CCN(Cc3ccccc3)CC1)C2,Inhibition,=,19.1,%,,,B,CHEMBL4808254,CHEMBL220
CHEMBL4873165,COc1cc(/C=C/C(=O)N2CCN(Cc3cccc(F)c3)CC2)ccc1O,Inhibition,=,20.32,%,,,B,CHEMBL4808254,CHEMBL220
CHEMBL4869703,COc1ccc2[nH]cc(CCNC(=O)CNC(=O)/C=C/c3ccc(O)c(OC)c3)c2c1,Inhibition,=,33.14,%,,,B,CHEMBL4808254,CHEMBL220
CHEMBL4866457,COc1cc(/C=C/C(=O)NCC(=O)NCCc2c[nH]c3ccc(Cl)cc23)ccc1O,Inhibition,=,30.17,%,,,B,CHEMBL4808254,CHEMBL220
CHEMBL502,COc1cc2c(cc1OC)C(=O)C(CC1CCN(Cc3ccccc3)CC1)C2,Inhibition,=,27.96,%,,,B,CHEMBL4808254,CHEMBL220
CHEMBL4865817,CCN(CCCCOc1ccc(C(=O)/C=C/c2ccc(N(C)C)cc2)c(O)c1)Cc1ccccc1N(C)C,Inhibition,=,70.7,%,,,B,CHEMBL4813970,CHEMBL220
CHEMBL502,COc1cc2c(cc1OC)C(=O)C(CC1CCN(Cc3ccccc3)CC1)C2,Inhibition,=,20.1,%,,,B,CHEMBL4813970,CHEMBL220
CHEMBL4878546,Cl.Nc1c2c(nc3cccc(Cl)c13)CCC2,Inhibition,=,6.0,%,,,B,CHEMBL4814070,CHEMBL220
CHEMBL4849511,CCOC(=O)/C(=N\Nc1ccc(C)cc1)C(=O)C(F)F,Inhibition,=,18.2,%,,,B,CHEMBL4819068,CHEMBL220
CHEMBL4870030,COC(=O)/C(=N\Nc1ccc(C)cc1)C(=O)C(F)F,Inhibition,=,5.8,%,,,B,CHEMBL4819068,CHEMBL220
CHEMBL4853013,CCOC(=O)/C(=N\Nc1ccc(C)cc1)C(=O)C(F)(F)C(F)(F)F,Inhibition,=,11.5,%,,,B,CHEMBL4819068,CHEMBL220
CHEMBL4879228,CCOC(=O)/C(=N\Nc1ccc(C)cc1)C(=O)C(F)(F)C(F)(F)C(F)(F)F,Inhibition,=,23.6,%,,,B,CHEMBL4819068,CHEMBL220
CHEMBL4849604,COC(=O)/C(=N\Nc1ccc(OC)cc1)C(=O)C(F)(F)C(F)(F)C(F)(F)F,Inhibition,=,7.1,%,,,B,CHEMBL4819068,CHEMBL220
CHEMBL4848799,CCOC(=O)/C(=N\Nc1ccc(C)cc1)C(=O)C(F)(F)C(F)(F)C(F)(F)C(F)(F)F,Inhibition,=,17.2,%,,,B,CHEMBL4819068,CHEMBL220
CHEMBL4863534,CCOC(=O)/C(=N\Nc1ccc(C)cc1)C(C)=O,Inhibition,=,6.8,%,,,B,CHEMBL4819068,CHEMBL220
CHEMBL4872814,CC(=O)/C(=N\Nc1ccc(C)cc1)C(=O)C(F)(F)F,Inhibition,=,11.0,%,,,B,CHEMBL4819068,CHEMBL220
CHEMBL4878259,Cc1ccc(N/N=C(\C(=O)c2ccccc2)C(=O)C(F)(F)F)cc1,Inhibition,=,9.1,%,,,B,CHEMBL4819068,CHEMBL220
CHEMBL1231178,O=[N+]([O-])c1ccc(OP(=O)(O)Oc2ccc([N+](=O)[O-])cc2)cc1,Inhibition,,,%,,,B,CHEMBL4819068,CHEMBL220
CHEMBL4862510,NC(=O)c1ccc2c(c1)N(Cc1ccc(C(=O)NO)cc1)c1ccccc1S2,Inhibition,,,%,,,B,CHEMBL4819073,CHEMBL220
CHEMBL502,COc1cc2c(cc1OC)C(=O)C(CC1CCN(Cc3ccccc3)CC1)C2,Inhibition,,,%,,,B,CHEMBL4819150,CHEMBL220
CHEMBL4877069,COC(=O)/C=C/c1cccc2[nH]cc(CN(C)C)c12,Inhibition,,,%,,,B,CHEMBL4819150,CHEMBL220
CHEMBL4874199,CN(C)Cc1c[nH]c2cccc(/C=C/C(N)=O)c12,Inhibition,,,%,,,B,CHEMBL4819150,CHEMBL220
CHEMBL4848281,O=C1C[C@H]2c3cccc4[nH]cc(c34)C[C@@H]2N1,Inhibition,,,%,,,B,CHEMBL4819150,CHEMBL220
CHEMBL1984135,CN1CCc2[nH]c3ccccc3c2C1,Inhibition,<,50.0,%,,,B,CHEMBL4823302,CHEMBL220
CHEMBL828,c1ccc2c(c1)Nc1ccccc1S2,Inhibition,<,30.0,%,,,B,CHEMBL4823302,CHEMBL220
CHEMBL4863598,c1ccc2oc(C3CCNCC3)cc2c1,Inhibition,=,15.22,%,,,B,CHEMBL4825688,CHEMBL220
CHEMBL4855388,c1ccc(CN2CCC(c3cc4ccccc4o3)CC2)cc1,Inhibition,=,40.41,%,,,B,CHEMBL4825688,CHEMBL220
CHEMBL4873119,Oc1ccc(CN2CCC(c3cc4ccccc4o3)CC2)cc1,Inhibition,=,34.82,%,,,B,CHEMBL4825688,CHEMBL220
CHEMBL4863754,COc1ccc(CN2CCC(c3cc4ccccc4o3)CC2)cc1OC,Inhibition,=,11.35,%,,,B,CHEMBL4825688,CHEMBL220
CHEMBL4871752,COc1ccc(CN2CCC(c3cc4ccccc4o3)CC2)cc1,Inhibition,=,49.73,%,,,B,CHEMBL4825688,CHEMBL220
CHEMBL4875660,COc1ccc(OC)c(CN2CCC(c3cc4ccccc4o3)CC2)c1,Inhibition,=,49.79,%,,,B,CHEMBL4825688,CHEMBL220
CHEMBL4855139,CCc1ccc(CN2CCC(c3cc4ccccc4o3)CC2)cc1,Inhibition,=,22.79,%,,,B,CHEMBL4825688,CHEMBL220
CHEMBL4878578,Clc1ccc(CN2CCC(c3cc4ccccc4o3)CC2)cc1,Inhibition,=,17.04,%,,,B,CHEMBL4825688,CHEMBL220
CHEMBL4875517,Fc1ccc(CN2CCC(c3cc4ccccc4o3)CC2)cc1,Inhibition,=,53.91,%,,,B,CHEMBL4825688,CHEMBL220
CHEMBL4865381,O=C(c1ccccc1)c1c(C2CCN(Cc3ccccc3)CC2)oc2ccccc12,Inhibition,=,52.12,%,,,B,CHEMBL4825688,CHEMBL220
CHEMBL4849087,COc1ccc(C(=O)c2c(C3CCN(Cc4ccccc4)CC3)oc3ccccc23)cc1,Inhibition,=,56.49,%,,,B,CHEMBL4825688,CHEMBL220
CHEMBL4848309,COc1ccc(CN2CCC(c3oc4ccccc4c3C(=O)c3ccccc3)CC2)cc1OC,Inhibition,=,37.03,%,,,B,CHEMBL4825688,CHEMBL220
CHEMBL4874487,COc1ccc(CN2CCC(c3oc4ccccc4c3C(=O)c3ccc(OC)c(OC)c3)CC2)cc1OC,Inhibition,=,13.24,%,,,B,CHEMBL4825688,CHEMBL220
CHEMBL4858801,COc1ccc(OC)c(CN2CCC(c3oc4ccccc4c3C(=O)c3ccccc3)CC2)c1,Inhibition,=,28.55,%,,,B,CHEMBL4825688,CHEMBL220
CHEMBL4848809,COc1ccc(OC)c(CN2CCC(c3oc4ccccc4c3C(=O)c3ccc(OC)c(OC)c3)CC2)c1,Inhibition,=,21.03,%,,,B,CHEMBL4825688,CHEMBL220
CHEMBL4857748,COc1ccc(C(=O)c2c(C3CCN(Cc4cc(OC)ccc4OC)CC3)oc3ccccc23)cc1,Inhibition,=,19.36,%,,,B,CHEMBL4825688,CHEMBL220
CHEMBL4853093,COc1ccc(CN2CCC(c3oc4ccccc4c3C(=O)c3ccccc3)CC2)cc1,Inhibition,=,17.02,%,,,B,CHEMBL4825688,CHEMBL220
CHEMBL4845972,COc1ccc(CN2CCC(c3oc4ccccc4c3C(=O)c3ccc(OC)cc3)CC2)cc1,Inhibition,=,29.41,%,,,B,CHEMBL4825688,CHEMBL220
CHEMBL140,COc1cc(/C=C/C(=O)CC(=O)/C=C/c2ccc(O)c(OC)c2)ccc1O,Inhibition,,,%,,Not Determined,B,CHEMBL4825688,CHEMBL220
CHEMBL502,COc1cc2c(cc1OC)C(=O)C(CC1CCN(Cc3ccccc3)CC1)C2,Inhibition,=,18.9,%,,,B,CHEMBL4825688,CHEMBL220
CHEMBL636,CCN(C)C(=O)Oc1cccc([C@H](C)N(C)C)c1,Inhibition,,,%,,Not Determined,B,CHEMBL4825688,CHEMBL220
CHEMBL4867218,C=C(C)[C@@H]1CCC(C)=C[C@H]1c1c(O)cc(CCCCC)cc1OC(=O)N(C)CC,Inhibition,=,13.2,%,,,B,CHEMBL4831510,CHEMBL220
CHEMBL4870785,C=C(C)[C@@H]1CCC(C)=C[C@H]1c1c(O)cc(CCCCC)cc1OC(=O)N(C)Cc1ccc(Cl)cc1,Inhibition,=,26.3,%,,,B,CHEMBL4831510,CHEMBL220
CHEMBL636,CCN(C)C(=O)Oc1cccc([C@H](C)N(C)C)c1,Inhibition,=,12.2,%,,,B,CHEMBL4831510,CHEMBL220
CHEMBL4846102,O=c1c2cc(NCc3ccccc3O)ccc2nc2n1CCC2,Inhibition,=,49.0,%,,,B,CHEMBL4834473,CHEMBL220
CHEMBL4874834,COc1cccc(CNc2ccc3nc4n(c(=O)c3c2)CCC4)c1O,Inhibition,=,55.1,%,,,B,CHEMBL4834473,CHEMBL220
CHEMBL4852660,COc1ccc(CNc2ccc3nc4n(c(=O)c3c2)CCC4)c(O)c1,Inhibition,=,68.7,%,,,B,CHEMBL4834473,CHEMBL220
CHEMBL4849288,Cc1cc2nc3n(c(=O)c2cc1NCc1ccccc1O)CCC3,Inhibition,=,40.2,%,,,B,CHEMBL4834473,CHEMBL220
CHEMBL4870217,COc1cccc(CNc2cc3c(=O)n4c(nc3cc2C)CCC4)c1O,Inhibition,=,55.0,%,,,B,CHEMBL4834473,CHEMBL220
CHEMBL4860689,COc1ccc(CNc2cc3c(=O)n4c(nc3cc2C)CCC4)c(O)c1,Inhibition,=,72.6,%,,,B,CHEMBL4834473,CHEMBL220
CHEMBL497,Oc1c(I)cc(Cl)c2cccnc12,Inhibition,=,11.5,%,,,B,CHEMBL4834473,CHEMBL220
CHEMBL456881,O=c1c2ccccc2nc2n1CCC2,Inhibition,=,3.83,%,,,B,CHEMBL4834473,CHEMBL220
CHEMBL4855760,COc1ccc2c3c1O[C@H]1C[C@@H](O)C=C[C@@]31CCN(CCCCc1cn(CCCC(=O)NCCc3c[nH]c4ccccc34)nn1)C2,Inhibition,,,%,,,B,CHEMBL4837234,CHEMBL220
CHEMBL4855760,COc1ccc2c3c1O[C@H]1C[C@@H](O)C=C[C@@]31CCN(CCCCc1cn(CCCC(=O)NCCc3c[nH]c4ccccc34)nn1)C2,Inhibition,,,%,,,B,CHEMBL4837234,CHEMBL220
CHEMBL4873386,Fc1ccc(Cl)c(-c2ccc(N[C@H]3C[C@@H]4CN(CC5CCOCC5)C[C@@H]4C3)nn2)c1,Inhibition,=,3.3,%,,,B,CHEMBL4837245,CHEMBL220
CHEMBL4876599,c1ccc(-c2ccc(N[C@H]3C[C@@H]4CN(CC5CCOCC5)C[C@@H]4C3)nn2)cc1,Inhibition,=,4.0,%,,,B,CHEMBL4837245,CHEMBL220
CHEMBL4848896,c1cncc(-c2ccc(N[C@H]3C[C@@H]4CN(CC5CCOCC5)C[C@@H]4C3)nn2)c1,Inhibition,=,7.0,%,,,B,CHEMBL4837245,CHEMBL220
CHEMBL4855467,CC(=O)Nc1ccc(-c2ccc(N[C@H]3C[C@@H]4CN(CC5CCOCC5)C[C@@H]4C3)nn2)cc1,Inhibition,=,5.0,%,,,B,CHEMBL4837245,CHEMBL220
CHEMBL4865665,CN1Cc2cc(-c3ccc(N[C@H]4C[C@@H]5CN(CC6CCOCC6)C[C@@H]5C4)nn3)ccc2C1=O,Inhibition,=,3.0,%,,,B,CHEMBL4837245,CHEMBL220
CHEMBL4851711,Fc1ccccc1-c1ccc(N[C@H]2C[C@@H]3CN(CC4CCOCC4)C[C@@H]3C2)nn1,Inhibition,=,4.0,%,,,B,CHEMBL4837245,CHEMBL220
CHEMBL4854289,Fc1cccc(-c2ccc(N[C@H]3C[C@@H]4CN(CC5CCOCC5)C[C@@H]4C3)nn2)c1,Inhibition,=,4.0,%,,,B,CHEMBL4837245,CHEMBL220
CHEMBL4860985,Fc1ccc(-c2ccc(N[C@H]3C[C@@H]4CN(CC5CCOCC5)C[C@@H]4C3)nn2)cc1,Inhibition,=,4.0,%,,,B,CHEMBL4837245,CHEMBL220
CHEMBL4864914,Fc1ccc(F)c(-c2ccc(N[C@H]3C[C@@H]4CN(CC5CCOCC5)C[C@@H]4C3)nn2)c1,Inhibition,=,4.0,%,,,B,CHEMBL4837245,CHEMBL220
CHEMBL4850236,Fc1cc(F)c(F)c(-c2ccc(N[C@H]3C[C@@H]4CN(CC5CCOCC5)C[C@@H]4C3)nn2)c1,Inhibition,=,3.0,%,,,B,CHEMBL4837245,CHEMBL220
CHEMBL4861863,[2H]C([2H])(C1CCOCC1)N1C[C@H]2C[C@H](Nc3ccc(-c4cc(F)ccc4Cl)nn3)C[C@H]2C1,Inhibition,=,3.0,%,,,B,CHEMBL4837245,CHEMBL220
CHEMBL4873617,[2H]C([2H])(C1CCOCC1)N1C[C@H]2C[C@H](Nc3ccc(-c4cc(F)cc(F)c4F)nn3)C[C@H]2C1,Inhibition,=,3.0,%,,,B,CHEMBL4837245,CHEMBL220
CHEMBL4847286,COc1ccc2ncc(F)c(C(O)C[C@H]3OC[C@H](NCc4cc5c(nn4)OCCS5)CO3)c2n1,Inhibition,>,45.0,%,,,B,CHEMBL4837261,CHEMBL220
CHEMBL4852949,COc1ccc2ncc(F)c(C[C@H](O)[C@H]3OC[C@H](NCc4cc5c(nn4)OCCS5)CO3)c2n1,Inhibition,>,45.0,%,,,B,CHEMBL4837261,CHEMBL220
CHEMBL4537788,O=C(NCc1ncc(C(F)(F)F)cc1Cl)c1ccc2c(c1)C1(CCS(=O)(=O)CC1)[C@H](C1CC1)N2S(=O)(=O)c1ccc(F)cc1,Inhibition,=,56.0,%,,Slightly Active,B,CHEMBL4507266,CHEMBL220
CHEMBL4098877,C[C@@H]1CN(c2cc(-c3n[nH]c4ccc(OC5(C)CC5)cc34)ncn2)C[C@H](C)O1,Inhibition,=,-2.0,%,,Not Active,B,CHEMBL4507291,CHEMBL220
CHEMBL1800685,O=C(O)c1cc(-c2ccc(C3CCNCC3)cc2)c2ccc(-c3ccc(C(F)(F)F)cc3)cc2c1,Inhibition,=,-47.0,%,,Not Active,B,CHEMBL4507292,CHEMBL220
CHEMBL2204538,COCCOc1nc(-c2ccc(Cl)nc2)nc2c1CN(C(=O)c1ncn3ccccc13)CC2,Inhibition,=,-1.0,%,,Not Active,B,CHEMBL4507293,CHEMBL220
CHEMBL1651534,O=C(Nc1cccnn1)N1CCC(=Cc2cccc(Oc3ccc(C(F)(F)F)cn3)c2)CC1,Inhibition,=,10.0,%,,Not Active,B,CHEMBL4507297,CHEMBL220
CHEMBL4282264,CNC(=O)Nc1ccc2c(c1)CC[C@@]21OC(=O)N(CC(=O)N(Cc2ccc(F)cc2)[C@@H](C)C(F)(F)F)C1=O,Inhibition,=,-1.0,%,,Not Active,B,CHEMBL4507259,CHEMBL220
CHEMBL4536197,CNC(=O)Nc1ccc2c(c1)[C@@]1(CC2)OC(=O)N(CC(=O)N(Cc2ccc(F)cc2)[C@@H](C)C(F)(F)F)C1=O,Inhibition,=,8.0,%,,Not Active,B,CHEMBL4507259,CHEMBL220
CHEMBL1800285,N#CC1(c2ccccn2)CCN(Cc2cc(C(=O)O)c(=O)n3ccccc23)CC1,Inhibition,=,1.0,%,,Not Active,B,CHEMBL4507295,CHEMBL220
CHEMBL3286797,COc1ccc2cc(OCC3(C(=O)O)CN(C(=O)c4ccc(F)cc4)C3)ccc2c1,Inhibition,=,45.0,%,,Not Active,B,CHEMBL4507298,CHEMBL220
CHEMBL4802045,CC[C@@H](Nc1c(C#N)c(-c2ccc(-c3cccc(C)c3F)cc2)nc2cnccc12)C(=O)O,Inhibition,=,27.0,%,,Not Active,B,CHEMBL4800729,CHEMBL220
CHEMBL1221863,CO[C@H]1C=C2[C@H]3CN(Cc4cc5c(cc43)OCO5)[C@H]2C[C@@H]1O,Inhibition,=,13.7,%,,,B,CHEMBL5029165,CHEMBL220
CHEMBL5088074,CO[C@H]1C[C@H]2C(=C[C@@H]1OCCN1CCCCC1)[C@H]1CN2Cc2cc3c(cc21)OCO3,Inhibition,=,6.5,%,,,B,CHEMBL5029165,CHEMBL220
CHEMBL5091842,CO[C@H]1C[C@H]2C(=C[C@@H]1OC(=O)c1cc([N+](=O)[O-])ccc1Cl)[C@H]1CN2Cc2cc3c(cc21)OCO3,Inhibition,=,78.7,%,,,B,CHEMBL5029165,CHEMBL220
CHEMBL5090057,CO[C@H]1C[C@H]2C(=C[C@@H]1OC(=O)C1CCCCC1)[C@H]1CN2Cc2cc3c(cc21)OCO3,Inhibition,=,1.2,%,,,B,CHEMBL5029165,CHEMBL220
CHEMBL5077388,CO[C@H]1C[C@H]2C(=C[C@@H]1OC(=O)c1cccs1)[C@H]1CN2Cc2cc3c(cc21)OCO3,Inhibition,=,29.4,%,,,B,CHEMBL5029165,CHEMBL220
CHEMBL5077463,CO[C@H]1C[C@H]2C(=C[C@@H]1OC(=O)c1ccoc1)[C@H]1CN2Cc2cc3c(cc21)OCO3,Inhibition,=,6.8,%,,,B,CHEMBL5029165,CHEMBL220
CHEMBL5084173,CO[C@H]1C[C@H]2C(=C[C@@H]1OC(=O)c1cc(Br)cc([N+](=O)[O-])c1)[C@H]1CN2Cc2cc3c(cc21)OCO3,Inhibition,=,28.0,%,,,B,CHEMBL5029165,CHEMBL220
CHEMBL5078153,CO[C@H]1C[C@H]2C(=C[C@@H]1OC(=O)c1ccc([N+](=O)[O-])cc1Cl)[C@H]1CN2Cc2cc3c(cc21)OCO3,Inhibition,=,48.6,%,,,B,CHEMBL5029165,CHEMBL220
CHEMBL5075459,CO[C@H]1C[C@H]2C(=C[C@@H]1OC(=O)c1ccc(C)c([N+](=O)[O-])c1)[C@H]1CN2Cc2cc3c(cc21)OCO3,Inhibition,=,81.5,%,,,B,CHEMBL5029165,CHEMBL220
CHEMBL5083797,CO[C@H]1C[C@H]2C(=C[C@@H]1OC(=O)c1cc([N+](=O)[O-])cc([N+](=O)[O-])c1)[C@H]1CN2Cc2cc3c(cc21)OCO3,Inhibition,=,70.8,%,,,B,CHEMBL5029165,CHEMBL220
CHEMBL5078705,CO[C@H]1C[C@H]2C(=C[C@@H]1OC(=O)c1ccc([N+](=O)[O-])cc1)[C@H]1CN2Cc2cc3c(cc21)OCO3,Inhibition,=,48.1,%,,,B,CHEMBL5029165,CHEMBL220
CHEMBL5069654,COc1ccc(C(=O)O[C@H]2C=C3[C@H]4CN(Cc5cc6c(cc54)OCO6)[C@H]3C[C@@H]2OC)cc1OC,Inhibition,=,17.2,%,,,B,CHEMBL5029165,CHEMBL220
CHEMBL5072956,COc1ccccc1C(=O)O[C@H]1C=C2[C@H]3CN(Cc4cc5c(cc43)OCO5)[C@H]2C[C@@H]1OC,Inhibition,=,15.6,%,,,B,CHEMBL5029165,CHEMBL220
CHEMBL5080499,CO[C@H]1C[C@H]2C(=C[C@@H]1OC(=O)c1ccc(C)cc1)[C@H]1CN2Cc2cc3c(cc21)OCO3,Inhibition,=,12.4,%,,,B,CHEMBL5029165,CHEMBL220
CHEMBL5090722,CO[C@H]1C[C@H]2C(=C[C@@H]1OC(=O)c1ccccc1C)[C@H]1CN2Cc2cc3c(cc21)OCO3,Inhibition,=,29.7,%,,,B,CHEMBL5029165,CHEMBL220
CHEMBL5076593,CO[C@H]1C[C@H]2C(=C[C@@H]1OC(=O)c1ccccc1)[C@H]1CN2Cc2cc3c(cc21)OCO3,Inhibition,=,8.5,%,,,B,CHEMBL5029165,CHEMBL220
CHEMBL4210016,CO[C@H]1C[C@H]2C(=C[C@@H]1O)[C@H]1CN2Cc2cc3c(cc21)OCO3,Inhibition,=,9.2,%,,,B,CHEMBL5029165,CHEMBL220
CHEMBL5078674,COc1cccc(C(=O)O[C@H]2C=C3[C@H]4CN(Cc5cc6c(cc54)OCO6)[C@H]3C[C@@H]2OC)c1,Inhibition,=,19.3,%,,,B,CHEMBL5029165,CHEMBL220
CHEMBL5079347,CO[C@H]1C[C@H]2C(=C[C@@H]1OC(=O)N1CCCCC1)[C@H]1CN2Cc2cc3c(cc21)OCO3,Inhibition,=,8.8,%,,,B,CHEMBL5029165,CHEMBL220
CHEMBL5087321,CO[C@H]1C[C@H]2C(=C[C@@H]1OC(=O)c1ccc(Cl)c([N+](=O)[O-])c1)[C@H]1CN2Cc2cc3c(cc21)OCO3,Inhibition,=,83.7,%,,,B,CHEMBL5029165,CHEMBL220
CHEMBL5081301,CO[C@H]1C[C@H]2C(=C[C@@H]1OC(=O)c1cccc(C)c1)[C@H]1CN2Cc2cc3c(cc21)OCO3,Inhibition,=,18.2,%,,,B,CHEMBL5029165,CHEMBL220
CHEMBL5087001,CO[C@H]1C[C@H]2C(=C[C@@H]1OC(=O)c1ccco1)[C@H]1CN2Cc2cc3c(cc21)OCO3,Inhibition,=,15.1,%,,,B,CHEMBL5029165,CHEMBL220
CHEMBL5076903,CO[C@H]1C[C@H]2C(=C[C@@H]1OC(=O)c1cccc([N+](=O)[O-])c1)[C@H]1CN2Cc2cc3c(cc21)OCO3,Inhibition,=,55.3,%,,,B,CHEMBL5029165,CHEMBL220
CHEMBL5082296,CO[C@H]1C[C@H]2C(=C[C@@H]1OC(=O)c1ccccc1[N+](=O)[O-])[C@H]1CN2Cc2cc3c(cc21)OCO3,Inhibition,=,34.1,%,,,B,CHEMBL5029165,CHEMBL220
CHEMBL5077963,COc1ccc(C(=O)O[C@H]2C=C3[C@H]4CN(Cc5cc6c(cc54)OCO6)[C@H]3C[C@@H]2OC)cc1,Inhibition,=,12.5,%,,,B,CHEMBL5029165,CHEMBL220
CHEMBL5079878,CO[C@H]1C=C2[C@H]3CN(Cc4cc5c(cc43)OCO5)[C@H]2C[C@@H]1OC(=O)c1ccc(C)c([N+](=O)[O-])c1,Inhibition,=,30.3,%,,,B,CHEMBL5029165,CHEMBL220
CHEMBL5077601,CO[C@H]1C=C2[C@H]3CN(Cc4cc5c(cc43)OCO5)[C@H]2C[C@@H]1OC(=O)c1ccc(Cl)c([N+](=O)[O-])c1,Inhibition,=,4.8,%,,,B,CHEMBL5029165,CHEMBL220
CHEMBL5090352,CO[C@H]1C=C2[C@H]3CN(Cc4cc5c(cc43)OCO5)[C@H]2C[C@@H]1OC(=O)c1ccc([N+](=O)[O-])cc1Cl,Inhibition,=,2.3,%,,,B,CHEMBL5029165,CHEMBL220
CHEMBL5086626,CO[C@H]1C=C2[C@H]3CN(Cc4cc5c(cc43)OCO5)[C@H]2C[C@@H]1OC(=O)c1cc([N+](=O)[O-])ccc1Cl,Inhibition,=,1.8,%,,,B,CHEMBL5029165,CHEMBL220
CHEMBL5070022,CO[C@H]1C=C2[C@H]3CN(Cc4cc5c(cc43)OCO5)[C@H]2C[C@@H]1OC(=O)N1CCCCC1,Inhibition,=,10.9,%,,,B,CHEMBL5029165,CHEMBL220
CHEMBL5079144,COc1ccc2[nH]cc(CCNC(=O)CCNC(=O)Oc3ccc4c(c3)CN3CCc5ccccc5C3N4C)c2c1,Inhibition,=,2.3,%,,,B,CHEMBL5032507,CHEMBL220
CHEMBL5081534,COc1ccc2[nH]cc(CCNC(=O)CCCCNC(=O)Oc3ccc4c(c3)CN3CCc5ccccc5C3N4C)c2c1,Inhibition,=,15.0,%,,,B,CHEMBL5032507,CHEMBL220
CHEMBL5078611,COc1ccc2[nH]cc(CCNC(=O)CCCCCCNC(=O)Oc3ccc4c(c3)CN3CCc5ccccc5C3N4C)c2c1,Inhibition,=,6.5,%,,,B,CHEMBL5032507,CHEMBL220
CHEMBL5084655,COc1cc(/C=C/C(=O)NCCCCNC(=O)Oc2ccc3c(c2)CN2CCc4ccccc4C2N3C)ccc1O,Inhibition,=,7.7,%,,,B,CHEMBL5032507,CHEMBL220
CHEMBL5086269,COc1cc(/C=C/C(=O)NCCCCCCNC(=O)Oc2ccc3c(c2)CN2CCc4ccccc4C2N3C)ccc1O,Inhibition,=,20.0,%,,,B,CHEMBL5032507,CHEMBL220
CHEMBL5079424,CN1c2ccc(OC(=O)NCCCCNC(=O)/C=C/c3ccccc3)cc2CN2CCc3ccccc3C21,Inhibition,=,6.1,%,,,B,CHEMBL5032507,CHEMBL220
CHEMBL5089028,CN1c2ccc(OC(=O)NCCCCCCNC(=O)/C=C/c3ccccc3)cc2CN2CCc3ccccc3C21,Inhibition,=,37.5,%,,,B,CHEMBL5032507,CHEMBL220
CHEMBL5087359,Cc1c(C)c2c(c(C)c1O)CCC(C)(C(=O)NCCCCNC(=O)Oc1ccc3c(c1)CN1CCc4ccccc4C1N3C)O2,Inhibition,=,15.2,%,,,B,CHEMBL5032507,CHEMBL220
CHEMBL5090856,Cc1c(C)c2c(c(C)c1O)CCC(C)(C(=O)NCCCCCCNC(=O)Oc1ccc3c(c1)CN1CCc4ccccc4C1N3C)O2,Inhibition,=,24.1,%,,,B,CHEMBL5032507,CHEMBL220
CHEMBL45,COc1ccc2[nH]cc(CCNC(C)=O)c2c1,Inhibition,,,%,,,B,CHEMBL5032507,CHEMBL220
CHEMBL27246,O=C(O)/C=C/c1ccccc1,Inhibition,,,%,,,B,CHEMBL5032507,CHEMBL220
CHEMBL32749,COc1cc(/C=C/C(=O)O)ccc1O,Inhibition,,,%,,,B,CHEMBL5032507,CHEMBL220
CHEMBL153,Cc1c(C)c2c(c(C)c1O)CCC(C)(C(=O)O)O2,Inhibition,,,%,,,B,CHEMBL5032507,CHEMBL220
CHEMBL5090753,C[C@H](O)[C@H]1NC(=O)[C@@H]2NC(=O)[C@@H](NC(=O)CN)CSSC[C@H](NC(=O)[C@H](CCCNC(=N)N)NC(=O)[C@@H]3CCCN3C(=O)[C@H](CC(O)O)NC1=O)C(=O)N[C@@H](CCCNC(=N)N)C(=O)N[C@@H](Cc1ccc(O)c(I)c1)C(=O)N[C@@H](CCC(N)=O)C(=O)N[C@H](C(=O)N[C@H](CC(=O)N[C@@H](CCCNC(=N)N)C(=O)O)Cc1ccc(O)cc1)CSCS2,Inhibition,=,8.9,%,,,B,CHEMBL5034007,CHEMBL220
CHEMBL4112929,C[C@@H]1CCC[C@H](n2cnc(-c3cc(Cl)ccc3-n3cc(Cl)nn3)cc2=O)c2cc(ccn2)-c2c(cnn2C(F)F)NC1=O,Inhibition,,,%,,,B,CHEMBL5038606,CHEMBL220
CHEMBL5083017,OC[C@H]1O[C@@H](OCCCCc2ccc(O)c(/C=N/O)n2)[C@H](O)[C@@H](O)[C@@H]1O,Inhibition,=,97.0,%,,,B,CHEMBL5046293,CHEMBL220
CHEMBL2048623,Cc1cc(OC2CCS(=O)(=O)CC2)cc(C)c1-c1cccc(COc2ccc(CCC(=O)O)c(F)c2)c1,Inhibition,=,-15.0,%,,Not Active,B,CHEMBL5058642,CHEMBL220
CHEMBL5084426,COc1cnccc1Nc1nc(-c2nn(Cc3c(F)cc(OCCO)cc3F)c3ccccc23)ncc1OC,Inhibition,=,2.0,%,,Not Active,B,CHEMBL5058649,CHEMBL220
CHEMBL2152545,CCCCCCCNC(=O)Oc1ccc2c(c1)CN1CCc3ccccc3C1N2C,Inhibition,=,39.0,%,,,B,CHEMBL5108043,CHEMBL220
CHEMBL5183869,CCN(CC)C(=O)c1ccc2c(c1)nc(Cc1ccc(OC(=O)N3CCCC3)cc1)n2CCC(C)C,Inhibition,=,16.0,%,,,B,CHEMBL5108043,CHEMBL220
CHEMBL5170582,CCCCCCCNC(=O)Oc1ccc(Cc2nc3cc(C(=O)NCCC(C)C)ccc3n2CCC(C)C)cc1,Inhibition,=,55.0,%,,,B,CHEMBL5108043,CHEMBL220
CHEMBL5198516,CCCCCCCNC(=O)Oc1ccc(Cc2nc3cc(C(=O)Nc4ccccc4)ccc3n2CCC(C)C)cc1,Inhibition,=,49.0,%,,,B,CHEMBL5108043,CHEMBL220
CHEMBL5182984,CC1=Cc2c(C=O)c(O)c(C)c(O)c2CO1,Inhibition,=,-2.0,%,,,B,CHEMBL5113374,CHEMBL220
CHEMBL5182044,COC1(C)Cc2c(C=O)c(O)c(C)c(O)c2CO1,Inhibition,=,-1.0,%,,,B,CHEMBL5113374,CHEMBL220
CHEMBL5201938,CC1=Cc2c(C=O)c(O)c(Cc3c(O)c(C=O)c4c(c3O)COC(C)=C4)c(O)c2CO1,Inhibition,=,46.0,%,,,B,CHEMBL5113374,CHEMBL220
CHEMBL5185840,COC1(C)Cc2c(C=O)c(O)c(Cc3c(O)c(C=O)c4c(c3O)COC(C)(OC)C4)c(O)c2CO1,Inhibition,=,53.0,%,,,B,CHEMBL5113374,CHEMBL220
CHEMBL5177424,COC1(C)Cc2c(C=O)c(O)c(Cc3c(O)c(C=O)c4c(c3O)COC(C)=C4)c(O)c2CO1,Inhibition,=,55.0,%,,,B,CHEMBL5113374,CHEMBL220
CHEMBL5187324,CN(CCCOc1ccc([N+](=O)[O-])cc1)C(=O)c1cnc(CC(=O)c2cccs2)nc1,Inhibition,,,%,,,B,CHEMBL5113467,CHEMBL220
CHEMBL748,C[n+]1ccccc1/C=N/O.[Cl-],Inhibition,=,67.0,%,,,B,CHEMBL5120744,CHEMBL220
CHEMBL5177625,COc1ccc(CCc2cc(=O)c3c(o2)[C@@H](O)[C@H](O)[C@H](O)[C@H]3OC)cc1,Inhibition,=,17.5,%,,,B,CHEMBL5126554,CHEMBL220
CHEMBL5193301,CO[C@@H]1c2c(oc(CCc3ccccc3)cc2=O)[C@H](O)[C@@H](O)[C@H]1O,Inhibition,=,17.5,%,,,B,CHEMBL5126554,CHEMBL220
CHEMBL5204447,O=c1cc(CCc2ccccc2)oc2c1[C@H](O)[C@@H](O)[C@H]1O[C@@H]21,Inhibition,=,17.5,%,,,B,CHEMBL5126554,CHEMBL220
CHEMBL5182277,COc1ccc(CCc2cc(=O)c3c(o2)[C@H]2O[C@H]2[C@@H](O)[C@@H]3O)cc1,Inhibition,=,17.5,%,,,B,CHEMBL5126554,CHEMBL220
CHEMBL5176208,COc1ccc(CCc2cc(=O)c3c(o2)[C@H]2O[C@H]2[C@@H](O)[C@@H]3O)cc1O,Inhibition,=,17.5,%,,,B,CHEMBL5126554,CHEMBL220
CHEMBL5189288,COc1ccc(CCc2cc(=O)c3c(o2)[C@@H]2O[C@@H]2[C@@H]2O[C@H]32)cc1O,Inhibition,=,17.5,%,,,B,CHEMBL5126554,CHEMBL220
CHEMBL95,Nc1c2c(nc3ccccc13)CCCC2,Inhibition,=,66.7,%,,,B,CHEMBL5126554,CHEMBL220
CHEMBL502,COc1cc2c(cc1OC)C(=O)C(CC1CCN(Cc3ccccc3)CC1)C2,Inhibition,=,19.8,%,,,B,CHEMBL5131437,CHEMBL220
CHEMBL5176418,CCN(CCCCCCn1nc(-c2cc(N(C)C)ccc2O)ccc1=O)Cc1ccccc1N(C)C,Inhibition,=,81.7,%,,,B,CHEMBL5131437,CHEMBL220
CHEMBL4642183,Cc1ccc(OCc2nc(CN(CC(C)C)C(=O)c3ccc4c(c3)OCO4)cs2)cc1,Inhibition,=,1.76,%,,,B,CHEMBL5131486,CHEMBL220
CHEMBL5171673,Cc1ccc(OCc2nc(CN(CC(C)C)C(=O)c3ccccc3)cs2)cc1,Inhibition,=,0.25,%,,,B,CHEMBL5131486,CHEMBL220
CHEMBL5188688,Cc1ccc(OCc2nc(CN(CC(C)C)C(=O)c3ccccc3F)cs2)cc1,Inhibition,=,-11.57,%,,,B,CHEMBL5131486,CHEMBL220
CHEMBL5199688,Cc1ccc(OCc2nc(CN(CC(C)C)C(=O)c3ccccc3C)cs2)cc1,Inhibition,=,-13.1,%,,,B,CHEMBL5131486,CHEMBL220
CHEMBL5201547,Cc1ccc(OCc2nc(CN(CC(C)C)C(=O)c3ccccc3Cl)cs2)cc1,Inhibition,=,-13.03,%,,,B,CHEMBL5131486,CHEMBL220
CHEMBL5181132,COc1ccccc1C(=O)N(Cc1csc(COc2ccc(C)cc2)n1)CC(C)C,Inhibition,=,2.25,%,,,B,CHEMBL5131486,CHEMBL220
CHEMBL5179257,Cc1ccc(OCc2nc(CN(CC(C)C)C(=O)c3ccc(F)cc3)cs2)cc1,Inhibition,=,-16.38,%,,,B,CHEMBL5131486,CHEMBL220
CHEMBL5181368,Cc1ccc(OCc2nc(CN(CC(C)C)C(=O)c3ccc(C)cc3)cs2)cc1,Inhibition,=,-13.36,%,,,B,CHEMBL5131486,CHEMBL220
CHEMBL5202706,Cc1ccc(OCc2nc(CN(CC(C)C)C(=O)c3ccc(Cl)cc3)cs2)cc1,Inhibition,=,-6.51,%,,,B,CHEMBL5131486,CHEMBL220
CHEMBL5197299,COc1ccc(C(=O)N(Cc2csc(COc3ccc(C)cc3)n2)CC(C)C)cc1,Inhibition,=,4.91,%,,,B,CHEMBL5131486,CHEMBL220
CHEMBL5179814,Cc1ccc(OCc2nc(CN(CC(C)C)C(=O)c3cccc(F)c3)cs2)cc1,Inhibition,=,0.51,%,,,B,CHEMBL5131486,CHEMBL220
CHEMBL5175228,Cc1ccc(OCc2nc(CN(CC(C)C)C(=O)c3cccc(C)c3)cs2)cc1,Inhibition,=,-5.65,%,,,B,CHEMBL5131486,CHEMBL220
CHEMBL5188242,Cc1ccc(OCc2nc(CN(CC(C)C)C(=O)c3cccc(Cl)c3)cs2)cc1,Inhibition,=,-3.62,%,,,B,CHEMBL5131486,CHEMBL220
CHEMBL5203782,COc1cccc(C(=O)N(Cc2csc(COc3ccc(C)cc3)n2)CC(C)C)c1,Inhibition,=,1.46,%,,,B,CHEMBL5131486,CHEMBL220
CHEMBL5204627,Cc1ccc(OCc2nc(CN(CC(C)C)C(=O)c3c(F)cccc3F)cs2)cc1,Inhibition,=,0.18,%,,,B,CHEMBL5131486,CHEMBL220
CHEMBL5189980,Cc1ccc(OCc2nc(CN(CC(C)C)C(=O)c3cccs3)cs2)cc1,Inhibition,=,-0.31,%,,,B,CHEMBL5131486,CHEMBL220
CHEMBL5170728,Cc1ccc(OCc2nc(CN(CC(C)C)C(=O)c3ccco3)cs2)cc1,Inhibition,=,1.61,%,,,B,CHEMBL5131486,CHEMBL220
CHEMBL5191237,CC(=O)N(Cc1csc(COc2ccc(C)cc2)n1)CC(C)C,Inhibition,=,19.94,%,,,B,CHEMBL5131486,CHEMBL220
CHEMBL5169370,CCCC(=O)N(Cc1csc(COc2ccc(C)cc2)n1)CC(C)C,Inhibition,=,21.17,%,,,B,CHEMBL5131486,CHEMBL220
CHEMBL5198651,CCCCCC(=O)N(Cc1csc(COc2ccc(C)cc2)n1)CC(C)C,Inhibition,=,2.55,%,,,B,CHEMBL5131486,CHEMBL220
CHEMBL5205279,CCC(=O)N(Cc1csc(COc2ccc(C)cc2)n1)CC(C)C,Inhibition,=,-2.4,%,,,B,CHEMBL5131486,CHEMBL220
CHEMBL5193588,COc1ccc(OCc2nc(CN(CC(C)C)C(=O)c3ccc4c(c3)OCO4)cs2)cc1,Inhibition,=,-5.49,%,,,B,CHEMBL5131486,CHEMBL220
CHEMBL5172666,CC(C)CN(Cc1csc(COc2ccc(F)cc2)n1)C(=O)c1ccc2c(c1)OCO2,Inhibition,=,-9.02,%,,,B,CHEMBL5131486,CHEMBL220
CHEMBL5207646,CC(C)CN(Cc1csc(COc2ccc(Cl)cc2)n1)C(=O)c1ccc2c(c1)OCO2,Inhibition,=,-9.46,%,,,B,CHEMBL5131486,CHEMBL220
CHEMBL5175426,CC(C)CN(Cc1csc(COc2ccc(C(F)(F)F)cc2)n1)C(=O)c1ccc2c(c1)OCO2,Inhibition,=,1.71,%,,,B,CHEMBL5131486,CHEMBL220
CHEMBL5183433,COCc1nc(CN(CC(C)C)C(=O)c2ccc3c(c2)OCO3)cs1,Inhibition,=,4.72,%,,,B,CHEMBL5131486,CHEMBL220
CHEMBL5195915,CN(Cc1csc(COc2ccc(F)cc2)n1)C(=O)c1ccc2c(c1)OCO2,Inhibition,=,12.79,%,,,B,CHEMBL5131486,CHEMBL220
CHEMBL5171395,Cc1ccc(OCc2nc(CN(CC(C)C)C(=O)S(=O)(=O)c3ccccc3)cs2)cc1,Inhibition,=,11.98,%,,,B,CHEMBL5131486,CHEMBL220
CHEMBL5175357,CC(C)CN(Cc1csc(COc2ccc(F)cc2)n1)C(=O)S(=O)(=O)c1ccccc1,Inhibition,=,9.12,%,,,B,CHEMBL5131486,CHEMBL220
CHEMBL5200488,Cc1ccc(OCc2nc(CN(CC(C)C)C(=O)S(=O)(=O)c3ccc(C)cc3)cs2)cc1,Inhibition,=,10.13,%,,,B,CHEMBL5131486,CHEMBL220
CHEMBL5208084,Cc1ccc(S(=O)(=O)C(=O)N(Cc2csc(COc3ccc(F)cc3)n2)CC(C)C)cc1,Inhibition,=,14.26,%,,,B,CHEMBL5131486,CHEMBL220
CHEMBL5169889,Cc1ccc(OCc2nc(CN(CC(C)C)C(=O)S(=O)(=O)c3ccc4ccccc4c3)cs2)cc1,Inhibition,=,18.67,%,,,B,CHEMBL5131486,CHEMBL220
CHEMBL5191915,CC(C)CN(Cc1csc(COc2ccc(F)cc2)n1)C(=O)S(=O)(=O)c1ccc2ccccc2c1,Inhibition,=,20.86,%,,,B,CHEMBL5131486,CHEMBL220
CHEMBL5170436,Cc1ccc(OCc2nc(CN(CC(C)C)C(=O)S(=O)(=O)c3cccnc3)cs2)cc1,Inhibition,=,16.53,%,,,B,CHEMBL5131486,CHEMBL220
CHEMBL5195029,CN(Cc1ccccc1)Cc1ccc(CCCCCCCCO)cc1O,Inhibition,=,19.4,%,,,B,CHEMBL5136960,CHEMBL220
CHEMBL5176423,CCN(CC)Cc1ccc(CCCCCCCCO)cc1O,Inhibition,=,12.4,%,,,B,CHEMBL5136960,CHEMBL220
CHEMBL5192958,OCCCCCCCCc1ccc(CN2CCCC2)c(O)c1,Inhibition,=,31.1,%,,,B,CHEMBL5136960,CHEMBL220
CHEMBL5183866,OCCCCCCCCc1ccc(CN2CCCCC2)c(O)c1,Inhibition,=,40.5,%,,,B,CHEMBL5136960,CHEMBL220
CHEMBL5200192,OCCCCCCCCc1ccc(CN2CCSCC2)c(O)c1,Inhibition,=,12.1,%,,,B,CHEMBL5136960,CHEMBL220
CHEMBL5198868,OCCCCCCCCc1ccc(CN2CCOCC2)c(O)c1,Inhibition,<,5.0,%,,,B,CHEMBL5136960,CHEMBL220
CHEMBL5193219,OCCCCCCCCc1ccc(CN2CCNCC2)c(O)c1,Inhibition,<,10.0,%,,,B,CHEMBL5136960,CHEMBL220
CHEMBL5180768,CN1CCN(Cc2ccc(CCCCCCCCO)cc2O)CC1,Inhibition,<,5.0,%,,,B,CHEMBL5136960,CHEMBL220
CHEMBL5174556,CC(=O)N1CCN(Cc2ccc(CCCCCCCCO)cc2O)CC1,Inhibition,<,10.0,%,,,B,CHEMBL5136960,CHEMBL220
CHEMBL5190179,OCCCCCCCCc1ccc(CN2CCCCCC2)c(O)c1,Inhibition,<,10.0,%,,,B,CHEMBL5136960,CHEMBL220
CHEMBL5185039,CCN(CC)Cc1ccccc1CNC(=O)c1cccc(NC(=O)c2cccs2)c1,Inhibition,=,17.67,%,,,B,CHEMBL5137095,CHEMBL220
CHEMBL5178677,Cc1ccccc1NC(=O)c1cccc(NC(=O)c2cccs2)c1,Inhibition,=,15.2,%,,,B,CHEMBL5137095,CHEMBL220
CHEMBL5179673,CN(C)Cc1ccccc1NC(=O)c1cccc(NC(=O)c2cccs2)c1,Inhibition,=,12.84,%,,,B,CHEMBL5137095,CHEMBL220
CHEMBL5185423,CCN(CC)Cc1ccccc1NC(=O)c1cccc(NC(=O)c2cccs2)c1,Inhibition,=,16.63,%,,,B,CHEMBL5137095,CHEMBL220
CHEMBL5186019,CCCN(CCC)Cc1ccccc1NC(=O)c1cccc(NC(=O)c2cccs2)c1,Inhibition,=,14.97,%,,,B,CHEMBL5137095,CHEMBL220
CHEMBL5200557,O=C(NCc1ccccc1)c1cccc(NC(=O)c2cccs2)c1,Inhibition,=,19.35,%,,,B,CHEMBL5137095,CHEMBL220
CHEMBL5173939,CN(C)Cc1ccccc1CNC(=O)c1cccc(NC(=O)c2cccs2)c1,Inhibition,=,28.69,%,,,B,CHEMBL5137095,CHEMBL220
CHEMBL5208367,CCCN(CCC)Cc1ccccc1CNC(=O)c1cccc(NC(=O)c2cccs2)c1,Inhibition,=,7.87,%,,,B,CHEMBL5137095,CHEMBL220
CHEMBL5185740,CCN(CC)Cc1cccc(CNC(=O)c2cccc(NC(=O)c3cccs3)c2)c1,Inhibition,=,15.11,%,,,B,CHEMBL5137095,CHEMBL220
CHEMBL5196163,CCN(CC)Cc1ccc(CNC(=O)c2cccc(NC(=O)c3cccs3)c2)cc1,Inhibition,=,61.17,%,,,B,CHEMBL5137095,CHEMBL220
CHEMBL95,Nc1c2c(nc3ccccc13)CCCC2,Inhibition,=,89.3,%,,,B,CHEMBL5137095,CHEMBL220
CHEMBL5201951,CCN(CC)Cc1ccccc1CNC(=O)c1cccc(NC(=O)c2ccco2)c1,Inhibition,=,20.32,%,,,B,CHEMBL5137095,CHEMBL220
CHEMBL5171447,CCN(CC)Cc1ccccc1CNC(=O)c1cccc(NC(=O)C2CCCCC2)c1,Inhibition,=,11.89,%,,,B,CHEMBL5137095,CHEMBL220
CHEMBL5195383,CCN(CC)Cc1ccccc1CNC(=O)c1cccc(NC(=O)c2ccccc2)c1,Inhibition,=,8.7,%,,,B,CHEMBL5137095,CHEMBL220
CHEMBL5195228,CCN(CC)Cc1ccccc1CNC(=O)c1cccc(NC(=O)c2ccc(F)cc2)c1,Inhibition,=,14.31,%,,,B,CHEMBL5137095,CHEMBL220
CHEMBL5190745,CCN(CC)Cc1ccccc1CNC(=O)c1cccc(NC(=O)c2cccc(F)c2)c1,Inhibition,=,23.25,%,,,B,CHEMBL5137095,CHEMBL220
CHEMBL5198770,CCN(CC)Cc1ccccc1CNC(=O)c1cccc(NC(=O)c2ccccc2F)c1,Inhibition,=,11.44,%,,,B,CHEMBL5137095,CHEMBL220
CHEMBL5201163,CCN(CC)Cc1ccccc1CNC(=O)c1cccc(NC(=O)c2c(F)c(F)c(F)c(F)c2F)c1,Inhibition,=,8.99,%,,,B,CHEMBL5137095,CHEMBL220
CHEMBL5198895,CCN(CC)Cc1ccccc1CNC(=O)c1cccc(NC(=O)c2ccc(Cl)cc2)c1,Inhibition,=,3.92,%,,,B,CHEMBL5137095,CHEMBL220
CHEMBL5181960,CCN(CC)Cc1ccccc1CNC(=O)c1cccc(NC(=O)c2ccc(Br)cc2)c1,Inhibition,=,16.0,%,,,B,CHEMBL5137095,CHEMBL220
CHEMBL5200785,CCN(CC)Cc1ccccc1CNC(=O)c1cccc(NC(=O)c2ccc(I)cc2)c1,Inhibition,=,7.78,%,,,B,CHEMBL5137095,CHEMBL220
CHEMBL5195425,CCN(CC)Cc1ccccc1CNC(=O)c1cccc(NC(=O)c2ccc(C)cc2)c1,Inhibition,=,20.74,%,,,B,CHEMBL5137095,CHEMBL220
CHEMBL5188290,CCN(CC)Cc1ccccc1CNC(=O)c1cccc(NC(=O)c2ccc(OC)cc2)c1,Inhibition,=,4.21,%,,,B,CHEMBL5137095,CHEMBL220
CHEMBL5178120,CCN(CC)Cc1ccccc1CNC(=O)c1cccc(OC(=O)c2cccs2)c1,Inhibition,=,4.48,%,,,B,CHEMBL5137095,CHEMBL220
CHEMBL5188959,CCN(CC)Cc1ccccc1CNC(=O)c1cccc(NS(=O)(=O)c2cccs2)c1,Inhibition,=,2.27,%,,,B,CHEMBL5137095,CHEMBL220
CHEMBL5190491,CCN(CC)Cc1ccccc1CNC(=O)c1cccc(C(=O)Nc2cccs2)c1,Inhibition,=,6.25,%,,,B,CHEMBL5137095,CHEMBL220
CHEMBL5174262,CCN(CC)Cc1ccccc1CNC(=O)c1ccc(NC(=O)c2ccc(F)cc2)cc1,Inhibition,=,9.99,%,,,B,CHEMBL5137095,CHEMBL220
CHEMBL5201295,CCN(CC)Cc1ccccc1CNC(=O)c1ccccc1NC(=O)c1ccc(F)cc1,Inhibition,=,12.72,%,,,B,CHEMBL5137095,CHEMBL220
CHEMBL5169365,CCN(CC)Cc1ccccc1CNC(=O)c1ccc(Br)c(NC(=O)c2ccc(F)cc2)c1,Inhibition,=,15.8,%,,,B,CHEMBL5137095,CHEMBL220
CHEMBL5197490,CCN(CC)Cc1ccccc1CNC(=O)c1cc(Br)cc(NC(=O)c2ccc(F)cc2)c1,Inhibition,=,21.43,%,,,B,CHEMBL5137095,CHEMBL220
CHEMBL5182498,CCN(CC)Cc1ccccc1CNC(=O)c1cc(NC(=O)c2ccc(F)cc2)ccc1Br,Inhibition,=,14.09,%,,,B,CHEMBL5137095,CHEMBL220
CHEMBL5172504,CCN(CC)Cc1ccccc1CNC(=O)c1cccc(NC(=O)c2ccc(F)cc2)c1Br,Inhibition,=,15.83,%,,,B,CHEMBL5137095,CHEMBL220
CHEMBL5199323,CCN(CC)Cc1ccccc1CNC(=O)c1ccc(C)c(NC(=O)c2ccc(F)cc2)c1,Inhibition,=,13.69,%,,,B,CHEMBL5137095,CHEMBL220
CHEMBL5201089,CCN(CC)Cc1ccccc1CNC(=O)c1cc(C)cc(NC(=O)c2ccc(F)cc2)c1,Inhibition,=,22.33,%,,,B,CHEMBL5137095,CHEMBL220
CHEMBL5208374,CCN(CC)Cc1ccccc1CNC(=O)c1cc(NC(=O)c2ccc(F)cc2)ccc1C,Inhibition,=,21.86,%,,,B,CHEMBL5137095,CHEMBL220
CHEMBL5184944,CCN(CC)Cc1ccccc1CNC(=O)c1cccc(NC(=O)c2ccc(F)cc2)c1C,Inhibition,=,23.27,%,,,B,CHEMBL5137095,CHEMBL220
CHEMBL5183552,CCN(CC)Cc1ccccc1CNC(=O)c1cc(NC(=O)c2ccc(F)cc2)cc(OC)c1,Inhibition,=,20.37,%,,,B,CHEMBL5137095,CHEMBL220
CHEMBL5191236,CCN(CC)Cc1ccccc1CNC(=O)c1cc(F)cc(NC(=O)c2ccc(F)cc2)c1,Inhibition,=,32.03,%,,,B,CHEMBL5137095,CHEMBL220
CHEMBL5184728,CCN(CC)Cc1ccccc1CNC(=O)c1cc(Cl)cc(NC(=O)c2ccc(F)cc2)c1,Inhibition,=,13.92,%,,,B,CHEMBL5137095,CHEMBL220
CHEMBL5186949,CCN(CC)Cc1ccccc1CNC(=O)c1cc(C#N)cc(NC(=O)c2ccc(F)cc2)c1,Inhibition,=,16.91,%,,,B,CHEMBL5137095,CHEMBL220
CHEMBL5185696,CCN(CC)Cc1ccccc1CNC(=O)c1cc(NC(=O)c2ccc(F)cc2)cc([N+](=O)[O-])c1,Inhibition,=,17.43,%,,,B,CHEMBL5137095,CHEMBL220
CHEMBL5174951,CCN(CC)Cc1ccccc1CNC(=O)c1cc(NC(=O)c2ccc(F)cc2)cc(C(F)(F)F)c1,Inhibition,=,12.07,%,,,B,CHEMBL5137095,CHEMBL220
CHEMBL5170108,C[C@H](O)[C@H]1[C@H](OCCc2ccccc2)OC[C@@H]1C,Inhibition,,,%,,NA,B,CHEMBL5143697,CHEMBL220
CHEMBL5169629,C[C@H]1[C@H](OCCc2ccccc2)OC[C@@H]1[C@H](C)O,Inhibition,,,%,,NA,B,CHEMBL5143697,CHEMBL220
CHEMBL5193566,C[C@@H]1[C@@H](OCCc2ccccc2)O[C@H](C)[C@H]1CO,Inhibition,,,%,,NA,B,CHEMBL5143697,CHEMBL220
CHEMBL5204129,C[C@@H]1[C@H](OCCc2ccccc2)O[C@H](C)[C@H]1CO,Inhibition,,,%,,NA,B,CHEMBL5143697,CHEMBL220
CHEMBL5179402,CCOC(=O)CCC(=O)OCCc1ccccc1,Inhibition,,,%,,NA,B,CHEMBL5143697,CHEMBL220
CHEMBL5194104,C[C@@H]1[C@@H](OC[C@H]2[C@H](C)[C@@H](OCCc3ccccc3)O[C@@H]2C)O[C@H](C)[C@H]1CO,Inhibition,,,%,,NA,B,CHEMBL5143697,CHEMBL220
CHEMBL5203700,C[C@@H]1[C@H](OC[C@H]2[C@H](C)[C@H](OCCc3ccccc3)O[C@@H]2C)O[C@H](C)[C@H]1CO,Inhibition,,,%,,NA,B,CHEMBL5143697,CHEMBL220
CHEMBL5172524,C[C@@H]1[C@H](OCCc2ccccc2)O[C@H](C)[C@H]1CO[C@H]1O[C@H](C)[C@@H](CO)[C@@H]1C,Inhibition,,,%,,NA,B,CHEMBL5143697,CHEMBL220
CHEMBL5176809,O=C1CSc2cc(OCc3ccccc3)ccc2N1,Inhibition,,,%,,NA,B,CHEMBL5150027,CHEMBL220
CHEMBL5199383,O=C1CSc2cc(OCc3ccc(Cl)cc3)ccc2N1,Inhibition,,,%,,NA,B,CHEMBL5150027,CHEMBL220
CHEMBL5203446,Cc1ccc(COc2ccc3c(c2)SCC(=O)N3)cc1,Inhibition,,,%,,NA,B,CHEMBL5150027,CHEMBL220
CHEMBL5174014,N#Cc1ccc(COc2ccc3c(c2)SCC(=O)N3)cc1,Inhibition,,,%,,NA,B,CHEMBL5150027,CHEMBL220
CHEMBL5175823,O=C1CSc2cc(OCC3CCCCC3)ccc2N1,Inhibition,,,%,,NA,B,CHEMBL5150027,CHEMBL220
CHEMBL5194774,O=C1CSc2cc(OCCCc3ccccc3)ccc2N1,Inhibition,,,%,,NA,B,CHEMBL5150027,CHEMBL220
CHEMBL5170948,O=C1CSc2cc(OCCc3ccccc3)ccc2N1,Inhibition,,,%,,NA,B,CHEMBL5150027,CHEMBL220
CHEMBL5174857,O=C1CSc2cc(OCc3ccc(Br)cc3)ccc2N1,Inhibition,,,%,,NA,B,CHEMBL5150027,CHEMBL220
CHEMBL5199502,CCCOc1ccc2c(c1)SCC(=O)N2,Inhibition,,,%,,NA,B,CHEMBL5150027,CHEMBL220
CHEMBL5180307,O=C1CSc2cc(O)ccc2N1,Inhibition,,,%,,NA,B,CHEMBL5150027,CHEMBL220
CHEMBL103879,COc1ccc2c(c1)SCC(=O)N2,Inhibition,,,%,,NA,B,CHEMBL5150027,CHEMBL220
CHEMBL248594,CCCCC1OC(=O)c2ccccc21,Inhibition,<,5.0,%,,,B,CHEMBL5154748,CHEMBL220
CHEMBL5178355,CCCCC1OC(=O)c2cc(OCc3ccc(CN4CCCCC4)c(O)c3)ccc21,Inhibition,,,%,,,B,CHEMBL5154748,CHEMBL220
CHEMBL502,COc1cc2c(cc1OC)C(=O)C(CC1CCN(Cc3ccccc3)CC1)C2,Inhibition,,,%,,NA,B,CHEMBL5154822,CHEMBL220
CHEMBL5180947,COc1cc2c(cc1OC)S(=O)(=O)C(F)(CC1CCN(Cc3cccc(F)c3)CC1)C2,Inhibition,,,%,,NA,B,CHEMBL5154822,CHEMBL220
CHEMBL5180947,COc1cc2c(cc1OC)S(=O)(=O)C(F)(CC1CCN(Cc3cccc(F)c3)CC1)C2,Inhibition,,,%,,,B,CHEMBL5154822,CHEMBL220
CHEMBL5180947,COc1cc2c(cc1OC)S(=O)(=O)C(F)(CC1CCN(Cc3cccc(F)c3)CC1)C2,Inhibition,,,%,,,B,CHEMBL5154822,CHEMBL220
CHEMBL502,COc1cc2c(cc1OC)C(=O)C(CC1CCN(Cc3ccccc3)CC1)C2,Inhibition,,,%,,Dde,B,CHEMBL5154822,CHEMBL220
CHEMBL502,COc1cc2c(cc1OC)C(=O)C(CC1CCN(Cc3ccccc3)CC1)C2,Inhibition,,,%,,,B,CHEMBL5154822,CHEMBL220
CHEMBL5200705,FC1(F)CCN(c2nc3ccccc3c3c2ccn3Cc2cccc(Cl)c2)CC1,Inhibition,=,-6.7,%,,,B,CHEMBL5154849,CHEMBL220
CHEMBL5218952,C#CCN1CCC(CCc2cccc(OC(=O)N(C)CC)c2)CC1,Inhibition,=,50.2,%,,,B,CHEMBL5214927,CHEMBL220
CHEMBL5220219,C#CCN1CCC(CCc2cccc(OC(=O)Nc3ccccc3)c2)CC1,Inhibition,=,51.9,%,,,B,CHEMBL5214927,CHEMBL220
CHEMBL5218579,O=c1[nH]c2ccc(OCc3ccccc3)cc2c(=O)o1,Inhibition,,,%,,NA,B,CHEMBL5214951,CHEMBL220
CHEMBL5218784,O=c1[nH]c2ccc(OCc3ccc(Br)cc3)cc2c(=O)o1,Inhibition,,,%,,NA,B,CHEMBL5214951,CHEMBL220
CHEMBL5220277,Cc1ccc(COc2ccc3[nH]c(=O)oc(=O)c3c2)cc1,Inhibition,,,%,,NA,B,CHEMBL5214951,CHEMBL220
CHEMBL5218762,O=c1[nH]c2ccc(OCc3ccc4ccccc4c3)cc2c(=O)o1,Inhibition,,,%,,NA,B,CHEMBL5214951,CHEMBL220
CHEMBL5220071,O=c1[nH]c2ccc(OCc3cccc(Br)c3)cc2c(=O)o1,Inhibition,,,%,,NA,B,CHEMBL5214951,CHEMBL220
CHEMBL5219611,COc1cccc(COc2ccc3[nH]c(=O)oc(=O)c3c2)c1,Inhibition,,,%,,NA,B,CHEMBL5214951,CHEMBL220
CHEMBL5220349,O=c1[nH]c2ccc(OCc3cccc(I)c3)cc2c(=O)o1,Inhibition,,,%,,NA,B,CHEMBL5214951,CHEMBL220
CHEMBL5220869,O=c1[nH]c2ccc(OCc3cccc(C(F)(F)F)c3)cc2c(=O)o1,Inhibition,,,%,,NA,B,CHEMBL5214951,CHEMBL220
CHEMBL521,CC(C)Cc1ccc(C(C)C(=O)O)cc1,Inhibition,,,%,,,B,CHEMBL5223116,CHEMBL220
CHEMBL25,CC(=O)Oc1ccccc1C(=O)O,Inhibition,,,%,,,B,CHEMBL5223116,CHEMBL220
CHEMBL6,COc1ccc2c(c1)c(CC(=O)O)c(C)n2C(=O)c1ccc(Cl)cc1,Inhibition,,,%,,,B,CHEMBL5223116,CHEMBL220
CHEMBL154,COc1ccc2cc([C@H](C)C(=O)O)ccc2c1,Inhibition,,,%,,,B,CHEMBL5223116,CHEMBL220
CHEMBL5267382,CCCCCCCCO[C@H]1[C@H](OC(C)=O)[C@@H](Cn2c(=O)c3c(ncn3C)n(C)c2=O)OC(OC(C)=O)[C@@H]1OC(C)=O,Inhibition,=,66.5,%,,,B,CHEMBL5233206,CHEMBL220
CHEMBL5291066,CCCCCCCCO[C@H]1[C@H](OC(C)=O)[C@@H](Cn2c(=O)c3c(ncn3C)n(C)c2=O)OC(NS(C)(=O)=O)[C@@H]1OC(C)=O,Inhibition,=,28.3,%,,,B,CHEMBL5233206,CHEMBL220
CHEMBL5276191,COc1cccc(CN(C)CCCCCCCCCCCCn2cc(C=O)c3cc(OC)ccc32)c1,Inhibition,=,46.12,%,,,B,CHEMBL5236653,CHEMBL220
CHEMBL5282763,COc1ccc(CN(C)CCCCCCCCCCCCn2cc(C=O)c3cc(OC)ccc32)cc1,Inhibition,=,46.12,%,,,B,CHEMBL5236653,CHEMBL220
CHEMBL469444,CC(C)=CCc1cc2c(cc1O)O[C@H](c1ccc(O)cc1)CC2=O,Inhibition,=,34.0,%,,,B,CHEMBL5241074,CHEMBL220
CHEMBL4783450,COc1cc2c(cc1CC=C(C)C)C(=O)CC(c1ccc(O)cc1)O2,Inhibition,=,80.0,%,,,B,CHEMBL5241074,CHEMBL220
CHEMBL1231518,COc1cc(O)c(C(=O)/C=C/c2ccc(O)cc2)cc1CC=C(C)C,Inhibition,=,46.0,%,,,B,CHEMBL5241074,CHEMBL220
CHEMBL253467,CC(C)=CCc1c(O)ccc(C(=O)/C=C/c2ccc(O)cc2)c1O,Inhibition,=,83.0,%,,,B,CHEMBL5241074,CHEMBL220
CHEMBL5284112,CC1=Nc2cc(-c3ccccc3)nn2C(=O)/C1=N\Nc1ccc(C)cc1,Inhibition,=,12.0,%,,,B,CHEMBL5241120,CHEMBL220
CHEMBL5265768,Cc1ccc(N/N=C2\C(=O)n3nc(-c4ccccc4)cc3N=C2C(F)(F)F)cc1,Inhibition,=,11.6,%,,,B,CHEMBL5241120,CHEMBL220
CHEMBL95,Nc1c2c(nc3ccccc13)CCCC2,Inhibition,=,0.601,%,,,B,CHEMBL5241120,CHEMBL220
CHEMBL5276202,Cl.Oc1cccc2ccc(/C=C/C3=CCN(Cc4ccccc4C(F)(F)F)CC3)nc12,Inhibition,,,%,,,B,CHEMBL5247604,CHEMBL220
CHEMBL5279102,CC(C)C[C@@H](NC(=O)C1(C(F)(F)F)CCCCC1)C(=O)Nc1nnc(Cc2ccc(C#N)cc2)s1,Inhibition,=,72.0,%,,,B,CHEMBL5247643,CHEMBL220
CHEMBL5285026,CC(C)C[C@H](NC(=O)C1(C(F)(F)F)CCCCC1)C(=O)Nc1nnc(Cc2ccc(C#N)cc2)s1,Inhibition,=,75.0,%,,,B,CHEMBL5247643,CHEMBL220
CHEMBL5267602,CC(C)=CCc1cc2c(cc1O)O[C@@H](c1ccc(O)cc1)CC2=O,Inhibition,=,34.0,%,,,B,CHEMBL5252548,CHEMBL220
CHEMBL1551302,COc1cc2c(cc1CC=C(C)C)C(=O)C[C@@H](c1ccc(O)cc1)O2,Inhibition,=,81.0,%,,,B,CHEMBL5252548,CHEMBL220
CHEMBL462879,COc1c(O)cc2oc3cc(O)c(CC=C(C)C)c(O)c3c(=O)c2c1CCC(C)(C)O,Inhibition,=,12.9,%,,,B,CHEMBL5252548,CHEMBL220
CHEMBL5285108,CC(C)(O)[C@H]1CC[C@H](NC(=O)c2cnc3nc(C4CC4)ccc3c2)CC1,Inhibition,,,%,,,B,CHEMBL5260850,CHEMBL220
CHEMBL5306577,CCC[C@H]1CNCc2c1[nH]c(=O)c(C#N)c2N1CCC2(CC1)CC2,Inhibition,=,5.0,%,,,B,CHEMBL5303765,CHEMBL220
CHEMBL5435281,CN(CCC1CCCCCC1)Cc1c[nH]c2c(OC(=O)N(C)C)cccc12,Inhibition,,,%,,,B,CHEMBL5331096,CHEMBL220
CHEMBL5395691,CCN(C)C(=O)Oc1cccc2c(CN(C)CCC3CCCCCC3)c[nH]c12,Inhibition,,,%,,,B,CHEMBL5331096,CHEMBL220
CHEMBL5440735,CC(C)N(C)C(=O)Oc1cccc2c(CN(C)CCC3CCCCCC3)c[nH]c12,Inhibition,,,%,,,B,CHEMBL5331096,CHEMBL220
CHEMBL5429608,CN(CCC1CCCCCC1)Cc1c[nH]c2c(OC(=O)N(C)C(C)(C)C)cccc12,Inhibition,,,%,,,B,CHEMBL5331096,CHEMBL220
CHEMBL5396394,CN(CCC1CCCCCC1)Cc1c[nH]c2c(OC(=O)N(C)Cc3ccccc3)cccc12,Inhibition,,,%,,,B,CHEMBL5331096,CHEMBL220
CHEMBL5405929,CCN(CC)C(=O)Oc1cccc2c(CN(C)CCC3CCCCCC3)c[nH]c12,Inhibition,,,%,,,B,CHEMBL5331096,CHEMBL220
CHEMBL5407856,CC(C)N(C(=O)Oc1cccc2c(CN(C)CCC3CCCCCC3)c[nH]c12)C(C)C,Inhibition,,,%,,,B,CHEMBL5331096,CHEMBL220
CHEMBL5426763,CN(CCC1CCCCCC1)Cc1c[nH]c2c(OC(=O)N3CCCCC3)cccc12,Inhibition,,,%,,,B,CHEMBL5331096,CHEMBL220
CHEMBL5407369,CN(CCC1CCCCCC1)Cc1c[nH]c2c(OC(=O)N3CCOCC3)cccc12,Inhibition,,,%,,,B,CHEMBL5331096,CHEMBL220
CHEMBL5431791,C#CCN(C)C(=O)Oc1cccc2c(CN(C)CCC3CCCCCC3)c[nH]c12,Inhibition,,,%,,,B,CHEMBL5331096,CHEMBL220
CHEMBL5400593,C#CCCCN(C)C(=O)Oc1cccc2c(CN(C)CCC3CCCCCC3)c[nH]c12,Inhibition,,,%,,,B,CHEMBL5331096,CHEMBL220
CHEMBL5394478,C#CCCCCCCCCCN(C)C(=O)Oc1cccc2c(CN(C)CCC3CCCCCC3)c[nH]c12,Inhibition,,,%,,,B,CHEMBL5331096,CHEMBL220
CHEMBL5421921,C#CCN(CC)C(=O)Oc1cccc2c(CN(C)CCC3CCCCCC3)c[nH]c12,Inhibition,,,%,,,B,CHEMBL5331096,CHEMBL220
CHEMBL5399188,C#CCN(CC#C)C(=O)Oc1cccc2c(CN(C)CCC3CCCCCC3)c[nH]c12,Inhibition,,,%,,,B,CHEMBL5331096,CHEMBL220
CHEMBL5428978,C#CCN(C(=O)Oc1cccc2c(CN(C)CCC3CCCCCC3)c[nH]c12)C(C)C,Inhibition,,,%,,,B,CHEMBL5331096,CHEMBL220
CHEMBL5412829,CON(C)C(=O)Oc1cccc2c(CN(C)CCC3CCCCCC3)c[nH]c12,Inhibition,,,%,,,B,CHEMBL5331096,CHEMBL220
CHEMBL5435599,CN(CCC1CCCCCC1)Cc1c[nH]c2c(OC(=O)N(C)N(C)C)cccc12,Inhibition,,,%,,,B,CHEMBL5331096,CHEMBL220
CHEMBL5405546,CN(CCC1CCCCCC1)Cc1c[nH]c2cc(OC(=O)N(C)C)ccc12,Inhibition,,,%,,,B,CHEMBL5331096,CHEMBL220
CHEMBL5394683,CC(C)N(C(=O)Oc1ccc2c(CN(C)CCC3CCCCCC3)c[nH]c2c1)C(C)C,Inhibition,,,%,,,B,CHEMBL5331096,CHEMBL220
CHEMBL5410208,C#CCN(C)C(=O)Oc1ccc2c(CN(C)CCC3CCCCCC3)c[nH]c2c1,Inhibition,,,%,,,B,CHEMBL5331096,CHEMBL220
CHEMBL5405919,CN(C)C(=O)Oc1cccc2cc[nH]c12,Inhibition,,,%,,,B,CHEMBL5331096,CHEMBL220
CHEMBL5414324,CCN(C)C(=O)Oc1cccc2cc[nH]c12,Inhibition,,,%,,,B,CHEMBL5331096,CHEMBL220
CHEMBL5429001,CC(C)N(C(=O)Oc1cccc2cc[nH]c12)C(C)C,Inhibition,,,%,,,B,CHEMBL5331096,CHEMBL220
CHEMBL5396284,CCN(C)C(=O)Oc1ccc2c(c1)N(Cc1ccccc1)/C(=C/C(C)=O)S2,Inhibition,<,10.0,%,,,B,CHEMBL5335844,CHEMBL220
CHEMBL5408824,CCN(C)C(=O)Oc1ccc2c(c1)N(CCc1ccccc1)/C(=C/C(C)=O)S2,Inhibition,<,10.0,%,,,B,CHEMBL5335844,CHEMBL220
CHEMBL5417812,CCCCCCCNC(=O)Oc1ccc2c(c1)N(Cc1ccccc1)/C(=C/C(C)=O)S2,Inhibition,<,10.0,%,,,B,CHEMBL5335844,CHEMBL220
CHEMBL5402840,CCCCCCCNC(=O)Oc1ccc2c(c1)N(CCc1ccccc1)/C(=C/C(C)=O)S2,Inhibition,<,10.0,%,,,B,CHEMBL5335844,CHEMBL220
CHEMBL5402721,CCCCCCNC(=O)Oc1ccc2c(c1)N(Cc1ccccc1)/C(=C/C(C)=O)S2,Inhibition,<,10.0,%,,,B,CHEMBL5335844,CHEMBL220
CHEMBL5439093,Cc1ccccc1NC1=C([N+](=O)[O-])C2(NN1)C(=O)Nc1ccccc12,Inhibition,=,35.38,%,,,B,CHEMBL5357038,CHEMBL220
CHEMBL5399673,Cc1ccc(NC2=C([N+](=O)[O-])C3(NN2)C(=O)Nc2ccccc23)cc1,Inhibition,=,30.48,%,,,B,CHEMBL5357038,CHEMBL220
CHEMBL5394580,O=C1Nc2ccccc2C12NNC(Nc1ccc(O)cc1)=C2[N+](=O)[O-],Inhibition,=,40.96,%,,,B,CHEMBL5357038,CHEMBL220
CHEMBL5427320,COc1ccc(NC2=C([N+](=O)[O-])C3(NN2)C(=O)Nc2ccccc23)cc1,Inhibition,=,47.77,%,,,B,CHEMBL5357038,CHEMBL220
CHEMBL5406547,Cc1ccc(NC2=C([N+](=O)[O-])C3(NN2)C(=O)Nc2ccccc23)cc1C,Inhibition,=,29.44,%,,,B,CHEMBL5357038,CHEMBL220
CHEMBL5413533,O=C1Nc2ccccc2C12NNC(Nc1cccc(Cl)c1)=C2[N+](=O)[O-],Inhibition,=,75.47,%,,,B,CHEMBL5357038,CHEMBL220
CHEMBL5395443,O=C1Nc2ccccc2C12NNC(Nc1ccc(Cl)cc1)=C2[N+](=O)[O-],Inhibition,=,13.95,%,,,B,CHEMBL5357038,CHEMBL220
CHEMBL5398508,COc1ccc(NC2=C([N+](=O)[O-])C3(NN2)C(=O)Nc2ccc(OC)cc23)cc1,Inhibition,=,29.74,%,,,B,CHEMBL5357038,CHEMBL220
CHEMBL5416357,COc1ccc2c(c1)C1(NNC(Nc3ccc(C)c(C)c3)=C1[N+](=O)[O-])C(=O)N2,Inhibition,,,%,,,B,CHEMBL5357038,CHEMBL220
CHEMBL5397824,Cc1ccccc1NC1=C([N+](=O)[O-])C2(NN1)C(=O)Nc1ccc([N+](=O)[O-])cc12,Inhibition,=,71.57,%,,,B,CHEMBL5357038,CHEMBL220
CHEMBL5416407,COc1ccc(OC)c(NC2=C([N+](=O)[O-])C3(NN2)C(=O)Nc2ccc([N+](=O)[O-])cc23)c1,Inhibition,=,55.15,%,,,B,CHEMBL5357038,CHEMBL220
CHEMBL5415532,O=C1Nc2ccc([N+](=O)[O-])cc2C12NNC(Nc1ccc(Cl)cc1)=C2[N+](=O)[O-],Inhibition,=,65.89,%,,,B,CHEMBL5357038,CHEMBL220
CHEMBL5414221,Cc1ccccc1NC1=C([N+](=O)[O-])C2(NN1)C(=O)Nc1c(C(F)(F)F)cccc12,Inhibition,=,63.13,%,,,B,CHEMBL5357038,CHEMBL220
CHEMBL5428381,O=C1Nc2c(C(F)(F)F)cccc2C12NNC(Nc1cccc(Cl)c1)=C2[N+](=O)[O-],Inhibition,=,20.63,%,,,B,CHEMBL5357038,CHEMBL220
CHEMBL5393958,O=C1Nc2c(C(F)(F)F)cccc2C12NNC(Nc1cccc3ccccc13)=C2[N+](=O)[O-],Inhibition,=,39.07,%,,,B,CHEMBL5357038,CHEMBL220
CHEMBL5416710,Cc1ccccc1NC1=C([N+](=O)[O-])C2(NN1)C(=O)Nc1ccc(Cl)cc12,Inhibition,=,21.92,%,,,B,CHEMBL5357038,CHEMBL220
CHEMBL5433082,Cc1ccccc1NC1=C([N+](=O)[O-])C2(NN1)C(=O)Nc1ccc(Br)cc12,Inhibition,=,51.76,%,,,B,CHEMBL5357038,CHEMBL220
CHEMBL5413533,O=C1Nc2ccccc2C12NNC(Nc1cccc(Cl)c1)=C2[N+](=O)[O-],Inhibition,,,%,,,B,CHEMBL5357038,CHEMBL220
CHEMBL5413533,O=C1Nc2ccccc2C12NNC(Nc1cccc(Cl)c1)=C2[N+](=O)[O-],Inhibition,,,%,,Dose-Dependent Effect,B,CHEMBL5357038,CHEMBL220
CHEMBL5439067,COc1cccc(CNCCc2ccc(O)cc2)c1OCc1ccccc1,Inhibition,=,23.0,%,,,B,CHEMBL5360557,CHEMBL220
CHEMBL5440573,COc1cccc(/C=N/CCc2ccc(O)cc2)c1OCc1ccccc1,Inhibition,=,6.6,%,,,B,CHEMBL5360557,CHEMBL220
CHEMBL5431372,C=CCN(CCc1ccc(O)cc1)Cc1cccc(OC)c1OCc1ccccc1,Inhibition,=,1.6,%,,,B,CHEMBL5360557,CHEMBL220
CHEMBL5398025,C#CCN(CCc1ccc(O)cc1)Cc1cccc(OC)c1OCc1ccccc1,Inhibition,=,18.0,%,,,B,CHEMBL5360557,CHEMBL220
CHEMBL5401121,CCN(CCc1ccc(O)cc1)Cc1cccc(OC)c1OCc1ccccc1,Inhibition,=,0.0,%,,,B,CHEMBL5360557,CHEMBL220
CHEMBL5420880,CCCN(CCc1ccc(O)cc1)Cc1cccc(OC)c1OCc1ccccc1,Inhibition,=,0.0,%,,,B,CHEMBL5360557,CHEMBL220
CHEMBL5418052,C=CCOc1ccc(CCN(CC=C)Cc2cccc(OC)c2OCc2ccccc2)cc1,Inhibition,=,27.0,%,,,B,CHEMBL5360557,CHEMBL220
CHEMBL5397813,C#CCOc1ccc(CCN(CC=C)Cc2cccc(OC)c2OCc2ccccc2)cc1,Inhibition,=,24.0,%,,,B,CHEMBL5360557,CHEMBL220
CHEMBL5403494,C#CCOc1ccc(CCN(CC#C)Cc2cccc(OC)c2OCc2ccccc2)cc1,Inhibition,=,14.0,%,,,B,CHEMBL5360557,CHEMBL220
CHEMBL5427121,C#CCN(CCc1ccc(OCC=C)cc1)Cc1cccc(OC)c1OCc1ccccc1,Inhibition,=,6.7,%,,,B,CHEMBL5360557,CHEMBL220
CHEMBL5430829,CCOc1ccc(CCN(CC)Cc2cccc(OC)c2OCc2ccccc2)cc1,Inhibition,=,0.0,%,,,B,CHEMBL5360557,CHEMBL220
CHEMBL5404050,COc1cccc(CNCCc2ccccc2)c1OCc1ccccc1,Inhibition,=,30.0,%,,,B,CHEMBL5360557,CHEMBL220
CHEMBL5428694,COc1ccccc1CCNCc1cccc(OC)c1OCc1ccccc1,Inhibition,=,16.0,%,,,B,CHEMBL5360557,CHEMBL220
CHEMBL5416559,COc1cccc(CCNCc2cccc(OC)c2OCc2ccccc2)c1,Inhibition,=,16.0,%,,,B,CHEMBL5360557,CHEMBL220
CHEMBL5434763,COc1ccc(CCNCc2cccc(OC)c2OCc2ccccc2)cc1,Inhibition,=,19.0,%,,,B,CHEMBL5360557,CHEMBL220
CHEMBL5420342,C=CCN(CCc1ccccc1)Cc1cccc(OC)c1OCc1ccccc1,Inhibition,=,16.0,%,,,B,CHEMBL5360557,CHEMBL220
CHEMBL5400426,C#CCN(CCc1ccccc1)Cc1cccc(OC)c1OCc1ccccc1,Inhibition,=,25.0,%,,,B,CHEMBL5360557,CHEMBL220
CHEMBL5400996,C=CCN(CCc1ccccc1OC)Cc1cccc(OC)c1OCc1ccccc1,Inhibition,=,27.0,%,,,B,CHEMBL5360557,CHEMBL220
CHEMBL5394805,C#CCN(CCc1ccccc1OC)Cc1cccc(OC)c1OCc1ccccc1,Inhibition,=,25.0,%,,,B,CHEMBL5360557,CHEMBL220
CHEMBL5414976,C=CCN(CCc1cccc(OC)c1)Cc1cccc(OC)c1OCc1ccccc1,Inhibition,=,0.0,%,,,B,CHEMBL5360557,CHEMBL220
CHEMBL5428807,C#CCN(CCc1cccc(OC)c1)Cc1cccc(OC)c1OCc1ccccc1,Inhibition,=,0.0,%,,,B,CHEMBL5360557,CHEMBL220
CHEMBL5422439,C=CCN(CCc1ccc(OC)cc1)Cc1cccc(OC)c1OCc1ccccc1,Inhibition,=,5.6,%,,,B,CHEMBL5360557,CHEMBL220
CHEMBL5422164,C#CCN(CCc1ccc(OC)cc1)Cc1cccc(OC)c1OCc1ccccc1,Inhibition,=,11.0,%,,,B,CHEMBL5360557,CHEMBL220
CHEMBL5436185,CCN(CCc1ccccc1)Cc1cccc(OC)c1OCc1ccccc1,Inhibition,=,0.0,%,,,B,CHEMBL5360557,CHEMBL220
CHEMBL5441139,CCCN(CCc1ccccc1)Cc1cccc(OC)c1OCc1ccccc1,Inhibition,=,0.0,%,,,B,CHEMBL5360557,CHEMBL220
CHEMBL5438175,COc1ccccc1CCN(C)Cc1cccc(OC)c1OCc1ccccc1,Inhibition,=,0.0,%,,,B,CHEMBL5360557,CHEMBL220
CHEMBL5434452,CCN(CCc1ccccc1OC)Cc1cccc(OC)c1OCc1ccccc1,Inhibition,=,0.0,%,,,B,CHEMBL5360557,CHEMBL220
CHEMBL5429766,CCCN(CCc1ccccc1OC)Cc1cccc(OC)c1OCc1ccccc1,Inhibition,=,0.0,%,,,B,CHEMBL5360557,CHEMBL220
CHEMBL5425341,CCN(CCc1cccc(OC)c1)Cc1cccc(OC)c1OCc1ccccc1,Inhibition,=,0.0,%,,,B,CHEMBL5360557,CHEMBL220
CHEMBL5434796,CCCN(CCc1cccc(OC)c1)Cc1cccc(OC)c1OCc1ccccc1,Inhibition,=,0.0,%,,,B,CHEMBL5360557,CHEMBL220
CHEMBL5422875,COc1ccc(CCN(C)Cc2cccc(OC)c2OCc2ccccc2)cc1,Inhibition,=,0.0,%,,,B,CHEMBL5360557,CHEMBL220
CHEMBL5440083,CCN(CCc1ccc(OC)cc1)Cc1cccc(OC)c1OCc1ccccc1,Inhibition,=,0.0,%,,,B,CHEMBL5360557,CHEMBL220
CHEMBL5437254,CCCN(CCc1ccc(OC)cc1)Cc1cccc(OC)c1OCc1ccccc1,Inhibition,=,0.0,%,,,B,CHEMBL5360557,CHEMBL220
CHEMBL659,COc1ccc2c3c1O[C@H]1C[C@@H](O)C=C[C@@]31CCN(C)C2,Inhibition,=,80.0,%,,,B,CHEMBL5360557,CHEMBL220
CHEMBL94,CNC(=O)Oc1ccc2c(c1)[C@]1(C)CCN(C)[C@@H]1N2C,Inhibition,=,97.0,%,,,B,CHEMBL5360557,CHEMBL220
CHEMBL5403562,COc1cccc(CNCc2ccccc2)c1OCc1ccccc1,Inhibition,=,26.0,%,,,B,CHEMBL5360557,CHEMBL220
CHEMBL5431601,COc1cccc(CNCCCc2ccccc2)c1OCc1ccccc1,Inhibition,=,20.0,%,,,B,CHEMBL5360557,CHEMBL220
CHEMBL5433937,COc1cccc(CNCCCCc2ccccc2)c1OCc1ccccc1,Inhibition,=,21.0,%,,,B,CHEMBL5360557,CHEMBL220
CHEMBL5415204,COc1cccc(CNCC(C)c2ccccc2)c1OCc1ccccc1,Inhibition,=,17.0,%,,,B,CHEMBL5360557,CHEMBL220
CHEMBL5434636,COc1cccc(CNC(C)CCc2ccccc2)c1OCc1ccccc1,Inhibition,=,0.0,%,,,B,CHEMBL5360557,CHEMBL220
CHEMBL5399726,C=CCN(CCCc1ccccc1)Cc1cccc(OC)c1OCc1ccccc1,Inhibition,=,23.0,%,,,B,CHEMBL5360557,CHEMBL220
CHEMBL5417071,C#CCN(CCCc1ccccc1)Cc1cccc(OC)c1OCc1ccccc1,Inhibition,=,15.0,%,,,B,CHEMBL5360557,CHEMBL220
CHEMBL5418400,COc1cccc(CN(C)CCCc2ccccc2)c1OCc1ccccc1,Inhibition,=,9.0,%,,,B,CHEMBL5360557,CHEMBL220
CHEMBL5429690,CCN(CCCc1ccccc1)Cc1cccc(OC)c1OCc1ccccc1,Inhibition,=,0.0,%,,,B,CHEMBL5360557,CHEMBL220
CHEMBL5396049,CCCN(CCCc1ccccc1)Cc1cccc(OC)c1OCc1ccccc1,Inhibition,=,10.0,%,,,B,CHEMBL5360557,CHEMBL220
CHEMBL5420941,C=CCCN(CCCc1ccccc1)Cc1cccc(OC)c1OCc1ccccc1,Inhibition,=,8.1,%,,,B,CHEMBL5360557,CHEMBL220
CHEMBL5404420,CCCCCCN(CCCc1ccccc1)Cc1cccc(OC)c1OCc1ccccc1,Inhibition,=,11.0,%,,,B,CHEMBL5360557,CHEMBL220
CHEMBL5408610,CCCCCCN(CCCCc1ccccc1)Cc1cccc(OC)c1OCc1ccccc1,Inhibition,=,15.0,%,,,B,CHEMBL5360557,CHEMBL220
CHEMBL5431265,CCCCCCCCCCCCCCN(CCCCc1ccccc1)Cc1cccc(OC)c1OCc1ccccc1,Inhibition,=,19.0,%,,,B,CHEMBL5360557,CHEMBL220
CHEMBL5417185,COc1cccc(CN(CCCCc2ccccc2)CCCC(C)C)c1OCc1ccccc1,Inhibition,=,0.0,%,,,B,CHEMBL5360557,CHEMBL220
CHEMBL5406889,CCCN(C/C=C/c1ccccc1)Cc1cccc(OC)c1OCc1ccccc1,Inhibition,=,0.0,%,,,B,CHEMBL5360557,CHEMBL220
CHEMBL5413699,CCCN(CCCc1ccccc1O)Cc1cccc(OC)c1OCc1ccccc1,Inhibition,=,0.0,%,,,B,CHEMBL5360557,CHEMBL220
CHEMBL5398273,CCCN(CCCc1cccc(O)c1)Cc1cccc(OC)c1OCc1ccccc1,Inhibition,=,0.0,%,,,B,CHEMBL5360557,CHEMBL220
CHEMBL5409611,CCCN(CCCc1ccc(O)cc1)Cc1cccc(OC)c1OCc1ccccc1,Inhibition,=,0.0,%,,,B,CHEMBL5360557,CHEMBL220
CHEMBL5424979,CCCN(CCCc1ccccc1F)Cc1cccc(OC)c1OCc1ccccc1,Inhibition,=,1.2,%,,,B,CHEMBL5360557,CHEMBL220
CHEMBL5402537,COc1cccc(CN(CCCc2ccccc2F)C2CCC2)c1OCc1ccccc1,Inhibition,=,0.0,%,,,B,CHEMBL5360557,CHEMBL220
CHEMBL5408893,COc1cccc(CN(CCCc2ccccc2F)C2CCCC2)c1OCc1ccccc1,Inhibition,=,4.4,%,,,B,CHEMBL5360557,CHEMBL220
CHEMBL5412993,CCCN(CCCc1cccc(F)c1)Cc1cccc(OC)c1OCc1ccccc1,Inhibition,=,4.7,%,,,B,CHEMBL5360557,CHEMBL220
CHEMBL5420247,CCCN(CCCc1ccc(F)cc1)Cc1cccc(OC)c1OCc1ccccc1,Inhibition,=,1.2,%,,,B,CHEMBL5360557,CHEMBL220
CHEMBL5396071,COc1cccc(C(c2ccc(F)cc2)N2CCN(c3cnccn3)CC2)c1O,Inhibition,,,%,,,B,CHEMBL5360577,CHEMBL220
CHEMBL5411115,Cc1ccc(C(c2ccccc2O)N2CCN(c3cnccn3)CC2)cc1,Inhibition,,,%,,,B,CHEMBL5360577,CHEMBL220
CHEMBL5394154,Oc1ccccc1C(c1ccc(C(F)(F)F)cc1)N1CCN(c2cnccn2)CC1,Inhibition,,,%,,,B,CHEMBL5360577,CHEMBL220
CHEMBL5394154,Oc1ccccc1C(c1ccc(C(F)(F)F)cc1)N1CCN(c2cnccn2)CC1,Inhibition,<,40.0,%,,,B,CHEMBL5360577,CHEMBL220
CHEMBL5393834,N#Cc1ccc2c(c1)CC[C@@H]2Nc1ccc2[nH]nc(-c3cnoc3)c2c1,Inhibition,=,-7.66,%,,,B,CHEMBL5365501,CHEMBL220
CHEMBL5441398,COc1ccc([C@H](Cc2nnn[nH]2)NC(=O)c2ncnc3[nH]ccc23)cc1,Inhibition,=,11.0,%,,,F,CHEMBL5442334,CHEMBL220
CHEMBL5441408,C[C@H](C(=O)O)[C@@H](NC(=O)c1ncnc2[nH]ccc12)c1ccc(Br)cc1,Inhibition,=,12.0,%,,,F,CHEMBL5442334,CHEMBL220
CHEMBL5441401,CNCc1cc(-c2cc3c(N[C@@H](c4ccc5c(c4)S(=O)(=O)CCC5)C(C)C)ncnc3[nH]2)co1,Inhibition,=,10.0,%,,,F,CHEMBL5442334,CHEMBL220
CHEMBL5441417,CC(C)[C@H](Nc1ncnc2[nH]ccc12)c1ccc2c(c1)S(=O)(=O)CCC2,Inhibition,=,12.0,%,,,F,CHEMBL5442334,CHEMBL220
CHEMBL5441391,Cn1ncc(-c2cc3c(N[C@@H](c4ccc5c(n4)OCCO5)C(C)(C)C)ncnc3[nH]2)c1C#N,Inhibition,=,14.0,%,,,F,CHEMBL5442334,CHEMBL220
CHEMBL5441413,CNC(=O)Cn1cc(-c2cc3c(N[C@@H](c4ccc5c(c4)S(=O)(=O)CCC5)C(C)C)ncnc3[nH]2)cn1,Inhibition,=,13.0,%,,,F,CHEMBL5442334,CHEMBL220
CHEMBL5441414,CC(C)[C@@H](Nc1ncnc2[nH]c(-c3cnn(C)c3C#N)cc12)c1ccc2c(n1)OCCO2,Inhibition,=,22.0,%,,,F,CHEMBL5442334,CHEMBL220
CHEMBL5441415,CC(C)[C@H](Nc1ncnc2[nH]c(-c3cnn(C)c3C#N)cc12)c1ccc2c(n1)OCCO2,Inhibition,=,15.0,%,,,F,CHEMBL5442334,CHEMBL220
CHEMBL5441396,CC(C)[C@@H](Nc1ncnc2[nH]c(C(=O)N[C@@H]3CCN(C)C3)cc12)c1ccc2c(c1)S(=O)(=O)CCC2,Inhibition,=,28.0,%,,,F,CHEMBL5442334,CHEMBL220
CHEMBL5441395,Cc1nn(C)cc1-c1cc2c(N[C@H](c3ccc4c(c3)S(=O)(=O)CCC4)C(C)C)ncnc2[nH]1,Inhibition,=,13.0,%,,,F,CHEMBL5442334,CHEMBL220
CHEMBL5465171,O=C1CCC(N2Cc3cc(C4CCN(C(=O)CCCCCN5CCC(c6ccc(Oc7nn8cnnc8c8c7CCCC8)cc6)CC5)CC4)ccc3C2=O)C(=O)N1,Inhibition,=,45.0,%,,,B,CHEMBL5463725,CHEMBL220
CHEMBL5465172,O=C1NCCCC1N1Cc2cc(C3CCN(C(=O)CCCCCN4CCC(c5ccc(Oc6nn7cnnc7c7c6CCCC7)cc5)CC4)CC3)ccc2C1=O,Inhibition,=,38.0,%,,,B,CHEMBL5463725,CHEMBL220
CHEMBL5410211,CNc1cc[n+](CCNC(=O)c2ccn3c(-c4c(C)noc4C)cnc3c2)cc1.[Cl-],Inhibition,=,14.8,%,,Not Active,B,CHEMBL5463728,CHEMBL220
CHEMBL4594444,C[C@H](O)c1nc(Cn2nc(-c3ccc(Cl)cc3)n(C[C@H](O)C(F)(F)F)c2=O)nn1-c1cccc(Cl)c1,Inhibition,=,2.0,%,,Not Active,B,CHEMBL5463729,CHEMBL220
CHEMBL5558744,CC(C)NCCCn1c2c(c3ccccc31)C(=O)NCCC2,Inhibition,<,40.0,%,,,B,CHEMBL5500348,CHEMBL220
CHEMBL5558492,O=C1NCCCc2c1c1ccccc1n2CCCCCN1CCN(CCc2ccccc2)CC1,Inhibition,=,20.0,%,,,B,CHEMBL5500348,CHEMBL220
CHEMBL5557312,O=C1NCCCc2c1c1ccccc1n2CCCCCCCN1CCN(CCc2ccccc2)CC1,Inhibition,=,39.0,%,,,B,CHEMBL5500348,CHEMBL220
CHEMBL5555058,COc1cc(NC(=O)Cn2nc(-c3ccccc3)c(-c3ccccc3)nc2=O)cc(OC)c1,Inhibition,,,%,,,B,CHEMBL5500364,CHEMBL220
CHEMBL5517663,COc1cc2ncnc(N3CCN(Cc4ccccc4)CC3)c2cc1OC,Inhibition,,,%,,,B,CHEMBL5500373,CHEMBL220
CHEMBL5555782,C#CCN(C)c1nc(NC2CCCCC2)c2ccc(Cl)cc2n1,Inhibition,=,3.0,%,,,B,CHEMBL5500373,CHEMBL220
CHEMBL5523420,COc1cc2cc(C(=O)NCCC3CCN(Cc4ccccc4)CC3)[nH]c2cc1OC,Inhibition,,,%,,,B,CHEMBL5505962,CHEMBL220
CHEMBL5559707,COc1ccc2[nH]cc(C(=O)NCCC3CCN(Cc4ccccc4)CC3)c2c1,Inhibition,,,%,,,B,CHEMBL5505962,CHEMBL220
CHEMBL5512588,CCN(CC)Cc1ccccc1CNC(=O)c1cccc(NC(=O)c2cccc(C(=O)NCCn3cc(CCC[N+]4=C(/C=C/C5=C6Oc7cc(OC(=O)C8CC8)ccc7C=C6CCC5)C(C)(C)c5ccccc54)nn3)c2)c1.[I-],Inhibition,=,12.3,%,,,B,CHEMBL5506010,CHEMBL220
CHEMBL5555537,CCn1c(CNC(=O)c2nc(Cl)cnc2N)[n+](CCO)c2cc(OCC(=O)N3CCN(C(C)=O)CC3)ccc21,Inhibition,=,75.0,%,,,B,CHEMBL5518182,CHEMBL220
CHEMBL5557789,CC[n+]1c(CNC(=O)c2nc(Cl)cnc2N)n(CC2CCOCC2)c2ccc(OCC(=O)N(Cc3nc(C)ccc3O)C[C@H](C)O)cc21,Inhibition,=,18.0,%,,,B,CHEMBL5518182,CHEMBL220
CHEMBL5557040,CCn1c(CNC(=O)c2nc(Cl)cnc2N)[n+](CC)c2cc(OCC(=O)NCCOCP(C)(C)=O)ccc21,Inhibition,=,29.0,%,,,B,CHEMBL5518182,CHEMBL220
CHEMBL5568038,CCn1c(CNC(=O)c2nc(Cl)cnc2N)[n+](CC)c2cc(C(=O)N3CCC(N(C)C)CC3)ccc21,Inhibition,=,11.0,%,,,B,CHEMBL5518182,CHEMBL220
CHEMBL5315634,CCn1c(CNC(=O)c2nc(Cl)cnc2N)[n+](CC)c2ccc(C(=O)N(C)CCN(C)C)cc21,Inhibition,=,44.0,%,,,B,CHEMBL5518182,CHEMBL220
CHEMBL95,Nc1c2c(nc3ccccc13)CCCC2,Inhibition,,,%,,,B,CHEMBL5528025,CHEMBL220
CHEMBL636,CCN(C)C(=O)Oc1cccc([C@H](C)N(C)C)c1,Inhibition,,,%,,,B,CHEMBL5528025,CHEMBL220
CHEMBL5562554,O=C(NCCCCCCNc1c2c(nc3cc(F)ccc13)CCCC2)Oc1ccc(-c2cc3cccnc3[nH]2)cc1,Inhibition,,,%,,,B,CHEMBL5528025,CHEMBL220
CHEMBL5575920,Oc1ccc(CCNCc2cccc(OCc3ccccc3)c2)cc1,Inhibition,,,%,,,B,CHEMBL5532688,CHEMBL220
CHEMBL5569558,COc1ccccc1CCNCc1cccc(OCc2ccccc2)c1,Inhibition,,,%,,,B,CHEMBL5532688,CHEMBL220
CHEMBL5569491,COc1cccc(CCNCc2cccc(OCc3ccccc3)c2)c1,Inhibition,,,%,,,B,CHEMBL5532688,CHEMBL220
CHEMBL5574269,COc1ccc(CCNCc2cccc(OCc3ccccc3)c2)cc1,Inhibition,,,%,,,B,CHEMBL5532688,CHEMBL220
CHEMBL5593710,C=CCN(CCc1ccc(O)cc1)Cc1cccc(OCc2ccccc2)c1,Inhibition,,,%,,,B,CHEMBL5532688,CHEMBL220
CHEMBL5569543,C=CCOc1ccc(CCN(CC=C)Cc2cccc(OCc3ccccc3)c2)cc1,Inhibition,,,%,,,B,CHEMBL5532688,CHEMBL220
CHEMBL5573509,C=CCOc1ccc(CCNCc2cccc(OCc3ccccc3)c2)cc1,Inhibition,,,%,,,B,CHEMBL5532688,CHEMBL220
CHEMBL5574108,Clc1cccc(NCc2cccc(OCc3ccccc3)c2)c1,Inhibition,,,%,,,B,CHEMBL5532688,CHEMBL220
CHEMBL5542214,c1ccc(CNCc2cccc(OCc3ccccc3)c2)cc1,Inhibition,,,%,,,B,CHEMBL5532688,CHEMBL220
CHEMBL5595382,COc1ccc(CNCc2cccc(OCc3ccccc3)c2)cc1OC,Inhibition,,,%,,,B,CHEMBL5532688,CHEMBL220
CHEMBL5570112,c1ccc(CCNCc2cccc(OCc3ccccc3)c2)cc1,Inhibition,,,%,,,B,CHEMBL5532688,CHEMBL220
CHEMBL5565859,c1ccc(CCCNCc2cccc(OCc3ccccc3)c2)cc1,Inhibition,,,%,,,B,CHEMBL5532688,CHEMBL220
CHEMBL5572728,CC(CNCc1cccc(OCc2ccccc2)c1)c1ccccc1,Inhibition,,,%,,,B,CHEMBL5532688,CHEMBL220
CHEMBL5583830,CCN(Cc1ccccc1)Cc1cccc(OCc2ccccc2)c1,Inhibition,,,%,,,B,CHEMBL5532688,CHEMBL220
CHEMBL5573018,C=CCN(Cc1ccccc1)Cc1cccc(OCc2ccccc2)c1,Inhibition,,,%,,,B,CHEMBL5532688,CHEMBL220
CHEMBL5567523,CCN(CCc1ccccc1)Cc1cccc(OCc2ccccc2)c1,Inhibition,,,%,,,B,CHEMBL5532688,CHEMBL220
CHEMBL5572568,CCCN(CCc1ccccc1)Cc1cccc(OCc2ccccc2)c1,Inhibition,,,%,,,B,CHEMBL5532688,CHEMBL220
CHEMBL5584035,C=CCN(CCc1ccccc1)Cc1cccc(OCc2ccccc2)c1,Inhibition,,,%,,,B,CHEMBL5532688,CHEMBL220
CHEMBL5575804,CCN(CCCc1ccccc1)Cc1cccc(OCc2ccccc2)c1,Inhibition,,,%,,,B,CHEMBL5532688,CHEMBL220
CHEMBL5592324,CCCN(CCCc1ccccc1)Cc1cccc(OCc2ccccc2)c1,Inhibition,,,%,,,B,CHEMBL5532688,CHEMBL220
CHEMBL5571944,C=CCN(CCCc1ccccc1)Cc1cccc(OCc2ccccc2)c1,Inhibition,,,%,,,B,CHEMBL5532688,CHEMBL220
CHEMBL5569929,Oc1ccc(CCNCc2ccc(OCc3ccccc3)cc2)cc1,Inhibition,,,%,,,B,CHEMBL5532688,CHEMBL220
CHEMBL5549821,COc1ccccc1CCNCc1ccc(OCc2ccccc2)cc1,Inhibition,,,%,,,B,CHEMBL5532688,CHEMBL220
CHEMBL5575979,COc1cccc(CCNCc2ccc(OCc3ccccc3)cc2)c1,Inhibition,,,%,,,B,CHEMBL5532688,CHEMBL220
CHEMBL1419000,COc1ccc(CCNCc2ccc(OCc3ccccc3)cc2)cc1,Inhibition,,,%,,,B,CHEMBL5532688,CHEMBL220
CHEMBL5569178,Clc1ccc(CCNCc2ccc(OCc3ccccc3)cc2)cc1,Inhibition,,,%,,,B,CHEMBL5532688,CHEMBL220
CHEMBL5564214,CCCN(CCc1ccc(O)cc1)Cc1ccc(OCc2ccccc2)cc1,Inhibition,,,%,,,B,CHEMBL5532688,CHEMBL220
CHEMBL5563911,CCCOc1ccc(CCN(CCC)Cc2ccc(OCc3ccccc3)cc2)cc1,Inhibition,,,%,,,B,CHEMBL5532688,CHEMBL220
CHEMBL82015,c1ccc(CNCc2ccc(OCc3ccccc3)cc2)cc1,Inhibition,,,%,,,B,CHEMBL5532688,CHEMBL220
CHEMBL5570153,c1ccc(COc2ccc(CNCc3ccccn3)cc2)cc1,Inhibition,,,%,,,B,CHEMBL5532688,CHEMBL220
CHEMBL5592832,c1ccc(CCNCc2ccc(OCc3ccccc3)cc2)cc1,Inhibition,,,%,,,B,CHEMBL5532688,CHEMBL220
CHEMBL5592896,c1ccc(COc2ccc(CNCCc3ccccn3)cc2)cc1,Inhibition,,,%,,,B,CHEMBL5532688,CHEMBL220
CHEMBL5565966,c1ccc(CCCNCc2ccc(OCc3ccccc3)cc2)cc1,Inhibition,,,%,,,B,CHEMBL5532688,CHEMBL220
CHEMBL5571938,c1ccc(CCCCNCc2ccc(OCc3ccccc3)cc2)cc1,Inhibition,,,%,,,B,CHEMBL5532688,CHEMBL220
CHEMBL5574354,CC(CNCc1ccc(OCc2ccccc2)cc1)c1ccccc1,Inhibition,,,%,,,B,CHEMBL5532688,CHEMBL220
CHEMBL5590894,CC(CCc1ccccc1)NCc1ccc(OCc2ccccc2)cc1,Inhibition,,,%,,,B,CHEMBL5532688,CHEMBL220
CHEMBL1617648,CCN(Cc1ccccc1)Cc1ccc(OCc2ccccc2)cc1,Inhibition,,,%,,,B,CHEMBL5532688,CHEMBL220
CHEMBL5564757,CCCN(Cc1ccccc1)Cc1ccc(OCc2ccccc2)cc1,Inhibition,,,%,,,B,CHEMBL5532688,CHEMBL220
CHEMBL5542170,CCCN(CCCc1ccccc1)Cc1ccc(OCc2ccccc2)cc1,Inhibition,,,%,,,B,CHEMBL5532688,CHEMBL220
CHEMBL5566551,CCN(Cc1ccc(OCc2ccccc2)cc1)C(C)CCc1ccccc1,Inhibition,,,%,,,B,CHEMBL5532688,CHEMBL220
CHEMBL5573545,CCCN(Cc1ccc(OCc2ccccc2)cc1)C(C)CCc1ccccc1,Inhibition,,,%,,,B,CHEMBL5532688,CHEMBL220
CHEMBL5591495,Cc1cc(NS(=O)(=O)c2ccc(-n3cc(COc4ccccc4-c4nc(-c5ccc(C(F)(F)F)cc5)no4)nn3)cc2)no1,Inhibition,,,%,,,B,CHEMBL5532757,CHEMBL220
CHEMBL5566925,CC(=NNC(=O)COc1ccccc1-c1nc(Cc2ccccc2)no1)c1nnn(-c2ccc(S(N)(=O)=O)cc2)c1C,Inhibition,,,%,,,B,CHEMBL5532757,CHEMBL220
CHEMBL5565640,CC(CCCCn1c(=O)c2c(ncn2C)n(C)c1=O)=NNC(=O)COc1ccccc1-c1nc(Cc2ccccc2)no1,Inhibition,,,%,,,B,CHEMBL5532757,CHEMBL220
CHEMBL5574747,COc1ccc(CCNC(=O)CCCCn2c(=O)c3ccccc3n(Cc3cccc(Cl)c3)c2=O)cc1OC,Inhibition,,,%,,,B,CHEMBL5537194,CHEMBL220
CHEMBL5594347,CCn1c(=O)c2sc(N3CCCC3)nc2n(CC(=O)Nc2cccc(Cl)c2C)c1=O,Inhibition,,,%,,,B,CHEMBL5537194,CHEMBL220
CHEMBL5569484,COc1ccc(-c2nc(-c3nnn(Cc4cccc(F)c4)c3C)no2)cc1OC,Inhibition,,,%,,,B,CHEMBL5537194,CHEMBL220
CHEMBL5572109,COc1ccc(-c2nc(-c3nnn(Cc4cccc(F)c4)c3C)no2)cc1,Inhibition,,,%,,,B,CHEMBL5537194,CHEMBL220
CHEMBL5573951,CCn1cc(-c2nc(C)c(C(=O)N3CCCCCC3)s2)c2cccnc21,Inhibition,,,%,,,B,CHEMBL5537194,CHEMBL220
CHEMBL5573291,O=C(CSc1cn(CC(=O)N2CCCC2)c2ccccc12)Nc1ccc(F)cc1F,Inhibition,,,%,,,B,CHEMBL5537194,CHEMBL220
CHEMBL5574138,COc1cc2c(cc1OC)C(C)N(C(=O)c1cc3c(s1)-c1ccccc1S(=O)(=O)C3)CC2,Inhibition,,,%,,,B,CHEMBL5537194,CHEMBL220
CHEMBL5568952,Cc1ccc(Nc2nc(C(=O)NCc3ccccc3)cc3occc23)cc1,Inhibition,,,%,,,B,CHEMBL5537194,CHEMBL220
CHEMBL5593400,COc1ccc2c(C)c(C(=O)N3CCCCC3)sc2c1,Inhibition,,,%,,,B,CHEMBL5537194,CHEMBL220
CHEMBL5575498,CCOc1ccc2ncc(S(=O)(=O)c3ccc(OC)cc3)c(N3CCC4(CC3)OCCO4)c2c1,Inhibition,,,%,,,B,CHEMBL5537194,CHEMBL220
CHEMBL5569676,Cc1ccccc1-c1nc(CN(C)C(=O)Nc2cccc(C)c2C)c(C)o1,Inhibition,,,%,,,B,CHEMBL5537194,CHEMBL220
CHEMBL5565903,Cc1cc(Nc2ccc(C(=O)N3CCCCC3)cc2)n2nc(-c3cccnc3)nc2n1,Inhibition,,,%,,,B,CHEMBL5537194,CHEMBL220
CHEMBL5572424,Cc1cc(=O)n(CC(=O)NCc2ccc(F)cc2)c(-c2ccc(F)cc2)n1,Inhibition,,,%,,,B,CHEMBL5537194,CHEMBL220
CHEMBL5567105,Cc1ccc(CN2Cc3cc4ccc(C)c(C)c4nc3OC2=O)o1,Inhibition,,,%,,,B,CHEMBL5537194,CHEMBL220
CHEMBL4095302,COc1ccc2ncc(S(=O)(=O)c3ccccc3)c(N3CCC(C)CC3)c2c1,Inhibition,,,%,,,B,CHEMBL5537194,CHEMBL220
CHEMBL5567018,COc1cccc(CN2CC=CCC(C3CCN(c4nc(C)cc(C)n4)CC3)C2=O)c1,Inhibition,,,%,,,B,CHEMBL5537194,CHEMBL220
CHEMBL5569141,CC(C)c1ccccc1OC(=O)NCCc1ccc2ccccc2c1,Inhibition,,,%,,,B,CHEMBL5537194,CHEMBL220
CHEMBL5572084,CC(C)CN1C(=O)CCc2cc(NC(=O)Cc3cccc(F)c3)ccc21,Inhibition,,,%,,,B,CHEMBL5537194,CHEMBL220
CHEMBL5573027,Cc1cc(NC(=O)C(=O)N2C[C@@H](C)CC[C@@H]2c2ccc3scnc3c2)cnc1N,Inhibition,,,%,,,B,CHEMBL5543141,CHEMBL220
CHEMBL5593307,CCCCCCNC(=O)Oc1ccc2c(c1)CN1CCc3ccc(/N=N\c4ccccc4)cc3C1N2C,Inhibition,=,54.9,%,,,B,CHEMBL5579820,CHEMBL220
CHEMBL5593385,CCCCCCNC(=O)Oc1ccc2c(c1)CN1CCc3ccc(/N=N/c4ccccc4)cc3C1N2C,Inhibition,=,28.5,%,,,B,CHEMBL5579820,CHEMBL220
CHEMBL5597242,CCOC(=O)C1=C(Nc2ccc(F)cc2)CC(c2ccc(F)cc2)N(c2ccc(F)cc2)C1c1ccc(F)cc1,Inhibition,,,%,,,B,CHEMBL5584230,CHEMBL220
CHEMBL5189796,Nc1n[nH]c2nc(-c3ccccc3)cc(-c3ccccc3)c12,Inhibition,=,4.2,%,,,B,CHEMBL5634147,CHEMBL220
CHEMBL5647144,Nc1n[nH]c2nc(-c3ccccc3)cc(-c3ccc(Br)cc3)c12,Inhibition,=,9.8,%,,,B,CHEMBL5634147,CHEMBL220
CHEMBL5200613,COc1ccc(-c2cc(-c3ccccc3)nc3[nH]nc(N)c23)cc1,Inhibition,=,1.0,%,,,B,CHEMBL5634147,CHEMBL220
CHEMBL5647542,COc1ccc(-c2cc(-c3ccccc3)nc3[nH]nc(N)c23)cc1OC,Inhibition,=,2.3,%,,,B,CHEMBL5634147,CHEMBL220
CHEMBL5639262,COc1cc(-c2cc(-c3ccccc3)nc3[nH]nc(N)c23)cc(OC)c1OC,Inhibition,=,11.6,%,,,B,CHEMBL5634147,CHEMBL220
CHEMBL5647220,COc1ccc(-c2cc(-c3ccc(Br)cc3)c3c(N)n[nH]c3n2)cc1,Inhibition,=,5.9,%,,,B,CHEMBL5634147,CHEMBL220
CHEMBL5177941,COc1ccc(-c2cc(-c3ccc(OC)cc3)c3c(N)n[nH]c3n2)cc1,Inhibition,=,84.2,%,,,B,CHEMBL5634147,CHEMBL220
CHEMBL5647393,COc1ccc(-c2cc(-c3ccc(OC)c(OC)c3)c3c(N)n[nH]c3n2)cc1,Inhibition,=,26.9,%,,,B,CHEMBL5634147,CHEMBL220
CHEMBL5639307,COc1ccc(-c2cc(-c3cc(OC)c(OC)c(OC)c3)c3c(N)n[nH]c3n2)cc1,Inhibition,=,3.6,%,,,B,CHEMBL5634147,CHEMBL220
CHEMBL5639827,Nc1n[nH]c2nc(-c3ccc(Br)cc3)cc(-c3ccc(Br)cc3)c12,Inhibition,=,131.1,%,,,B,CHEMBL5634147,CHEMBL220
CHEMBL5639721,COc1ccc(-c2cc(-c3ccc(Br)cc3)nc3[nH]nc(N)c23)cc1,Inhibition,=,63.0,%,,,B,CHEMBL5634147,CHEMBL220
CHEMBL5646721,COc1ccc(-c2cc(-c3ccc(Br)cc3)nc3[nH]nc(N)c23)cc1OC,Inhibition,=,140.4,%,,,B,CHEMBL5634147,CHEMBL220
CHEMBL5647222,COc1cc(-c2cc(-c3ccc(Br)cc3)nc3[nH]nc(N)c23)cc(OC)c1OC,Inhibition,=,34.9,%,,,B,CHEMBL5634147,CHEMBL220
CHEMBL4282264,CNC(=O)Nc1ccc2c(c1)CC[C@@]21OC(=O)N(CC(=O)N(Cc2ccc(F)cc2)[C@@H](C)C(F)(F)F)C1=O,Inhibition,=,-1.0,%,,,B,CHEMBL5649168,CHEMBL220
CHEMBL4536197,CNC(=O)Nc1ccc2c(c1)[C@@]1(CC2)OC(=O)N(CC(=O)N(Cc2ccc(F)cc2)[C@@H](C)C(F)(F)F)C1=O,Inhibition,=,8.0,%,,,B,CHEMBL5649168,CHEMBL220
CHEMBL3414622,O=C([C@@H](Cc1cccc(C(F)(F)F)c1)NS(=O)(=O)c1cc(F)c2c(c1)CCNC2)N1CCCC1,Inhibition,=,0.0,%,,,B,CHEMBL5705898,CHEMBL220
CHEMBL5575976,Cn1nccc1[C@]1(CNC(=O)c2ccc(F)c(F)c2-c2ccc(C(F)(F)F)cc2)NC(=O)NC1=O,Inhibition,=,3.0,%,,,B,CHEMBL5723583,CHEMBL220
CHEMBL6109014,Cc1ccc(-c2[nH]ncc2-c2cc(OCC(=O)Nc3ccc(Cl)cc3)ccc2O)cc1,Inhibition,,,%,,,B,CHEMBL6074692,CHEMBL220
CHEMBL6141700,COc1ccc(C(C)=O)c(OC(=O)N2CCCCC2)c1,Inhibition,,,%,,,B,CHEMBL6087398,CHEMBL220
CHEMBL6145135,COc1ccc(C(C)=O)c(OC(=O)N2CCC(C)CC2)c1,Inhibition,=,23.0,%,,,B,CHEMBL6087398,CHEMBL220
CHEMBL6147508,COc1ccc(C(C)=O)c(OC(=O)N(C)Cc2ccc(Cl)cc2)c1,Inhibition,,,%,,,B,CHEMBL6087398,CHEMBL220
CHEMBL6152755,COc1ccc(C(C)=O)c(OC(=O)N(C)Cc2ccc(F)cc2)c1,Inhibition,=,10.4,%,,,B,CHEMBL6087398,CHEMBL220
CHEMBL636,CCN(C)C(=O)Oc1cccc([C@H](C)N(C)C)c1,Inhibition,=,4.65,%,,,B,CHEMBL6087398,CHEMBL220
CHEMBL6133620,Cc1ccc(N/N=C(\C(=O)O)C(=O)C(F)F)cc1,Inhibition,=,10.2,%,,,B,CHEMBL6087406,CHEMBL220
CHEMBL6103028,O=C(O)/C(=N\Nc1ccccc1)C(=O)C(F)(F)F,Inhibition,=,16.5,%,,,B,CHEMBL6087406,CHEMBL220
CHEMBL6170278,Cc1ccc(N/N=C(\C(=O)O)C(=O)C(F)(F)C(F)F)cc1,Inhibition,,,%,,,B,CHEMBL6087406,CHEMBL220
CHEMBL6150702,COc1ccc(N/N=C(\C(=O)O)C(=O)C(F)(F)C(F)F)cc1,Inhibition,=,4.2,%,,,B,CHEMBL6087406,CHEMBL220
CHEMBL6167763,Cc1ccc(N/N=C(\C(=O)O)C(=O)C(F)(F)C(F)(F)F)cc1,Inhibition,=,10.2,%,,,B,CHEMBL6087406,CHEMBL220
CHEMBL6170841,Cc1ccc(N/N=C(\C(=O)O)C(=O)C(F)(F)C(F)(F)C(F)(F)F)cc1,Inhibition,=,14.7,%,,,B,CHEMBL6087406,CHEMBL220
CHEMBL6141953,COc1ccc(N/N=C(\C(=O)O)C(=O)C(F)(F)C(F)(F)C(F)(F)F)cc1,Inhibition,=,19.4,%,,,B,CHEMBL6087406,CHEMBL220
CHEMBL6162323,Cc1ccc(N/N=C(\C(=O)O)C(=O)C(F)(F)C(F)(F)C(F)(F)C(F)(F)F)cc1,Inhibition,=,9.8,%,,,B,CHEMBL6087406,CHEMBL220
CHEMBL6150239,COc1ccc(N/N=C(\C(=O)O)C(=O)C(F)(F)C(F)(F)C(F)(F)C(F)(F)F)cc1,Inhibition,=,4.4,%,,,B,CHEMBL6087406,CHEMBL220
CHEMBL6148372,CCOC(=O)c1ccccc1N/N=C(\C(=O)O)C(=O)C(F)(F)C(F)(F)C(F)(F)C(F)(F)F,Inhibition,=,24.0,%,,,B,CHEMBL6087406,CHEMBL220
CHEMBL5281415,CC(=O)/C(=N/Nc1ccccc1)C(=O)O,Inhibition,=,4.7,%,,,B,CHEMBL6087406,CHEMBL220
CHEMBL6133826,CCOC(=O)c1ccc(N/N=C(/C(C)=O)C(=O)O)cc1,Inhibition,,,%,,,B,CHEMBL6087406,CHEMBL220
CHEMBL6103149,CC(=O)/C(=N/Nc1ccc(C(=O)O)cc1)C(=O)O,Inhibition,=,5.8,%,,,B,CHEMBL6087406,CHEMBL220
CHEMBL1231178,O=[N+]([O-])c1ccc(OP(=O)(O)Oc2ccc([N+](=O)[O-])cc2)cc1,Inhibition,,,%,,,B,CHEMBL6087406,CHEMBL220
CHEMBL3417009,COc1cc(N)c(Cl)cc1C(=O)CCC1CCN(CC2CCCCC2)CC1,Inhibition,=,96.0,%,,,B,CHEMBL6092210,CHEMBL220
CHEMBL5905385,COc1cc(N)c(Br)cc1C(=O)CCC1CCN(CC2CCCCC2)CC1,Inhibition,=,98.0,%,,,B,CHEMBL6092210,CHEMBL220
CHEMBL6040839,COc1cc(N)c(I)cc1C(=O)CCC1CCN(CC2CCCCC2)CC1,Inhibition,=,88.0,%,,,B,CHEMBL6092210,CHEMBL220
CHEMBL5963054,COc1cc(N)ccc1C(=O)CCC1CCN(CC2CCCCC2)CC1,Inhibition,=,97.0,%,,,B,CHEMBL6092210,CHEMBL220
CHEMBL6030402,COc1cc(N)c(F)cc1C(=O)CCC1CCN(CC2CCCCC2)CC1,Inhibition,=,96.0,%,,,B,CHEMBL6092210,CHEMBL220
CHEMBL6149735,COc1cc(N)c(F)cc1C(=O)CCC1CCN(CC2CCCCC2)CC1.O=C(O)/C=C/C(=O)O,Inhibition,=,96.0,%,,,B,CHEMBL6092210,CHEMBL220
CHEMBL6102364,CCOc1cc(N)ccc1C(=O)CCC1CCN(CC2CCCCC2)CC1,Inhibition,=,93.0,%,,,B,CHEMBL6092210,CHEMBL220
CHEMBL6144808,Nc1ccc(C(=O)CCC2CCN(CC3CCCCC3)CC2)c(OCCF)c1,Inhibition,=,79.0,%,,,B,CHEMBL6092210,CHEMBL220
CHEMBL6166890,Nc1ccc(C(=O)CCC2CCN(CC3CCCCC3)CC2)cc1,Inhibition,=,78.0,%,,,B,CHEMBL6092210,CHEMBL220
CHEMBL6142005,COc1ccccc1C(=O)CCC1CCN(CC2CCCCC2)CC1,Inhibition,=,85.0,%,,,B,CHEMBL6092210,CHEMBL220
CHEMBL6120302,Nc1ccc(C(=O)CCC2CCN(CC3CCCCC3)CC2)cc1Cl,Inhibition,=,96.0,%,,,B,CHEMBL6092210,CHEMBL220
CHEMBL6166382,O=C(CCC1CCN(CC2CCCCC2)CC1)c1ccc(O)cc1,Inhibition,=,35.0,%,,,B,CHEMBL6092210,CHEMBL220
CHEMBL6151005,COc1cc(O)c(Cl)cc1C(=O)CCC1CCN(CC2CCCCC2)CC1,Inhibition,=,78.0,%,,,B,CHEMBL6092210,CHEMBL220
CHEMBL6148509,COc1c(C(=O)CCC2CCN(CC3CCCCC3)CC2)cc(F)c(N)c1Br,Inhibition,=,85.0,%,,,B,CHEMBL6092210,CHEMBL220
CHEMBL6149029,COc1c(C(=O)CCC2CCN(CC3CCCCC3)CC2)cc(F)c(N)c1I,Inhibition,=,89.0,%,,,B,CHEMBL6092210,CHEMBL220
CHEMBL6166329,CCOc1cc(N)c(I)cc1C(=O)CCC1CCN(CC2CCCCC2)CC1,Inhibition,=,51.0,%,,,B,CHEMBL6092210,CHEMBL220
CHEMBL6103147,Nc1cc(OCCF)c(C(=O)CCC2CCN(CC3CCCCC3)CC2)cc1I,Inhibition,=,45.0,%,,,B,CHEMBL6092210,CHEMBL220
CHEMBL6133128,COc1cc(NC(C)=O)c(Cl)cc1C(=O)CCC1CCN(CC2CCCCC2)CC1,Inhibition,=,98.0,%,,,B,CHEMBL6092210,CHEMBL220
CHEMBL6142452,CC(=O)Nc1cc(O)c(C(=O)CCC2CCN(CC3CCCCC3)CC2)cc1Cl,Inhibition,=,94.0,%,,,B,CHEMBL6092210,CHEMBL220
CHEMBL5755069,Nc1cc(O)c(C(=O)CCC2CCN(CC3CCCCC3)CC2)cc1Cl,Inhibition,=,93.0,%,,,B,CHEMBL6092210,CHEMBL220
CHEMBL5791030,CCOc1cc(N)c(Cl)cc1C(=O)CCC1CCN(CC2CCCCC2)CC1,Inhibition,=,69.0,%,,,B,CHEMBL6092210,CHEMBL220
CHEMBL5799857,Nc1cc(OCCF)c(C(=O)CCC2CCN(CC3CCCCC3)CC2)cc1Cl,Inhibition,=,60.0,%,,,B,CHEMBL6092210,CHEMBL220
CHEMBL6167437,[2H]C([2H])([2H])Oc1cc(N)c(Cl)cc1C(=O)CCC1CCN(CC2CCCCC2)CC1,Inhibition,=,92.0,%,,,B,CHEMBL6092210,CHEMBL220
CHEMBL6103114,N/C(=N\O)c1cccc(NC(=O)Nc2ccccc2)c1,Inhibition,=,47.91,%,,,B,CHEMBL6092212,CHEMBL220
CHEMBL6114910,Cc1cccc(NC(=O)Nc2cccc(/C(N)=N/O)c2)c1,Inhibition,=,42.53,%,,,B,CHEMBL6092212,CHEMBL220
CHEMBL6169278,Cc1ccc(NC(=O)Nc2cccc(/C(N)=N/O)c2)cc1,Inhibition,=,39.87,%,,,B,CHEMBL6092212,CHEMBL220
CHEMBL6150215,COc1ccccc1NC(=O)Nc1cccc(/C(N)=N/O)c1,Inhibition,=,48.95,%,,,B,CHEMBL6092212,CHEMBL220
CHEMBL6151653,N/C(=N\O)c1cccc(NC(=O)Nc2ccccc2Cl)c1,Inhibition,=,49.23,%,,,B,CHEMBL6092212,CHEMBL220
CHEMBL6148604,N/C(=N\O)c1cccc(NC(=O)Nc2ccccc2Br)c1,Inhibition,=,47.67,%,,,B,CHEMBL6092212,CHEMBL220
CHEMBL6148442,N/C(=N\O)c1cccc(NC(=O)Nc2cccc(F)c2)c1,Inhibition,,,%,,,B,CHEMBL6092212,CHEMBL220
CHEMBL6146847,COc1ccc2[nH]cc(CCNC(=O)Nc3cccc(/C(N)=N/O)c3)c2c1,Inhibition,,,%,,,B,CHEMBL6092212,CHEMBL220
CHEMBL6166202,C[C@@H]1CC[C@]2(C(=O)O)CC[C@]3(C)C(=CC[C@@H]4[C@@]5(C)C[C@@H](OC(=O)CCc6ccccc6)[C@H](OC(=O)CCc6ccccc6)[C@@](C)(CO)[C@@H]5CC[C@]43C)[C@@H]2[C@]1(C)O,Inhibition,,,%,,,B,CHEMBL6103578,CHEMBL220
CHEMBL6168124,C[C@@H]1CC[C@]2(C(=O)NCc3ccccc3Cl)CC[C@]3(C)C(=CC[C@@H]4[C@@]5(C)C[C@@H](O)[C@H](O)[C@@](C)(CO)[C@@H]5CC[C@]43C)[C@@H]2[C@]1(C)O,Inhibition,,,%,,,B,CHEMBL6103578,CHEMBL220
CHEMBL6165171,CO[C@@H]1CC(=O)O[C@@H]1[C@@H](OC(C)=O)[C@H](COC(=O)c1ccccc1)OC(C)=O,Inhibition,=,11.0,%,,,B,CHEMBL6103580,CHEMBL220
CHEMBL6166992,CO[C@@H]1CC(=O)O[C@@H]1[C@@H](OC(=O)c1ccccc1)[C@H](COC(=O)c1ccccc1)OC(=O)c1ccccc1,Inhibition,=,6.0,%,,,B,CHEMBL6103580,CHEMBL220
CHEMBL6143972,CO[C@@H]1CC(=O)O[C@@H]1[C@H]1OC(=O)O[C@H]1COC(=O)c1ccccc1,Inhibition,=,14.0,%,,,B,CHEMBL6103580,CHEMBL220
CHEMBL6168644,C=C[C@H](O)[C@H]1OC(=O)C[C@H]1OC,Inhibition,=,16.0,%,,,B,CHEMBL6103580,CHEMBL220
CHEMBL4096748,O=C1C[C@H]2O[C@H](CI)[C@H](O)[C@H]2O1,Inhibition,=,12.0,%,,,B,CHEMBL6103580,CHEMBL220
CHEMBL6144688,CO[C@H]1CC(=O)O[C@H]1[C@H](OC(C)=O)[C@@H](COC(=O)c1ccccc1)OC(C)=O,Inhibition,=,21.0,%,,,B,CHEMBL6103580,CHEMBL220
CHEMBL6146863,CO[C@H]1CC(=O)O[C@H]1[C@H](O)[C@H](O)COC(=O)c1ccccc1,Inhibition,=,10.0,%,,,B,CHEMBL6103580,CHEMBL220
CHEMBL6172915,C=C[C@@H](OCc1ccccc1)[C@@H]1OC(=O)C[C@@H]1O,Inhibition,=,11.0,%,,,B,CHEMBL6103580,CHEMBL220
CHEMBL6165674,CO[C@H]1CC(=O)O[C@H]1[C@H](OCc1ccccc1)[C@H](O)CO,Inhibition,=,20.0,%,,,B,CHEMBL6103580,CHEMBL220
CHEMBL6167478,O=C1C[C@@H]2O[C@@H](CI)[C@@H](O)[C@@H]2O1,Inhibition,=,13.0,%,,,B,CHEMBL6103580,CHEMBL220
CHEMBL659,COc1ccc2c3c1O[C@H]1C[C@@H](O)C=C[C@@]31CCN(C)C2,Inhibition,=,95.0,%,,,B,CHEMBL6103580,CHEMBL220
CHEMBL95,Nc1c2c(nc3ccccc13)CCCC2,Inhibition,=,96.0,%,,,B,CHEMBL6103580,CHEMBL220
CHEMBL6149564,Cl.O=P(O)(O)c1ccc2c(n1)CCNC2,Inhibition,,,%,,,B,CHEMBL6103656,CHEMBL220
CHEMBL659,COc1ccc2c3c1O[C@H]1C[C@@H](O)C=C[C@@]31CCN(C)C2,Inhibition,=,67.51,%,,,B,CHEMBL6121005,CHEMBL220
CHEMBL502,COc1cc2c(cc1OC)C(=O)C(CC1CCN(Cc3ccccc3)CC1)C2,Inhibition,=,97.45,%,,,B,CHEMBL6121005,CHEMBL220
CHEMBL636,CCN(C)C(=O)Oc1cccc([C@H](C)N(C)C)c1,Inhibition,=,81.4,%,,,B,CHEMBL6121005,CHEMBL220
CHEMBL6176254,COc1ccc2c3c1O[C@H]1C[C@@H](OC(=O)NC4CCN(Cc5ccccc5)CC4)C=C[C@@]31CCN(C)C2,Inhibition,=,97.94,%,,,B,CHEMBL6121005,CHEMBL220
CHEMBL6163761,COc1ccc2c3c1O[C@H]1C[C@@H](OC(=O)NC4CCN(Cc5ccccc5F)CC4)C=C[C@@]31CCN(C)C2,Inhibition,=,95.36,%,,,B,CHEMBL6121005,CHEMBL220
CHEMBL6175088,COc1ccc2c3c1O[C@H]1C[C@@H](OC(=O)NC4CCN(Cc5cccc(F)c5)CC4)C=C[C@@]31CCN(C)C2,Inhibition,=,89.91,%,,,B,CHEMBL6121005,CHEMBL220
CHEMBL6177357,COc1ccc2c3c1O[C@H]1C[C@@H](OC(=O)NC4CCN(Cc5ccc(F)cc5)CC4)C=C[C@@]31CCN(C)C2,Inhibition,=,94.39,%,,,B,CHEMBL6121005,CHEMBL220
CHEMBL6152733,COc1ccc2c3c1O[C@H]1C[C@@H](OC(=O)NC4CCN(Cc5ccc(F)cc5F)CC4)C=C[C@@]31CCN(C)C2,Inhibition,=,85.88,%,,,B,CHEMBL6121005,CHEMBL220
CHEMBL6144948,COc1ccc2c3c1O[C@H]1C[C@@H](OC(=O)NC4CCN(Cc5ccc(C)cc5)CC4)C=C[C@@]31CCN(C)C2,Inhibition,=,38.86,%,,,B,CHEMBL6121005,CHEMBL220
CHEMBL6162108,COc1cc(CN2CCC(NC(=O)O[C@H]3C=C[C@@]45CCN(C)Cc6ccc(OC)c(c64)O[C@H]5C3)CC2)cc(OC)c1,Inhibition,=,37.07,%,,,B,CHEMBL6121005,CHEMBL220
CHEMBL6171343,COc1ccc2c3c1O[C@H]1C[C@@H](OC(=O)NC4CCN(Cc5cccc(C(F)(F)F)c5)CC4)C=C[C@@]31CCN(C)C2,Inhibition,=,93.72,%,,,B,CHEMBL6121005,CHEMBL220
CHEMBL6163165,COc1ccc2c3c1O[C@H]1C[C@@H](OC(=O)NC4CCN(Cc5ccc(Cl)cc5)CC4)C=C[C@@]31CCN(C)C2,Inhibition,=,35.29,%,,,B,CHEMBL6121005,CHEMBL220
CHEMBL6171337,COc1ccc2c3c1O[C@H]1C[C@@H](OC(=O)NC4CCN(Cc5ccc([N+](=O)[O-])cc5)CC4)C=C[C@@]31CCN(C)C2,Inhibition,=,34.15,%,,,B,CHEMBL6121005,CHEMBL220
CHEMBL6173079,COc1ccc2c3c1O[C@H]1C[C@@H](OC(=O)NC4CCN(Cc5ccc(C#N)cc5)CC4)C=C[C@@]31CCN(C)C2,Inhibition,=,32.81,%,,,B,CHEMBL6121005,CHEMBL220
CHEMBL6174933,COc1ccc2c3c1O[C@H]1C[C@@H](OC(=O)NC4CCN(Cc5ccc(OC(F)(F)F)cc5)CC4)C=C[C@@]31CCN(C)C2,Inhibition,=,96.29,%,,,B,CHEMBL6121005,CHEMBL220
CHEMBL6172143,COc1ccc2c3c1O[C@H]1C[C@@H](OCc4ccc(Cc5ccccc5)cn4)C=C[C@@]31CCN(C)C2,Inhibition,=,31.13,%,,,B,CHEMBL6121005,CHEMBL220
CHEMBL6175862,COc1ccc2c3c1O[C@H]1C[C@@H](OCc4ccc(Cc5ccccc5F)cn4)C=C[C@@]31CCN(C)C2,Inhibition,=,88.83,%,,,B,CHEMBL6121005,CHEMBL220
CHEMBL6172282,COc1ccc2c3c1O[C@H]1C[C@@H](OCc4ccc(Cc5cccc(F)c5)cn4)C=C[C@@]31CCN(C)C2,Inhibition,=,31.95,%,,,B,CHEMBL6121005,CHEMBL220
CHEMBL6148727,COc1ccc2c3c1O[C@H]1C[C@@H](OCc4ccc(Cc5ccc(F)cc5)cn4)C=C[C@@]31CCN(C)C2,Inhibition,=,28.54,%,,,B,CHEMBL6121005,CHEMBL220
CHEMBL6161649,COc1ccc2c3c1O[C@H]1C[C@@H](OCc4ccc(Cc5cccc(Cl)c5)cn4)C=C[C@@]31CCN(C)C2,Inhibition,=,77.51,%,,,B,CHEMBL6121005,CHEMBL220
CHEMBL6164894,COc1ccc2c3c1O[C@H]1C[C@@H](OCc4ccc(Cc5ccc(Cl)cc5)cn4)C=C[C@@]31CCN(C)C2,Inhibition,=,41.26,%,,,B,CHEMBL6121005,CHEMBL220
CHEMBL6160850,COc1ccc2c3c1O[C@H]1C[C@@H](OCc4ccc(Cc5ccc(C)cc5)cn4)C=C[C@@]31CCN(C)C2,Inhibition,=,37.07,%,,,B,CHEMBL6121005,CHEMBL220
CHEMBL6171117,COc1ccccc1Cc1ccc(CO[C@H]2C=C[C@@]34CCN(C)Cc5ccc(OC)c(c53)O[C@H]4C2)nc1,Inhibition,=,66.58,%,,,B,CHEMBL6121005,CHEMBL220
CHEMBL6168666,COc1cccc(Cc2ccc(CO[C@H]3C=C[C@@]45CCN(C)Cc6ccc(OC)c(c64)O[C@H]5C3)nc2)c1,Inhibition,=,44.52,%,,,B,CHEMBL6121005,CHEMBL220
CHEMBL6175066,COc1ccc(Cc2ccc(CO[C@H]3C=C[C@@]45CCN(C)Cc6ccc(OC)c(c64)O[C@H]5C3)nc2)cc1,Inhibition,=,32.47,%,,,B,CHEMBL6121005,CHEMBL220
CHEMBL6169763,COc1ccc2c3c1O[C@H]1C[C@@H](OC(=O)NCc4ccccc4)C=C[C@@]31CCN(C)C2,Inhibition,=,8.47,%,,,B,CHEMBL6121005,CHEMBL220
CHEMBL6168534,COc1ccc2c3c1O[C@H]1C[C@@H](OC(=O)NCc4ccccc4F)C=C[C@@]31CCN(C)C2,Inhibition,=,6.58,%,,,B,CHEMBL6121005,CHEMBL220
CHEMBL6152792,COc1ccc2c3c1O[C@H]1C[C@@H](OC(=O)NCc4cccc(F)c4)C=C[C@@]31CCN(C)C2,Inhibition,=,1.45,%,,,B,CHEMBL6121005,CHEMBL220
CHEMBL6176629,COc1ccc2c3c1O[C@H]1C[C@@H](OC(=O)NCc4ccc(F)cc4)C=C[C@@]31CCN(C)C2,Inhibition,=,6.64,%,,,B,CHEMBL6121005,CHEMBL220
CHEMBL6165500,COc1ccc2c3c1O[C@H]1C[C@@H](OC(=O)NCc4ccc(F)cc4F)C=C[C@@]31CCN(C)C2,Inhibition,=,11.45,%,,,B,CHEMBL6121005,CHEMBL220
CHEMBL6147333,COc1ccc2c3c1O[C@H]1C[C@@H](OC(=O)NCc4cc(F)cc(F)c4)C=C[C@@]31CCN(C)C2,Inhibition,=,4.8,%,,,B,CHEMBL6121005,CHEMBL220
CHEMBL6176853,COc1ccc2c3c1O[C@H]1C[C@@H](OC(=O)NCc4ccccc4C)C=C[C@@]31CCN(C)C2,Inhibition,=,10.33,%,,,B,CHEMBL6121005,CHEMBL220
CHEMBL6167698,COc1ccc2c3c1O[C@H]1C[C@@H](OC(=O)NCc4ccc(C)cc4)C=C[C@@]31CCN(C)C2,Inhibition,=,2.13,%,,,B,CHEMBL6121005,CHEMBL220
CHEMBL6173092,COc1ccc2c3c1O[C@H]1C[C@@H](OC(=O)NCc4ccc(C#N)cc4)C=C[C@@]31CCN(C)C2,Inhibition,=,3.25,%,,,B,CHEMBL6121005,CHEMBL220
CHEMBL6171521,COc1ccc2c3c1O[C@H]1C[C@@H](OC(=O)NCc4ccc(C(F)(F)F)cc4)C=C[C@@]31CCN(C)C2,Inhibition,=,12.66,%,,,B,CHEMBL6121005,CHEMBL220
CHEMBL6151324,COc1ccc2c3c1O[C@H]1C[C@@H](OC(=O)NCc4ccc(OC(F)(F)F)cc4)C=C[C@@]31CCN(C)C2,Inhibition,=,9.57,%,,,B,CHEMBL6121005,CHEMBL220
CHEMBL6175248,COc1ccc2c3c1O[C@H]1C[C@@H](OC(=O)NCc4ccc([N+](=O)[O-])cc4)C=C[C@@]31CCN(C)C2,Inhibition,=,1.47,%,,,B,CHEMBL6121005,CHEMBL220
CHEMBL6162541,COc1ccc(CNC(=O)O[C@H]2C=C[C@@]34CCN(C)Cc5ccc(OC)c(c53)O[C@H]4C2)cc1,Inhibition,=,8.36,%,,,B,CHEMBL6121005,CHEMBL220
CHEMBL6162382,COc1ccc2c3c1O[C@H]1C[C@@H](OC(=O)NCc4ccc5[nH]ccc5c4)C=C[C@@]31CCN(C)C2,Inhibition,=,2.58,%,,,B,CHEMBL6121005,CHEMBL220
CHEMBL6160645,COc1ccc2c3c1O[C@H]1C[C@@H](OC(=O)NCc4ccc5ccccc5c4)C=C[C@@]31CCN(C)C2,Inhibition,=,10.25,%,,,B,CHEMBL6121005,CHEMBL220
CHEMBL5280639,COc1ccc([C@@H]2c3[nH]c4ccccc4c3C[C@@H]3C(=O)N(CCC4CCN(Cc5ccccc5)CC4)CC(=O)N23)cc1,Inhibition,=,55.4,%,,,B,CHEMBL6127041,CHEMBL220
CHEMBL6176455,C#CCCCOc1c(CN2CCOCC2)cc(-c2cc(=O)c3ccccc3o2)cc1OC,Inhibition,=,55.09,%,,,B,CHEMBL6134795,CHEMBL220
CHEMBL6174158,C#CCOc1c(CN2CCOCC2)cc(-c2cc(=O)c3ccccc3o2)cc1OC,Inhibition,=,65.36,%,,,B,CHEMBL6134795,CHEMBL220
CHEMBL6167873,C#CCCOc1c(CN2CCOCC2)cc(-c2cc(=O)c3ccccc3o2)cc1OC,Inhibition,=,62.51,%,,,B,CHEMBL6134795,CHEMBL220
CHEMBL6161963,C#CCOc1c(CN2CCCCC2)cc(-c2cc(=O)c3ccccc3o2)cc1OC,Inhibition,=,68.91,%,,,B,CHEMBL6134795,CHEMBL220
CHEMBL6176220,C#CCCCOc1c(CN2CCCCC2)cc(-c2cc(=O)c3ccccc3o2)cc1OC,Inhibition,=,61.19,%,,,B,CHEMBL6134795,CHEMBL220
CHEMBL6171038,C#CCOc1c(CN2CCOCC2)cc(-c2cc(=O)c3ccccc3o2)cc1OCC,Inhibition,=,58.94,%,,,B,CHEMBL6134795,CHEMBL220
CHEMBL6171540,C#CCCOc1c(CN2CCOCC2)cc(-c2cc(=O)c3ccccc3o2)cc1OCC,Inhibition,=,67.73,%,,,B,CHEMBL6134795,CHEMBL220
CHEMBL6163837,C#CCCCOc1c(CN2CCOCC2)cc(-c2cc(=O)c3ccccc3o2)cc1OCC,Inhibition,=,57.33,%,,,B,CHEMBL6134795,CHEMBL220
CHEMBL6152852,C#CCCCOc1c(CN2CCCCC2)cc(-c2cc(=O)c3ccccc3o2)cc1OCC,Inhibition,=,75.74,%,,,B,CHEMBL6134795,CHEMBL220
CHEMBL6161426,C#CCOc1c(CN2CCOCC2)cc(-c2cc(=O)c3ccccc3o2)cc1CN1CCOCC1,Inhibition,=,67.96,%,,,B,CHEMBL6134795,CHEMBL220
CHEMBL6175583,C#CCCCOc1c(CN2CCOCC2)cc(-c2cc(=O)c3ccccc3o2)cc1CN1CCOCC1,Inhibition,=,66.65,%,,,B,CHEMBL6134795,CHEMBL220
CHEMBL6173562,C#CCOc1ccc(-c2cc(=O)c3ccccc3o2)cc1CN1CCOCC1,Inhibition,=,69.95,%,,,B,CHEMBL6134795,CHEMBL220
CHEMBL6174192,C#CCCCOc1ccc(-c2cc(=O)c3ccccc3o2)cc1CN1CCCCC1,Inhibition,=,83.13,%,,,B,CHEMBL6134795,CHEMBL220
CHEMBL6174600,C#CCCCOc1c(CN2CCCCC2)cc(-c2cc(=O)c3ccccc3o2)cc1CN1CCCCC1,Inhibition,=,71.94,%,,,B,CHEMBL6134795,CHEMBL220
CHEMBL6167858,C#CCCCOc1c(CN(C)Cc2ccccc2)cc(-c2cc(=O)c3ccccc3o2)cc1OC,Inhibition,=,53.26,%,,,B,CHEMBL6134795,CHEMBL220
CHEMBL6174871,C#CCCCOc1c(CN2CCN(Cc3ccccc3)CC2)cc(-c2cc(=O)c3ccccc3o2)cc1OC,Inhibition,=,66.73,%,,,B,CHEMBL6134795,CHEMBL220
CHEMBL6177532,C#CCCOc1c(CN2CCN(c3ccccc3)CC2)cc(-c2cc(=O)c3ccccc3o2)cc1OC,Inhibition,=,50.03,%,,,B,CHEMBL6134795,CHEMBL220
CHEMBL6162507,C#CCCCOc1c(CN2CCN(c3ccccc3)CC2)cc(-c2cc(=O)c3ccccc3o2)cc1OC,Inhibition,=,49.88,%,,,B,CHEMBL6134795,CHEMBL220
CHEMBL6170242,C#CCCCOc1c(CN2CCc3ccccc3C2)cc(-c2cc(=O)c3ccccc3o2)cc1OC,Inhibition,=,65.86,%,,,B,CHEMBL6134795,CHEMBL220
CHEMBL6174192,C#CCCCOc1ccc(-c2cc(=O)c3ccccc3o2)cc1CN1CCCCC1,Inhibition,,,%,,,B,CHEMBL6134795,CHEMBL220
CHEMBL6189606,COc1ccc(N2CCN(CC(=O)Nc3sc4c(c3C(N)=O)CCCC4)CC2)cc1,Inhibition,=,60.0,%,,,B,CHEMBL6182828,CHEMBL220
CHEMBL502,COc1cc2c(cc1OC)C(=O)C(CC1CCN(Cc3ccccc3)CC1)C2,Inhibition,=,40.0,%,,,B,CHEMBL6182828,CHEMBL220
CHEMBL6195034,CCNc1cc(C#Cc2ccc(OC3CCN(C(N)=O)CC3)cc2)ccn1,Inhibition,=,19.0,%,,Not Active,B,CHEMBL6193870,CHEMBL220
CHEMBL1080588,FC(F)c1ncn2c1Cn1ncnc1-c1cc(Br)ccc1-2,Inhibition,=,1.0,%,,Not Active,B,CHEMBL6193874,CHEMBL220
CHEMBL6195028,Cc1c(C#Cc2nc(C(N)=O)n(-c3cccnc3)c2C)ccnc1Cl,Inhibition,=,2.0,%,,,B,CHEMBL6193877,CHEMBL220
CHEMBL6195034,CCNc1cc(C#Cc2ccc(OC3CCN(C(N)=O)CC3)cc2)ccn1,Inhibition,=,19.0,%,,Not Active,B,CHEMBL6193870,CHEMBL220
CHEMBL1080588,FC(F)c1ncn2c1Cn1ncnc1-c1cc(Br)ccc1-2,Inhibition,=,1.0,%,,Not Active,B,CHEMBL6193874,CHEMBL220
CHEMBL6195028,Cc1c(C#Cc2nc(C(N)=O)n(-c3cccnc3)c2C)ccnc1Cl,Inhibition,=,2.0,%,,,B,CHEMBL6193877,CHEMBL220
